School,Private,Apps,Accept,Enroll,Top10perc,Top25perc,F.Undergrad,P.Undergrad,Outstate,Room.Board,Books,Personal,PhD,Terminal,S.F.Ratio,perc.alumni,Expend,Grad.Rate,Apps_trans,Accept_trans,Enroll_trans,Top10perc_trans,F.Undergrad_trans,P.Undergrad_trans,Outstate_trans,Books_trans,Personal_trans,PhD_trans,Terminal_trans,S.F.Ratio_trans,perc.alumni_trans,Expend_trans,Accept_Rate,Outstate_Tier,Outstate_Tier_ordinal,Private_binary,Apps_trans_scaled,Accept_trans_scaled,Enroll_trans_scaled,Top10perc_trans_scaled,F.Undergrad_trans_scaled,P.Undergrad_trans_scaled,Outstate_trans_scaled,Books_trans_scaled,Personal_trans_scaled,PhD_trans_scaled,Terminal_trans_scaled,S.F.Ratio_trans_scaled,perc.alumni_trans_scaled,Expend_trans_scaled,Accept_Rate_scaled,Outstate_Tier_ordinal_scaled,Private_binary_scaled
Abilene Christian University,Yes,1660,1232,721,23,52,2885,537,7440,3300,450,2200,70.0,78,18.1,12,7041,60,0.0277941705422539,0.04102778860141249,0.4933747902665227,-0.05311907203067916,0.4335994064806926,0.3001555111149258,-0.6934490715406573,-0.6142542982610626,1.271398499406051,-0.29078845475452025,-0.28237352323745246,1.0179463816947247,2.5649493574615367,-0.4911826984337565,0.7421686746987952,Medium,1,1,0.027794170542254505,0.04102778860141358,0.4933747902665214,-0.05311907203067917,0.4335994064806932,0.300155511114926,-0.6934490715406576,-0.6142542982610609,1.2713984994060503,-0.2907884547545203,-0.2823735232374524,1.0179463816947254,-0.7227012651918747,-0.4911826984337968,-0.032372339112454566,0.001818927581047415,0.6125530498969481
Adelphi University,Yes,2186,1924,512,16,29,2683,1227,12280,6450,750,1500,29.0,30,12.2,16,10527,56,0.2829202044206763,0.48582101160173247,0.14221363782557503,-0.5849046607537626,0.3653816194056265,0.8682389489526615,0.5562683365380878,1.302364976162053,0.45655088685874945,-2.1792584156981274,-2.2481293668347866,-0.43508339754859443,2.833213344056216,0.5523622369819016,0.8801463860933212,Medium,1,1,0.2829202044206769,0.4858210116017336,0.14221363782557378,-0.5849046607537627,0.3653816194056271,0.8682389489526617,0.5562683365380875,1.3023649761620546,0.45655088685874884,-2.1792584156981274,-2.2481293668347866,-0.4350833975485938,-0.28448920152158647,0.5523622369818613,0.9061926295687938,0.001818927581047415,0.6125530498969481
Adrian College,Yes,1428,1097,336,22,50,1036,99,11250,3750,400,1165,53.0,66,12.9,30,8735,54,-0.11391602631457266,-0.07704594401713064,-0.31597748127060915,-0.12094221917214973,-0.6367744332943975,-0.7272538841097257,0.32201070401890103,-1.0385747644412713,-0.0686551430120969,-1.2621836217050806,-1.0407110988557453,-0.250216479237428,3.4339872044851463,0.09639280596058714,0.7682072829131653,Medium,1,1,-0.11391602631457207,-0.07704594401712957,-0.3159774812706104,-0.12094221917214976,-0.636774433294397,-0.7272538841097255,0.32201070401890075,-1.0385747644412697,-0.06865514301209752,-1.2621836217050806,-1.0407110988557453,-0.2502164792374274,0.696881263144984,0.09639280596054683,0.14474993126166572,0.001818927581047415,0.6125530498969481
Agnes Scott College,Yes,417,349,137,60,89,510,63,12960,5450,450,875,92.0,97,7.7,37,19016,59,-1.3327694509817885,-1.2944460595624296,-1.3963882427162337,1.6144757210802627,-1.5312067984905093,-0.9740319705249556,0.7039260224445798,-0.6142542982610626,-0.6517337337792259,1.3613470368188663,1.3645882269351624,-1.7418718980861345,3.6375861597263857,1.7269972924922858,0.8369304556354916,High,2,1,-1.3327694509817878,-1.2944460595624288,-1.396388242716235,1.614475721080263,-1.531206798490509,-0.9740319705249554,0.7039260224445795,-0.6142542982610609,-0.6517337337792266,1.3613470368188663,1.3645882269351624,-1.7418718980861339,1.0294623131395182,1.7269972924922454,0.6122251618760879,1.4151256580548508,0.6125530498969481
Alaska Pacific University,Yes,193,146,55,16,44,249,869,7560,4120,800,1500,76.0,72,11.9,2,10922,15,-2.1530495876645794,-2.28760817896045,-2.659212451741713,-0.5849046607537626,-2.588900938355175,0.6254175275588524,-0.6567761844143083,1.5536080293455437,0.45655088685874945,0.11563079124223473,-0.6870519494859656,-0.5155706927336406,1.0986122886681098,0.6370436045066589,0.7564766839378239,Medium,1,1,-2.153049587664579,-2.2876081789604497,-2.6592124517417144,-0.5849046607537627,-2.5889009383551747,0.6254175275588526,-0.6567761844143086,1.5536080293455452,0.45655088685874884,0.11563079124223467,-0.6870519494859656,-0.5155706927336401,-3.1179783991407715,0.6370436045066186,0.06495494735718245,0.001818927581047415,0.6125530498969481
Albertson College,Yes,587,479,158,38,62,678,41,13500,3335,500,675,75.0,73,9.4,11,9727,55,-0.9831669114228417,-0.9481727218976559,-1.2145441681286067,0.7690207208177235,-1.155099050864925,-1.1985700260580425,0.817596785733177,-0.22919460362735344,-1.169758864790823,0.045592781487855547,-0.6232192944825511,-1.22018114926161,2.4849066497880004,0.3648514210769267,0.8160136286201022,High,2,1,-0.9831669114228412,-0.9481727218976549,-1.214544168128608,0.7690207208177237,-1.1550990508649246,-1.1985700260580423,0.8175967857331766,-0.2291946036273518,-1.1697588647908237,0.04559278148785549,-0.6232192944825511,-1.2201811492616093,-0.8534518760234878,0.3648514210768864,0.4699427534045053,1.4151256580548508,0.6125530498969481
Albertus Magnus College,Yes,353,340,103,17,45,416,230,13290,5720,500,1500,90.0,93,11.5,26,8861,63,-1.5063000160279125,-1.3233585876454554,-1.7722654573757635,-0.49946894118390567,-1.81506551206156,-0.2364992154928755,0.7737527961030578,-0.22919460362735344,0.45655088685874945,1.1927597836517578,0.9692990979140862,-0.6241261617099947,3.295836866004329,0.13304593063730474,0.9631728045325779,High,2,1,-1.5063000160279119,-1.3233585876454546,-1.7722654573757648,-0.4994689411839057,-1.8150655120615595,-0.23649921549287525,0.7737527961030575,-0.2291946036273518,0.45655088685874884,1.1927597836517578,0.9692990979140862,-0.6241261617099941,0.47121122188858366,0.13304593063726444,1.4709627437747088,1.4151256580548508,0.6125530498969481
Albion College,Yes,1899,1720,489,37,68,1594,32,13868,4826,450,850,89.0,100,13.7,37,11487,73,0.15310561817763538,0.375271178056192,0.09364363595121389,0.7226458157909567,-0.15706162447411606,-1.323847012672887,0.893359908024116,-0.6142542982610626,-0.7100928488284425,1.109844838622803,1.6789026453905742,-0.043655143285563025,3.6375861597263857,0.7502823344555288,0.9057398630858347,High,2,1,0.153105618177636,0.3752711780561931,0.09364363595121263,0.7226458157909568,-0.1570616244741155,-1.3238470126728867,0.8933599080241157,-0.6142542982610609,-0.7100928488284431,1.109844838622803,1.6789026453905742,-0.04365514328556244,1.0294623131395182,0.7502823344554885,1.0802869864699451,1.4151256580548508,0.6125530498969481
Albright College,Yes,1038,839,227,30,63,973,306,15595,4400,300,500,79.0,84,11.3,23,11644,80,-0.4193589015912839,-0.35347415993484516,-0.7700207147094392,0.36877700770497285,-0.7104745655794538,-0.06079782059427027,1.2322935057020183,-2.0483080496073764,-1.7565250578392297,0.33126661926272183,0.17590711389826053,-0.6789541283407586,3.1780538303479458,0.7802351502105344,0.8082851637764933,High,2,1,-0.4193589015912833,-0.35347415993484416,-0.7700207147094404,0.3687770077049729,-0.7104745655794532,-0.06079782059427003,1.2322935057020181,-2.0483080496073747,-1.7565250578392304,0.3312666192627218,0.17590711389826055,-0.6789541283407581,0.2788113855351543,0.780235150210494,0.4173714627910875,1.4151256580548508,0.6125530498969481
Alderson-Broaddus College,Yes,582,498,172,21,44,799,78,10468,3380,660,1800,40.0,41,11.5,15,8991,52,-0.9918073458047851,-0.9061519216966294,-1.108165119052506,-0.19109950858549485,-0.9486144612853746,-0.8587961830100914,0.13456411411234906,0.8108421981673638,0.8415717373866589,-1.8250644124713284,-2.0259049331637793,-0.6241261617099947,2.772588722239781,0.17002953770072846,0.8556701030927835,Medium,1,1,-0.9918073458047846,-0.9061519216966284,-1.1081651190525073,-0.19109950858549488,-0.9486144612853741,-0.8587961830100912,0.13456411411234875,0.8108421981673655,0.8415717373866582,-1.8250644124713284,-2.0259049331637793,-0.6241261617099941,-0.3835201634208818,0.17002953770068815,0.7396977547397244,0.001818927581047415,0.6125530498969481
Alfred University,Yes,1732,1425,472,37,75,1830,110,16548,5406,500,600,82.0,88,11.3,31,10932,73,0.06748238366850187,0.18775308776651253,0.0560184640133662,0.7226458157909567,-0.012674055439693759,-0.6681269626758217,1.4088462913452764,-0.22919460362735344,-1.4016057555673218,0.5551832097645348,0.5124477851823425,-0.6789541283407586,3.4657359027997265,0.6391260070100192,0.8227482678983834,High,2,1,0.06748238366850247,0.18775308776651364,0.05601846401336494,0.7226458157909568,-0.01267405543969321,-0.6681269626758215,1.4088462913452762,-0.2291946036273518,-1.4016057555673225,0.5551832097645348,0.5124477851823425,-0.6789541283407581,0.7487430981377603,0.6391260070099789,0.5157537502634537,1.4151256580548508,0.6125530498969481
Allegheny College,Yes,2652,1900,484,44,77,1707,44,17080,4440,400,600,73.0,91,9.9,41,11711,76,0.4590003826812989,0.47348271760566063,0.08273597263125328,1.0296888476949615,-0.08489100248516804,-1.1623087972167594,1.5045123674303469,-1.0385747644412713,-1.4016057555673218,-0.09172176908837011,0.7816568116943878,-1.0739217798372562,3.7376696182833684,0.7928286551963839,0.7164404223227753,High,2,1,0.4590003826812995,0.47348271760566174,0.08273597263125201,1.0296888476949617,-0.08489100248516748,-1.1623087972167592,1.5045123674303467,-1.0385747644412697,-1.4016057555673225,-0.09172176908837017,0.7816568116943878,-1.0739217798372556,1.1929497028195202,0.7928286551963436,-0.20738347780626848,1.4151256580548508,0.6125530498969481
Allentown Coll. of St. Francis de Sales,Yes,1179,780,290,38,64,1130,638,9690,4785,600,1000,60.0,84,13.3,21,7940,74,-0.2965422603965576,-0.429540230486823,-0.4832456482685783,0.7690207208177235,-0.53640557904833,0.4148380667121811,-0.061289944401662744,0.44960143907769445,-0.3812772018018639,-0.8944658348300512,0.17590711389826053,-0.14633148248231995,3.091042453358316,-0.1552298965786931,0.6615776081424937,Medium,1,1,-0.296542260396557,-0.429540230486822,-0.4832456482685796,0.7690207208177237,-0.5364055790483294,0.4148380667121813,-0.061289944401663035,0.44960143907769606,-0.38127720180186453,-0.8944658348300512,0.17590711389826055,-0.14633148248231936,0.13667737956055104,-0.1552298965787334,-0.5805764736347528,0.001818927581047415,0.6125530498969481
Alma College,Yes,1267,1080,385,44,73,1306,28,12572,4552,400,400,79.0,87,15.3,32,9305,68,-0.22763264605805184,-0.09300759355290635,-0.1646439174336218,1.0296888476949615,-0.37330691285425166,-1.3900837948934839,0.6203160478629941,-1.0385747644412713,-2.1844360203854483,0.33126661926272183,0.4259346495311623,0.35589122750062535,3.4965075614664802,0.2560513072365703,0.8524072612470402,Medium,1,1,-0.22763264605805122,-0.09300759355290528,-0.16464391743362305,1.0296888476949617,-0.3733069128542511,-1.3900837948934837,0.6203160478629938,-1.0385747644412697,-2.1844360203854487,0.3312666192627218,0.42593464953116233,0.35589122750062596,0.7990089285165864,0.25605130723653,0.7175029449852314,0.001818927581047415,0.6125530498969481
Alverno College,Yes,494,313,157,23,46,1317,1235,8352,3640,650,2449,36.0,69,11.1,26,8127,55,-1.1584349762053043,-1.4152705393648957,-1.2225555814184765,-0.05311907203067916,-0.3640139109490829,0.8728931154724844,-0.4238386292670067,0.7526774068770612,1.503697003629093,-1.9668257993943357,-0.8700943318940553,-0.7341609556836688,3.295836866004329,-0.09264109665666513,0.6336032388663968,Medium,1,1,-1.1584349762053037,-1.4152705393648948,-1.2225555814184779,-0.05311907203067917,-0.36401391094908236,0.8728931154724846,-0.423838629267007,0.7526774068770629,1.5036970036290924,-1.9668257993943357,-0.8700943318940553,-0.7341609556836682,0.47121122188858366,-0.09264109665670543,-0.7708663600093951,0.001818927581047415,0.6125530498969481
American International College,Yes,1420,1093,220,9,22,1018,287,8700,4780,450,1400,78.0,84,14.7,19,7355,69,-0.11923450915941824,-0.08077771585910468,-0.8074776557980349,-1.3330274833513367,-0.6572622589402509,-0.10067963175366583,-0.3260722857638828,-0.6142542982610626,0.3122051961280074,0.25846780349494175,0.17590711389826053,0.20805976907672294,2.995732273553991,-0.3666623052432121,0.7697183098591549,Medium,1,1,-0.11923450915941765,-0.08077771585910361,-0.8074776557980361,-1.333027483351337,-0.6572622589402504,-0.1006796317536656,-0.3260722857638831,-0.6142542982610609,0.3122051961280068,0.2584678034949417,0.17590711389826055,0.20805976907672352,-0.019012808716357025,-0.3666623052432524,0.15502838090331927,0.001818927581047415,0.6125530498969481
Amherst College,Yes,4302,992,418,83,96,1593,5,19760,5300,660,1598,75.0,98,8.4,63,21424,100,0.8890995965125371,-0.18017304900606698,-0.07474233713305252,2.278086036664828,-0.1577279058501952,-2.1706909080364514,1.958821970010619,0.8108421981673638,0.5896109061165148,0.045592781487855547,1.467641878959388,-1.5221214688076337,4.1588830833596715,1.921528660450018,0.23059042305904232,High,2,1,0.8890995965125377,-0.18017304900606593,-0.07474233713305378,2.2780860366648286,-0.15772790585019464,-2.170690908036451,1.9588219700106189,0.8108421981673655,0.5896109061165141,0.04559278148785549,1.467641878959388,-1.522121468807633,1.8810063596964015,1.9215286604499775,-3.512278049067009,1.4151256580548508,0.6125530498969481
Anderson University,Yes,1216,908,423,19,40,1819,281,10100,3520,550,1100,48.0,61,12.1,14,7994,59,-0.26691812656526676,-0.2714591139868035,-0.061837141800542464,-0.33923404372499033,-0.01888830444719609,-0.11376894624033493,0.04316040253595542,0.12366360034857365,-0.18659120676503163,-1.4971529459749755,-1.2983753500580535,-0.4618260387652622,2.70805020110221,-0.1369244031402111,0.7467105263157895,Medium,1,1,-0.26691812656526615,-0.2714591139868025,-0.06183714180054373,-0.3392340437249904,-0.018888304447195543,-0.11376894624033469,0.04316040253595513,0.12366360034857528,-0.18659120676503227,-1.4971529459749755,-1.2983753500580535,-0.46182603876526157,-0.488944521318963,-0.1369244031402514,-0.0014773287692968597,0.001818927581047415,0.6125530498969481
Andrews University,Yes,1130,704,322,14,23,1586,326,9996,3090,900,1320,62.0,66,11.5,18,10908,46,-0.3373470674162878,-0.5371343557435256,-0.3639418038791888,-0.768473675269448,-0.16240619603243528,-0.02115914000686885,0.016933326759192444,2.017544989660185,0.18968183155468982,-0.7811031790800594,-1.0407110988557453,-0.6241261617099947,2.9444389791664403,0.6341232956603393,0.6230088495575221,Medium,1,1,-0.33734706741628717,-0.5371343557435246,-0.36394180387919006,-0.7684736752694481,-0.16240619603243472,-0.02115914000686861,0.016933326759192152,2.0175449896601867,0.18968183155468918,-0.7811031790800594,-1.0407110988557453,-0.6241261617099941,-0.10280094841912382,0.634123295660299,-0.8429325116318768,0.001818927581047415,0.6125530498969481
Angelo State University,No,3540,2001,1016,24,54,4190,1512,5130,3592,500,2000,60.0,62,23.1,5,4010,34,0.7175926868986037,0.5243231695301855,0.8272088606261128,0.012544204192919125,0.7676884667409247,1.0193220410253423,-1.4912463226655415,-0.22919460362735344,1.0664517666868942,-0.8944658348300512,-1.2494530951634284,2.1082507547381426,1.791759469228055,-2.3924526873218332,0.5652542372881356,Low,0,0,0.7175926868986042,0.5243231695301868,0.8272088606261115,0.012544204192919118,0.7676884667409253,1.0193220410253425,-1.4912463226655417,-0.2291946036273518,1.0664517666868936,-0.8944658348300512,-1.2494530951634284,2.108250754738143,-1.9857151375821298,-2.3924526873218737,-1.2357963684675608,-1.4114878028927562,-1.6325116659989423
Antioch University,Yes,713,661,252,25,44,712,23,15476,3336,400,1100,69.0,82,11.3,35,42926,48,-0.7881977335472874,-0.6036607498434869,-0.6463731770087826,0.07620224590010746,-1.0927946780790592,-1.4860814376784817,1.209754325500277,-1.0385747644412713,-0.18659120676503163,-0.3553022448597683,0.01703484187169807,-0.6789541283407586,3.58351893845611,2.8359956859131485,0.9270687237026648,High,2,1,-0.7881977335472868,-0.6036607498434859,-0.6463731770087838,0.07620224590010746,-1.0927946780790587,-1.4860814376784814,1.2097543255002767,-1.0385747644412697,-0.18659120676503227,-0.35530224485976836,0.017034841871698108,-0.6789541283407581,0.9411429344911897,2.835995685913108,1.2253721686672496,1.4151256580548508,0.6125530498969481
Appalachian State University,No,7313,4664,1910,20,63,9940,1035,6806,2540,96,2000,83.0,96,18.3,14,5854,70,1.3437272780440994,1.3296974152615386,1.3975044655623585,-0.2637884142137961,1.4439439767799105,0.7474276315958309,-0.8939510962294311,-5.699556162348107,1.0664517666868942,0.6316618234008086,1.2632379969775114,1.0636508731902279,2.70805020110221,-1.0519687050520365,0.6377683577191303,Low,0,0,1.3437272780441,1.32969741526154,1.3975044655623572,-0.2637884142137962,1.443943976779911,0.7474276315958311,-0.8939510962294315,-5.699556162348105,1.0664517666868936,0.6316618234008086,1.2632379969775114,1.0636508731902286,-0.488944521318963,-1.051968705052077,-0.7425339967163727,-1.4114878028927562,-1.6325116659989423
Aquinas College,Yes,619,516,219,20,51,1251,767,11208,4124,350,1615,55.0,65,12.7,25,6584,65,-0.9296724983030672,-0.8678947238934362,-0.8129407340921354,-0.2637884142137961,-0.42124755421151777,0.5395560299649554,0.31216472861049205,-1.5119094047906834,0.6119203357070329,-1.1617342104568764,-1.094880026424442,-0.3026284436876273,3.258096538021482,-0.6885530095696392,0.8336025848142165,Medium,1,1,-0.9296724983030666,-0.8678947238934352,-0.8129407340921366,-0.2637884142137962,-0.4212475542115172,0.5395560299649557,0.31216472861049177,-1.5119094047906818,0.6119203357070322,-1.1617342104568764,-1.094880026424442,-0.3026284436876267,0.4095619963667674,-0.6885530095696795,0.5895880059066398,0.001818927581047415,0.6125530498969481
Arizona State University Main campus,No,12809,10308,3761,24,49,22593,7585,7434,4850,700,2100,88.0,93,18.9,5,4602,48,1.8053048750382368,2.042849173040285,1.951231492568147,0.012544204192919125,1.9783596156465564,2.2971153370827166,-0.6952928841954168,1.0360807079976635,1.171185067075423,1.0278491213014884,0.9692990979140862,1.1996123641074883,1.791759469228055,-1.8724588424063087,0.8047466625029276,Medium,1,0,1.8053048750382374,2.0428491730402865,1.9512314925681458,0.012544204192919118,1.9783596156465568,2.297115337082717,-0.6952928841954171,1.036080707997665,1.1711850670754222,1.0278491213014884,0.9692990979140862,1.199612364107489,-1.9857151375821298,-1.872458842406349,0.39330153654403927,0.001818927581047415,-1.6325116659989423
Arkansas College (Lyon College),Yes,708,334,166,46,74,530,182,8644,3922,500,800,79.0,88,12.6,24,14579,54,-0.7952056021137316,-1.3430919312478038,-1.152486504944858,1.1106782881401163,-1.4790166841604395,-0.37689610893187386,-0.34162914293415475,-0.22919460362735344,-0.831740799103585,0.33126661926272183,0.5124477851823425,-0.32895477682173246,3.2188758248682006,1.2454681517793542,0.4717514124293785,Medium,1,1,-0.795205602113731,-1.343091931247803,-1.1524865049448594,1.1106782881401165,-1.479016684160439,-0.37689610893187364,-0.34162914293415503,-0.2291946036273518,-0.8317407991035857,0.3312666192627218,0.5124477851823425,-0.32895477682173185,0.34549454598816776,1.2454681517793138,-1.871830079986632,0.001818927581047415,0.6125530498969481
Arkansas Tech University,No,1734,1729,951,12,52,3602,939,3460,2650,450,1000,57.0,60,19.6,5,4739,48,0.06855942366930086,0.3804377941118196,0.7642184538077845,-0.972731667786928,0.6355953858538824,0.6792289379186931,-2.2324617327877823,-0.6142542982610626,-0.3812772018018639,-1.057594035693021,-1.3460179845367914,1.3561294433902287,1.791759469228055,-1.766610175309192,0.9971164936562861,Low,0,0,0.06855942366930146,0.3804377941118207,0.7642184538077833,-0.9727316677869281,0.635595385853883,0.6792289379186933,-2.2324617327877827,-0.6142542982610609,-0.38127720180186453,-1.057594035693021,-1.3460179845367914,1.3561294433902293,-1.9857151375821298,-1.7666101753092325,1.7018576991796808,-1.4114878028927562,-1.6325116659989423
Assumption College,Yes,2135,1700,491,23,59,1708,689,12000,5920,500,500,93.0,93,13.8,30,7100,88,0.26123962574723714,0.3636855712102511,0.09797073495954733,-0.05311907203067916,-0.0842785406361863,0.4666461901064971,0.49390607097335004,-0.22919460362735344,-1.7565250578392297,1.4470191871641125,0.9692990979140862,-0.0181691230182655,3.4339872044851463,-0.4671388486143455,0.7962529274004684,Medium,1,1,0.26123962574723775,0.3636855712102522,0.09797073495954607,-0.05311907203067917,-0.08427854063618574,0.4666461901064973,0.49390607097334976,-0.2291946036273518,-1.7565250578392304,1.4470191871641125,0.9692990979140862,-0.018169123018264913,0.696881263144984,-0.4671388486143858,0.3355246525831801,0.001818927581047415,0.6125530498969481
Auburn University-Main Campus,No,7548,6791,3070,25,57,16262,1716,6300,3933,600,1908,85.0,91,16.7,18,6642,69,1.370278593404718,1.6724482597493222,1.7913283745168003,0.07620224590010746,1.7758025973961928,1.1124020592964763,-1.0629709897256059,0.44960143907769445,0.9657230697442368,0.7873781516832565,0.7816568116943878,0.6923240937679691,2.9444389791664403,-0.66234776402534,0.8997085320614733,Low,0,0,1.3702785934047186,1.6724482597493235,1.791328374516799,0.07620224590010746,1.7758025973961933,1.1124020592964765,-1.062970989725606,0.44960143907769606,0.9657230697442362,0.7873781516832565,0.7816568116943878,0.6923240937679697,-0.10280094841912382,-0.6623477640253803,1.0392600991794334,-1.4114878028927562,-1.6325116659989423
Augsburg College,Yes,662,513,257,12,30,2074,726,11902,4372,540,950,65.0,65,12.8,31,7836,58,-0.8622838786335933,-0.8741708878669021,-0.6233421923170515,-0.972731667786928,0.114497934841232,0.502111266263199,0.4718535875829905,0.055394205642346685,-0.48548409270739684,-0.6041457749675595,-1.094880026424442,-0.2763826353397781,3.4657359027997265,-0.19103172876789817,0.7749244712990937,Medium,1,1,-0.8622838786335928,-0.8741708878669011,-0.6233421923170527,-0.9727316677869281,0.11449793484123255,0.5021112662631992,0.47185358758299023,0.055394205642348315,-0.48548409270739745,-0.6041457749675595,-1.094880026424442,-0.27638263533977747,0.7487430981377603,-0.19103172876793847,0.19044222201896147,0.001818927581047415,0.6125530498969481
Augustana College IL,Yes,1879,1658,497,36,69,1950,38,13353,4173,540,821,78.0,83,12.7,40,9220,71,0.1432863527713615,0.3388740939764008,0.1108310431196041,0.6753287453312369,0.05229420487314885,-1.2373062479710122,0.7869534898148401,0.055394205642346685,-0.7798144879119726,0.25846780349494175,0.09569733284866454,-0.3026284436876273,3.713572066704308,0.23321172569719242,0.8823842469398616,High,2,1,0.14328635277136212,0.3388740939764019,0.11083104311960283,0.675328745331237,0.0522942048731494,-1.237306247971012,0.7869534898148398,0.055394205642348315,-0.7798144879119733,0.2584678034949417,0.09569733284866458,-0.3026284436876267,1.1535860970634626,0.23321172569715212,0.9214152171455692,1.4151256580548508,0.6125530498969481
Augustana College,Yes,761,725,306,21,58,1337,300,10990,3244,600,1021,66.0,70,10.4,30,6871,69,-0.7234886416365377,-0.5062068793682892,-0.4217941796662328,-0.19109950858549485,-0.34735750747073335,-0.0731450638483326,0.26066610660468426,0.44960143907769445,-0.3389427464052033,-0.5433168502400174,-0.8104772611976783,-0.930509623619824,3.4339872044851463,-0.5622343980249315,0.9526938239159002,Medium,1,1,-0.7234886416365371,-0.5062068793682882,-0.42179417966623406,-0.19109950858549488,-0.3473575074707328,-0.07314506384833236,0.260666106604684,0.44960143907769606,-0.3389427464052039,-0.5433168502400174,-0.8104772611976783,-0.9305096236198235,0.696881263144984,-0.5622343980249718,1.3996816360153455,0.001818927581047415,0.6125530498969481
Austin College,Yes,948,798,295,42,74,1120,15,11280,4342,400,1150,81.0,95,13.0,33,11361,71,-0.5075090324304669,-0.4056989336412542,-0.46363023437733797,0.9459121453121648,-0.5465906523231705,-1.6883580068917188,0.32902876832268085,-1.0385747644412713,-0.09532026042061388,0.47962441223420943,1.1635803366973685,-0.22412911897517096,3.5263605246161616,0.725783250764518,0.8417721518987342,Medium,1,1,-0.5075090324304663,-0.4056989336412532,-0.46363023437733925,0.9459121453121649,-0.54659065232317,-1.6883580068917186,0.3290287683226806,-1.0385747644412697,-0.0953202604206145,0.4796244122342094,1.1635803366973685,-0.22412911897517038,0.8477740600370556,0.7257832507644777,0.6451598036797981,0.001818927581047415,0.6125530498969481
Averett College,Yes,627,556,172,16,40,777,538,9925,4135,750,1350,59.0,67,22.4,11,6523,48,-0.9167620943759426,-0.7877554128753496,-1.108165119052506,-0.5849046607537626,-0.9832004951644472,0.3013831459239031,-0.001074826464552071,1.302364976162053,0.23641393778204187,-0.9497641272340495,-0.9851988400469104,1.9615837552373678,2.4849066497880004,-0.7165006291979141,0.886762360446571,Medium,1,1,-0.916762094375942,-0.7877554128753486,-1.1081651190525073,-0.5849046607537627,-0.9832004951644466,0.3013831459239033,-0.0010748264645523637,1.3023649761620546,0.23641393778204123,-0.9497641272340495,-0.9851988400469104,1.9615837552373685,-0.8534518760234878,-0.7165006291979544,0.9511964327113076,0.001818927581047415,0.6125530498969481
Baker University,Yes,602,483,206,21,47,958,466,8620,4100,400,2250,58.0,68,11.0,21,6136,65,-0.9577117377063573,-0.9391798758815922,-0.8866943420025749,-0.19109950858549485,-0.7288823297174307,0.2072411880542442,-0.3483166376790663,-1.0385747644412713,1.319933419839818,-1.0041402352396067,-0.9283307329438812,-0.7619093999483375,3.091042453358316,-0.9036897818932236,0.8023255813953488,Medium,1,1,-0.9577117377063568,-0.9391798758815912,-0.8866943420025761,-0.19109950858549488,-0.7288823297174302,0.20724118805424446,-0.34831663767906657,-1.0385747644412697,1.3199334198398174,-1.0041402352396067,-0.9283307329438812,-0.761909399948337,0.13667737956055104,-0.9036897818932639,0.3768326308712091,0.001818927581047415,0.6125530498969481
Baldwin-Wallace College,Yes,1690,1366,662,30,61,2718,1460,10995,4410,1000,1000,68.0,74,17.6,20,8086,85,0.044551139273641086,0.14527370727206237,0.4075134559833517,0.36877700770497285,0.37764147047824187,0.9937885450977623,0.2618547522692284,2.4385556137203848,-0.3812772018018639,-0.4188949777661247,-0.5579571392876599,0.9028169700855416,3.044522437723423,-0.10617250445471184,0.808284023668639,Medium,1,1,0.04455113927364169,0.14527370727206348,0.4075134559833504,0.3687770077049729,0.3776414704782424,0.9937885450977625,0.2618547522692281,2.4385556137203865,-0.38127720180186453,-0.4188949777661248,-0.5579571392876599,0.9028169700855422,0.060686441260878146,-0.10617250445475214,0.4173637074421859,0.001818927581047415,0.6125530498969481
Barat College,Yes,261,192,111,15,36,453,266,9690,4300,500,500,57.0,77,9.7,35,9337,71,-1.826185983809296,-1.9689976731446188,-1.6721029670852352,-0.6744109272506594,-1.6948013186411108,-0.14762845649391362,-0.061289944401662744,-0.22919460362735344,-1.7565250578392297,-1.057594035693021,-0.35347352257287784,-1.1320725358242631,3.58351893845611,0.2645665459976301,0.735632183908046,Medium,1,1,-1.8261859838092953,-1.968997673144618,-1.6721029670852365,-0.6744109272506595,-1.6948013186411104,-0.14762845649391337,-0.061289944401663035,-0.2291946036273518,-1.7565250578392304,-1.057594035693021,-0.3534735225728778,-1.1320725358242625,0.9411429344911897,0.2645665459975898,-0.07683547168872246,0.001818927581047415,0.6125530498969481
Bard College,Yes,1910,838,285,50,85,1004,15,19264,6206,750,750,98.0,98,10.4,30,13894,79,0.1584590373676201,-0.35471519126886863,-0.5032550825645917,1.265104344999401,-0.6735049516794013,-1.6883580068917188,1.87793808381642,1.302364976162053,-0.9606431574714017,1.889162096953259,1.467641878959388,-0.930509623619824,3.4339872044851463,1.1505826155171934,0.4387434554973822,High,2,1,0.1584590373676207,-0.35471519126886764,-0.503255082564593,1.2651043449994013,-0.6735049516794007,-1.6883580068917186,1.8779380838164197,1.3023649761620546,-0.9606431574714024,1.889162096953259,1.467641878959388,-0.9305096236198235,0.696881263144984,1.150582615517153,-2.09635990984827,1.4151256580548508,0.6125530498969481
Barnard College,Yes,2496,1402,531,53,95,2121,69,17926,8124,600,850,83.0,93,10.3,33,12580,91,0.40402576072111746,0.1714209859154189,0.18047581764841628,1.374993777959597,0.13690062355669172,-0.9252445141562533,1.6526907612293125,0.44960143907769445,-0.7100928488284425,0.6316618234008086,0.9692990979140862,-0.9589736432806009,3.5263605246161616,0.9466907792604563,0.561698717948718,High,2,1,0.40402576072111807,0.17142098591542002,0.18047581764841503,1.3749937779595973,0.13690062355669227,-0.9252445141562531,1.6526907612293122,0.44960143907769606,-0.7100928488284431,0.6316618234008086,0.9692990979140862,-0.9589736432806003,0.8477740600370556,0.946690779260416,-1.2599820566031195,1.4151256580548508,0.6125530498969481
Barry University,Yes,990,784,279,18,45,1811,3144,11290,5360,600,1800,76.0,78,12.6,11,9084,72,-0.4653031322549058,-0.42419168724755585,-0.5278077451432035,-0.4176946998854468,-0.023436600700077255,1.5741815572673292,0.33136539791935343,0.44960143907769445,0.8415717373866589,0.11563079124223473,-0.28237352323745246,-0.32895477682173246,2.4849066497880004,0.19598482610711032,0.7919191919191919,Medium,1,1,-0.4653031322549052,-0.42419168724755485,-0.5278077451432047,-0.41769469988544683,-0.023436600700076707,1.5741815572673294,0.33136539791935316,0.44960143907769606,0.8415717373866582,0.11563079124223467,-0.2823735232374524,-0.32895477682173185,-0.8534518760234878,0.19598482610707002,0.30604530939689767,0.001818927581047415,0.6125530498969481
Baylor University,Yes,6075,5349,2367,34,66,9919,484,6450,3920,600,1346,71.0,76,18.5,38,7503,72,1.1867954473128404,1.4557402805984692,1.5790783647093645,0.5776799288914051,1.442439656312923,0.23194512481235613,-1.0119640772693326,0.44960143907769445,0.23023887592405234,-0.2253537109704769,-0.4230962065588109,1.109161442390268,3.6635616461296463,-0.3107758058606936,0.8804938271604938,Low,0,1,1.186795447312841,1.4557402805984705,1.5790783647093631,0.5776799288914052,1.4424396563129234,0.23194512481235638,-1.0119640772693328,0.44960143907769606,0.2302388759240517,-0.22535371097047696,-0.42309620655881086,1.1091614423902687,1.0718935453228027,-0.3107758058607339,0.9085560258813842,-1.4114878028927562,0.6125530498969481
Beaver College,Yes,1163,850,348,23,56,878,519,12850,5400,400,800,78.0,89,12.2,30,8954,73,-0.30966301556478515,-0.3399262780273678,-0.276664762735391,-0.05311907203067916,-0.8333703215924881,0.2776982439626949,0.6803911120003983,-1.0385747644412713,-0.831740799103585,0.25846780349494175,0.6005650532112241,-0.43508339754859443,3.4339872044851463,0.15958778625130107,0.7308684436801376,Medium,1,1,-0.30966301556478454,-0.3399262780273668,-0.27666476273539226,-0.05311907203067917,-0.8333703215924876,0.2776982439626951,0.6803911120003979,-1.0385747644412697,-0.8317407991035857,0.2584678034949417,0.6005650532112241,-0.4350833975485938,0.696881263144984,0.15958778625126077,-0.1092398336151793,0.001818927581047415,0.6125530498969481
Bellarmine College,Yes,807,707,308,39,63,1198,605,8840,2950,750,1290,74.0,82,13.1,31,6668,84,-0.6654593239812808,-0.5326562064282422,-0.4143740774807145,0.8144962912549336,-0.4699401998494055,0.37928809431096844,-0.2874658280935898,1.302364976162053,0.14195578666431385,-0.023524770795469573,0.01703484187169807,-0.1981197138629203,3.4657359027997265,-0.6507148514205457,0.8760842627013631,Medium,1,1,-0.6654593239812803,-0.5326562064282412,-0.41437407748071575,0.8144962912549337,-0.46994019984940494,0.37928809431096866,-0.28746582809359006,1.3023649761620546,0.14195578666431322,-0.023524770795469628,0.017034841871698108,-0.1981197138629197,0.7487430981377603,-0.650714851420586,0.8785608716883411,0.001818927581047415,0.6125530498969481
Belmont Abbey College,Yes,632,494,129,17,36,709,131,9000,4850,300,2480,78.0,85,13.2,10,7550,52,-0.9087825139784366,-0.9148542999364515,-1.4743092874872505,-0.49946894118390567,-1.0981448537364473,-0.5687111330584822,-0.2438328726773592,-2.0483080496073764,1.5310702282150968,0.25846780349494175,0.25767565625110594,-0.17218743851993448,2.3978952727983707,-0.2933824340998796,0.7816455696202531,Medium,1,1,-0.908782513978436,-0.9148542999364505,-1.4743092874872519,-0.4994689411839057,-1.0981448537364469,-0.568711133058482,-0.2438328726773595,-2.0483080496073747,1.531070228215096,0.2584678034949417,0.257675656251106,-0.1721874385199339,-0.9955858819980911,-0.2933824340999199,0.23616110930551232,0.001818927581047415,0.6125530498969481
Belmont University,Yes,1220,974,481,28,67,1964,623,7800,3664,650,900,61.0,61,11.1,19,7614,49,-0.26377358194706124,-0.19902004935166387,0.07612880078946482,0.25645415555414425,0.059555462092445895,0.398889570751312,-0.5845619581984869,0.7526774068770612,-0.5948985251933547,-0.8382454790951654,-1.2983753500580535,-0.7341609556836688,2.995732273553991,-0.26996458581794863,0.7983606557377049,Medium,1,1,-0.26377358194706063,-0.19902004935166281,0.07612880078946356,0.2564541555541443,0.05955546209244644,0.3988895707513122,-0.5845619581984872,0.7526774068770629,-0.5948985251933554,-0.8382454790951654,-1.2983753500580535,-0.7341609556836682,-0.019012808716357025,-0.26996458581798893,0.3498620405629711,0.001818927581047415,0.6125530498969481
Beloit College,Yes,1320,923,284,26,54,1085,81,16304,3616,355,715,75.0,95,11.1,26,12957,69,-0.18856465956975316,-0.2545122097991053,-0.5073055606423006,0.1379929544107909,-0.5831309871770872,-0.8381790084362992,1.3642928024927294,-1.4620140071701098,-1.0556986655344829,0.045592781487855547,1.1635803366973685,-0.7341609556836688,3.295836866004329,1.00844191488591,0.6992424242424242,High,2,1,-0.18856465956975255,-0.2545122097991043,-0.5073055606423018,0.13799295441079093,-0.5831309871770867,-0.838179008436299,1.3642928024927292,-1.4620140071701082,-1.0556986655344835,0.04559278148785549,1.1635803366973685,-0.7341609556836682,0.47121122188858366,1.0084419148858697,-0.32436931824763443,1.4151256580548508,0.6125530498969481
Bemidji State University,No,1208,877,546,12,36,3796,824,4425,2700,660,1800,57.0,62,19.6,16,3752,46,-0.2732406406363967,-0.3074516774946902,0.2095839104196737,-0.972731667786928,0.6819176384241513,0.5887221256003545,-1.781279641101148,0.8108421981673638,0.8415717373866589,-1.057594035693021,-1.2494530951634284,1.3561294433902287,2.833213344056216,-2.657835353557426,0.7259933774834437,Low,0,0,-0.2732406406363961,-0.3074516774946892,0.20958391041967245,-0.9727316677869281,0.6819176384241519,0.5887221256003548,-1.7812796411011482,0.8108421981673655,0.8415717373866582,-1.057594035693021,-1.2494530951634284,1.3561294433902293,-0.28448920152158647,-2.6578353535574664,-0.14240146751948335,-1.4114878028927562,-1.6325116659989423
Benedictine College,Yes,632,620,222,14,24,702,501,9550,3850,350,250,75.0,84,14.1,18,5922,58,-0.9087825139784366,-0.6715507605793893,-0.7966369233559619,-0.768473675269448,-1.110736639571565,0.2545277798622654,-0.09761998875753103,-1.5119094047906834,-3.0629205964390054,0.045592781487855547,0.17590711389826053,0.0578612934555406,2.9444389791664403,-1.015218906953496,0.9810126582278481,Medium,1,1,-0.908782513978436,-0.6715507605793883,-0.7966369233559631,-0.7684736752694481,-1.1107366395715645,0.2545277798622656,-0.09761998875753132,-1.5119094047906818,-3.062920596439006,0.04559278148785549,0.17590711389826055,0.05786129345554118,-0.10280094841912382,-1.0152189069535364,1.5923146748623527,0.001818927581047415,0.6125530498969481
Bennington College,Yes,519,327,114,25,53,457,2,21700,4100,600,500,35.0,59,10.1,33,16364,55,-1.1080463869533936,-1.3665988771657833,-1.636669934968523,0.07620224590010746,-1.682520194830824,-2.5348043450754973,2.2629566246673223,0.44960143907769445,-1.7565250578392297,-1.9999522593221113,-1.392393977623881,-1.0162263078285314,3.5263605246161616,1.4633422065399024,0.630057803468208,High,2,1,-1.108046386953393,-1.3665988771657824,-1.6366699349685243,0.07620224590010746,-1.6825201948308235,-2.534804345075497,2.262956624667322,0.44960143907769606,-1.7565250578392304,-1.9999522593221113,-1.392393977623881,-1.0162263078285307,0.8477740600370556,1.463342206539862,-0.794983454211281,1.4151256580548508,0.6125530498969481
Bentley College,Yes,3466,2330,640,20,60,3095,1533,13800,5510,630,850,87.0,87,17.5,20,10941,82,0.6988613218762794,0.6726944137389244,0.3732110304682755,-0.2637884142137961,0.4986063700001899,1.0294098539172034,0.8794605502331131,0.6339700079371658,-0.7100928488284425,0.9467727128282987,0.4259346495311623,0.8796391417393972,3.044522437723423,0.6409976588717746,0.6722446624350836,High,2,1,0.6988613218762799,0.6726944137389256,0.3732110304682742,-0.2637884142137962,0.4986063700001905,1.0294098539172036,0.8794605502331128,0.6339700079371675,-0.7100928488284431,0.9467727128282987,0.42593464953116233,0.8796391417393977,0.060686441260878146,0.6409976588717343,-0.5080160334240953,1.4151256580548508,0.6125530498969481
Berry College,Yes,1858,1221,480,37,68,1620,49,8050,3940,350,2375,80.0,80,16.3,17,10511,63,0.1328547136242795,0.031937234056535486,0.07391584112486649,0.7226458157909567,-0.1399150304706784,-1.106552791365331,-0.5108746975091973,-1.5119094047906834,1.4370347749629446,0.404985518976676,-0.1356944211524122,0.5973594417391935,2.8903717578961645,0.5488289868373686,0.6571582346609257,Medium,1,1,0.1328547136242801,0.031937234056536576,0.07391584112486523,0.7226458157909568,-0.13991503047067785,-1.1065527913653308,-0.5108746975091977,-1.5119094047906818,1.437034774962944,0.40498551897667595,-0.13569442115241218,0.5973594417391941,-0.1911203270674524,0.5488289868373283,-0.6106383516830006,0.001818927581047415,0.6125530498969481
Bethany College,Yes,878,816,200,16,41,706,62,8740,3363,550,1700,62.0,68,11.6,29,7718,48,-0.5825186966500828,-0.3824258012766956,-0.9225677403532049,-0.5849046607537626,-1.103522695413072,-0.9825675695179338,-0.3150004769714215,0.12366360034857365,0.7203062079769135,-0.7811031790800594,-0.9283307329438812,-0.5968513856813783,3.4011973816621555,-0.23255110106695623,0.929384965831435,Medium,1,1,-0.5825186966500823,-0.3824258012766946,-0.9225677403532061,-0.5849046607537627,-1.1035226954130715,-0.9825675695179336,-0.31500047697142175,0.12366360034857528,0.7203062079769128,-0.7811031790800594,-0.9283307329438812,-0.5968513856813777,0.643318740239679,-0.23255110106699653,1.2411279287757164,0.001818927581047415,0.6125530498969481
Bethel College KS,Yes,202,184,122,19,42,537,101,8540,3580,500,1400,61.0,80,8.8,32,8324,56,-2.1032305933244033,-2.018111398316375,-1.5472072620963404,-0.33923404372499033,-1.461314607172298,-0.7160770609235252,-0.3706970294107873,-0.22919460362735344,0.3122051961280074,-0.8382454790951654,-0.1356944211524122,-1.3997522503124076,3.4965075614664802,-0.029063686328034313,0.9108910891089109,Medium,1,1,-2.103230593324403,-2.0181113983163748,-1.5472072620963417,-0.3392340437249904,-1.4613146071722976,-0.716077060923525,-0.3706970294107876,-0.2291946036273518,0.3122051961280068,-0.8382454790951654,-0.13569442115241218,-1.399752250312407,0.7990089285165864,-0.029063686328074618,1.1153271407249636,0.001818927581047415,0.6125530498969481
Bethel College,Yes,502,384,104,11,28,347,74,6200,2900,600,800,63.0,63,11.7,13,7623,35,-1.1420185183626748,-1.1891273623577001,-1.759262943345921,-1.0845174670653985,-2.0786377358839774,-0.8874268200608982,-1.097420398630377,0.44960143907769445,-0.831740799103585,-0.7230390518843525,-1.199238322126377,-0.5696679334896119,2.6390573296152584,-0.266695790697698,0.7649402390438247,Low,0,1,-1.142018518362674,-1.1891273623576992,-1.7592629433459224,-1.0845174670653988,-2.078637735883977,-0.887426820060898,-1.0974203986303772,0.44960143907769606,-0.8317407991035857,-0.7230390518843525,-1.199238322126377,-0.5696679334896113,-0.601645107695158,-0.2666957906977383,0.12252653810695363,-1.4114878028927562,0.6125530498969481
Bethune Cookman College,Yes,1646,1150,542,12,30,2128,82,5188,3396,650,2500,48.0,48,13.8,9,6817,58,0.019862731360733504,-0.028930027628678304,0.2019127732568598,-0.972731667786928,0.1401853966530453,-0.8314593967701951,-1.468582119341377,0.7526774068770612,1.5485627321158653,-1.4971529459749755,-1.8227310098814986,-0.0181691230182655,2.302585092994046,-0.5853739127887877,0.6986634264884569,Low,0,1,0.019862731360734107,-0.02893002762867723,0.20191277325685855,-0.9727316677869281,0.14018539665304586,-0.8314593967701949,-1.4685821193413773,0.7526774068770629,1.5485627321158646,-1.4971529459749755,-1.8227310098814986,-0.018169123018264913,-1.1512760702749985,-0.585373912788828,-0.3283078312388014,-1.4114878028927562,0.6125530498969481
Birmingham-Southern College,Yes,805,588,287,67,88,1376,207,11660,4325,400,900,74.0,79,14.0,34,8649,72,-0.6679077542812651,-0.7279619141912382,-0.4952030824019439,1.833986395084288,-0.31573431479780967,-0.30009653988082174,0.4168816091088187,-1.0385747644412713,-0.5948985251933547,-0.023524770795469573,-0.20978440474634713,0.03258838544133381,3.5553480614894135,0.07090393487116538,0.7304347826086957,Medium,1,1,-0.6679077542812646,-0.7279619141912372,-0.49520308240194516,1.8339863950842883,-0.3157343147978091,-0.3000965398808215,0.41688160910881844,-1.0385747644412697,-0.5948985251933554,-0.023524770795469628,-0.2097844047463471,0.03258838544133439,0.8951255085680089,0.07090393487112508,-0.11218972375194472,0.001818927581047415,0.6125530498969481
Blackburn College,Yes,500,336,156,25,55,421,27,6500,2700,500,1000,76.0,76,14.3,53,8377,51,-1.1460961832899987,-1.336472326576253,-1.230626069185971,0.07620224590010746,-1.798066716837837,-1.4079726500278762,-0.9951351141622933,-0.22919460362735344,-0.3812772018018639,0.11563079124223473,-0.4230962065588109,0.10819887684225446,3.9889840465642745,-0.012353858488955581,0.672,Low,0,1,-1.146096183289998,-1.3364723265762521,-1.2306260691859723,0.07620224590010746,-1.7980667168378366,-1.407972650027876,-0.9951351141622936,-0.2291946036273518,-0.38127720180186453,0.11563079124223467,-0.42309620655881086,0.10819887684225504,1.6034744834472257,-0.012353858488995886,-0.5096802992566043,-1.4114878028927562,0.6125530498969481
Bloomsburg Univ. of Pennsylvania,No,6773,3028,1025,15,55,5847,946,7844,2948,500,1680,75.0,68,18.0,19,7041,75,1.2790783538152772,0.9244705088193708,0.8355631836679515,-0.6744109272506594,1.0437985490156894,0.6844093815412554,-0.5714816336528199,-0.22919460362735344,0.6952627029281586,0.045592781487855547,-0.9283307329438812,0.995020485992735,2.995732273553991,-0.4911826984337565,0.4470692455337369,Medium,1,0,1.279078353815278,0.924470508819372,0.8355631836679502,-0.6744109272506595,1.0437985490156898,0.6844093815412556,-0.5714816336528202,-0.2291946036273518,0.695262702928158,0.04559278148785549,-0.9283307329438812,0.9950204859927355,-0.019012808716357025,-0.4911826984337968,-2.039725437615475,0.001818927581047415,-1.6325116659989423
Bluefield College,Yes,377,358,181,15,30,653,129,7150,4350,450,1500,61.0,67,17.8,3,6259,53,-1.437542574929285,-1.2663199391419133,-1.0449219636891016,-0.6744109272506594,-1.2033929563374506,-0.5775343946618573,-0.7837089911468502,-0.6142542982610626,0.45655088685874945,-0.8382454790951654,-0.9851988400469104,0.9490194931800552,1.3862943611198906,-0.8422634873250524,0.9496021220159151,Low,0,1,-1.4375425749292843,-1.2663199391419124,-1.044921963689103,-0.6744109272506595,-1.2033929563374501,-0.5775343946618571,-0.7837089911468506,-0.6142542982610609,0.45655088685874884,-0.8382454790951654,-0.9851988400469104,0.9490194931800557,-2.6480466865381658,-0.8422634873250927,1.3786509704998542,-1.4114878028927562,0.6125530498969481
Bluffton College,Yes,692,514,209,20,50,760,81,9900,3990,400,900,76.0,71,13.3,19,9073,58,-0.8179928307605432,-0.8720744828559028,-0.869206764085364,-0.2637884142137961,-1.01075405327809,-0.8381790084362992,-0.007435867506012867,-1.0385747644412713,-0.5948985251933547,0.11563079124223473,-0.7494672137091747,-0.14633148248231995,2.995732273553991,0.19293625552656649,0.7427745664739884,Medium,1,1,-0.8179928307605426,-0.8720744828559018,-0.8692067640853652,-0.2637884142137962,-1.0107540532780896,-0.838179008436299,-0.007435867506013159,-1.0385747644412697,-0.5948985251933554,0.11563079124223467,-0.7494672137091747,-0.14633148248231936,-0.019012808716357025,0.19293625552652618,-0.02825088508005347,0.001818927581047415,0.6125530498969481
Boston University,Yes,20192,13007,3810,45,80,14971,3113,18420,6810,475,1025,80.0,81,11.9,16,16836,72,2.166513908461582,2.2446757212635413,1.9612594395811072,1.0705183742130715,1.722509583512023,1.5664000340843383,1.7371004827258412,-0.4173081667300912,-0.3309705579329345,0.404985518976676,-0.060091883356808096,-0.5155706927336406,2.833213344056216,1.5149199449563804,0.6441660063391442,High,2,1,2.1665139084615825,2.2446757212635426,1.9612594395811058,1.0705183742130717,1.7225095835120234,1.5664000340843385,1.737100482725841,-0.4173081667300896,-0.3309705579329351,0.40498551897667595,-0.06009188335680806,-0.5155706927336401,-0.28448920152158647,1.51491994495634,-0.699015309415438,1.4151256580548508,0.6125530498969481
Bowdoin College,Yes,3356,1019,418,76,100,1490,8,19030,5885,1495,875,93.0,96,11.2,52,20447,96,0.670209399278762,-0.15257740176789447,-0.07474233713305252,2.092417481864056,-0.22922305898515233,-1.9707317600173162,1.839303693574466,4.098958976586206,-0.6517337337792259,1.4470191871641125,1.2632379969775114,-0.7065095991630403,3.970291913552122,1.8468697924441342,0.3036352800953516,High,2,1,0.6702093992787626,-0.15257740176789342,-0.07474233713305378,2.0924174818640564,-0.22922305898515177,-1.970731760017316,1.8393036935744658,4.098958976586208,-0.6517337337792266,1.4470191871641125,1.2632379969775114,-0.7065095991630398,1.5729406861767377,1.8468697924440938,-3.0154054508501797,1.4151256580548508,0.6125530498969481
Bowling Green State University,No,9251,7333,3076,14,45,13699,1213,7452,3352,600,1700,81.0,89,21.1,14,6918,67,1.5396129266227727,1.7414064032460834,1.7928901364506753,-0.768473675269448,1.6642175111317759,0.8600279544133589,-0.6897643746874383,0.44960143907769445,0.7203062079769135,0.47962441223420943,0.6005650532112241,1.6843804232693957,2.70805020110221,-0.542321574232864,0.7926710625878284,Medium,1,0,1.5396129266227734,1.7414064032460848,1.792890136450674,-0.7684736752694481,1.6642175111317763,0.8600279544133591,-0.6897643746874387,0.44960143907769606,0.7203062079769128,0.4796244122342094,0.6005650532112241,1.6843804232693964,-0.488944521318963,-0.5423215742329043,0.3111597547912219,0.001818927581047415,-1.6325116659989423
Bradford College,Yes,443,330,151,5,36,453,42,14080,6270,500,900,57.0,80,10.2,21,15387,46,-1.270295331664833,-1.3564592212056361,-1.2718938672319646,-1.991623129577312,-1.6948013186411108,-1.186224667229641,0.9364079032146706,-0.22919460362735344,-0.5948985251933547,-1.057594035693021,-0.1356944211524122,-0.9875453814266576,3.091042453358316,1.3489179441455903,0.744920993227991,High,2,1,-1.2702953316648324,-1.3564592212056352,-1.271893867231966,-1.9916231295773121,-1.6948013186411104,-1.1862246672296408,0.9364079032146703,-0.2291946036273518,-0.5948985251933554,-1.057594035693021,-0.13569442115241218,-0.987545381426657,0.13667737956055104,1.3489179441455499,-0.013650259089188311,1.4151256580548508,0.6125530498969481
Bradley University,Yes,3767,3414,1061,30,58,4531,643,10870,4440,2000,1522,75.0,81,14.4,21,7671,85,0.7725344589798298,1.0382415189015974,0.8681541229247397,0.36877700770497285,0.8343402509935801,0.4200791863579132,0.23203139392723884,5.355379159510385,0.4871077983610528,0.045592781487855547,-0.060091883356808096,0.1332649014169342,3.091042453358316,-0.24936222050965917,0.9062914786302098,Medium,1,1,0.7725344589798303,1.0382415189015988,0.8681541229247385,0.3687770077049729,0.8343402509935807,0.4200791863579134,0.23203139392723854,5.355379159510386,0.48710779836105217,0.04559278148785549,-0.06009188335680806,0.13326490141693478,0.13667737956055104,-0.24936222050969947,1.0840392376190466,0.001818927581047415,0.6125530498969481
Brandeis University,Yes,4186,2743,740,48,77,2819,62,19380,6750,410,1000,90.0,97,9.8,24,17150,84,0.865199010283176,0.8300257270972665,0.5193117044534847,1.1890885687490669,0.4119680489873814,-0.9825675695179338,1.896975944257963,-0.9501505503571354,-0.3812772018018639,1.1927597836517578,1.3645882269351624,-1.1029394439418776,3.2188758248682006,1.5480135052741824,0.65527950310559,High,2,1,0.8651990102831766,0.8300257270972677,0.5193117044534835,1.189088568749067,0.41196804898738193,-0.9825675695179336,1.8969759442579628,-0.9501505503571337,-0.38127720180186453,1.1927597836517578,1.3645882269351624,-1.102939443941877,0.34549454598816776,1.548013505274142,-0.6234180362101066,1.4151256580548508,0.6125530498969481
Brenau University,Yes,367,274,158,12,41,917,479,9592,5879,500,700,71.0,80,13.7,12,5935,49,-1.4656042175278035,-1.5642007556644462,-1.2145441681286067,-0.972731667786928,-0.7810443837135086,0.2251671013717651,-0.0866844460919116,-0.22919460362735344,-1.0977621251970406,-0.2253537109704769,-0.1356944211524122,-0.043655143285563025,2.5649493574615367,-1.0082672446913596,0.7465940054495913,Medium,1,1,-1.4656042175278028,-1.5642007556644453,-1.214544168128608,-0.9727316677869281,-0.781044383713508,0.22516710137176535,-0.0866844460919119,-0.2291946036273518,-1.0977621251970413,-0.22535371097047696,-0.13569442115241218,-0.04365514328556244,-0.7227012651918747,-1.0082672446914,-0.0022699379670338736,0.001818927581047415,0.6125530498969481
Brewton-Parker College,Yes,1436,1228,1202,10,26,1320,822,4371,2370,500,2000,62.0,62,12.6,10,4900,18,-0.10862941139826635,0.037732209570892815,0.984529782664594,-1.2041414384332418,-0.3614958663326453,0.5870496469262879,-1.8047132906922128,-0.22919460362735344,1.0664517666868942,-0.7811031790800594,-1.2494530951634284,-0.32895477682173246,2.3978952727983707,-1.6480951708121505,0.8551532033426184,Low,0,1,-0.10862941139826575,0.037732209570893904,0.9845297826645928,-1.204141438433242,-0.36149586633264474,0.5870496469262881,-1.804713290692213,-0.2291946036273518,1.0664517666868936,-0.7811031790800594,-1.2494530951634284,-0.32895477682173185,-0.9955858819980911,-1.648095170812191,0.7361816506318815,-1.4114878028927562,0.6125530498969481
Briar Cliff College,Yes,392,351,155,16,44,738,430,10260,3597,600,1500,39.0,66,13.1,26,8355,58,-1.3969133379514644,-1.2881293204642823,-1.2387564499290262,-0.5849046607537626,-1.0475479310975058,0.15513897741571556,0.08316552390396748,0.44960143907769445,0.45655088685874945,-1.8618927054997134,-1.0407110988557453,-0.1981197138629203,3.295836866004329,-0.01927016515790758,0.8954081632653061,Medium,1,1,-1.3969133379514638,-1.2881293204642814,-1.2387564499290276,-0.5849046607537627,-1.0475479310975053,0.1551389774157158,0.08316552390396718,0.44960143907769606,0.45655088685874884,-1.8618927054997134,-1.0407110988557453,-0.1981197138629197,0.47121122188858366,-0.019270165157947886,1.0100077259975677,0.001818927581047415,0.6125530498969481
Bridgewater College,Yes,838,673,292,22,53,881,55,10265,4725,560,875,75.0,73,13.2,24,8655,82,-0.6283199062642033,-0.5846400000751252,-0.4753530150913388,-0.12094221917214973,-0.8292454849789095,-1.0460501389834256,0.084409058563265,0.19086001204931075,-0.6517337337792259,0.045592781487855547,-0.6232192944825511,-0.17218743851993448,3.2188758248682006,0.07269489588868396,0.8031026252983293,Medium,1,1,-0.6283199062642028,-0.5846400000751242,-0.4753530150913401,-0.12094221917214976,-0.8292454849789089,-1.0460501389834254,0.08440905856326471,0.19086001204931238,-0.6517337337792266,0.04559278148785549,-0.6232192944825511,-0.1721874385199339,0.34549454598816776,0.07269489588864365,0.3821183120083568,0.001818927581047415,0.6125530498969481
Brigham Young University at Provo,Yes,7365,5402,4615,48,82,27378,1253,2340,3580,860,1220,76.0,76,20.5,40,7916,33,1.3496805539388919,1.4647629632189894,2.1074482922899023,1.1890885687490669,2.0901240479351846,0.8832664435062879,-2.87582633994978,1.8376383868775021,0.026470901511528633,0.11563079124223473,-0.4230962065588109,1.554206057028963,3.713572066704308,-0.16342743253500763,0.73346911065852,Low,0,1,1.3496805539388925,1.4647629632189907,2.107448292289901,1.189088568749067,2.090124047935185,0.8832664435062881,-2.8758263399497803,1.8376383868775037,0.026470901511528002,0.11563079124223467,-0.42309620655881086,1.5542060570289637,1.1535860970634626,-0.16342743253504793,-0.09154933203745326,-1.4114878028927562,0.6125530498969481
Brown University,Yes,12586,3239,1462,87,95,5643,349,19528,5926,720,1100,99.0,100,7.6,39,20440,97,1.7911253315794533,0.9884617985065841,1.1627337141486467,2.3790007091044547,1.015322642227296,0.021801912305271908,1.9211572534797512,1.1445230675700342,-0.18659120676503163,1.9803465843944406,1.6789026453905742,-1.773888167063639,3.6888794541139363,1.8463150903123957,0.2573494358811378,High,2,1,1.791125331579454,0.9884617985065853,1.1627337141486453,2.379000709104455,1.0153226422272965,0.021801912305272148,1.921157253479751,1.1445230675700357,-0.18659120676503227,1.9803465843944406,1.6789026453905742,-1.7738881670636384,1.113250452842285,1.8463150903123553,-3.330255374698259,1.4151256580548508,0.6125530498969481
Bryn Mawr College,Yes,1465,810,313,71,95,1088,16,18165,6750,500,1200,100.0,100,12.3,49,17449,89,-0.08972687212285793,-0.39012200100405225,-0.3960643843508661,1.9518471386888563,-0.579943006792985,-1.658361763019646,1.6937169402895762,-0.22919460362735344,-0.007652219861956637,2.072449535254145,1.6789026453905742,-0.4084259016153437,3.912023005428146,1.578668975404603,0.552901023890785,High,2,1,-0.08972687212285733,-0.39012200100405126,-0.3960643843508674,1.9518471386888565,-0.5799430067929845,-1.6583617630196459,1.693716940289576,-0.2291946036273518,-0.007652219861957268,2.072449535254145,1.6789026453905742,-0.4084259016153431,1.4777578075468099,1.5786689754045626,-1.3198265587657974,1.4151256580548508,0.6125530498969481
Bucknell University,Yes,6548,3813,862,49,85,3316,31,18550,4750,800,1200,95.0,97,14.2,36,13675,93,1.2504909446247758,1.1422188906647641,0.6694143409718849,1.2273850455284776,0.5614530302964562,-1.3396748933878242,1.759065856055431,1.5536080293455437,-0.007652219861956637,1.6211201473361683,1.3645882269351624,0.0830645638304953,3.6109179126442243,1.1187099133306047,0.5823152107513745,High,2,1,1.2504909446247765,1.1422188906647655,0.6694143409718837,1.2273850455284778,0.5614530302964568,-1.339674893387824,1.7590658560554309,1.5536080293455452,-0.007652219861957268,1.6211201473361683,1.3645882269351624,0.08306456383049589,0.9858994490492295,1.1187099133305642,-1.1197426097672865,1.4151256580548508,0.6125530498969481
Buena Vista College,Yes,860,688,285,32,70,1928,442,13306,3797,450,950,62.0,69,8.8,10,6333,78,-0.6028462066853549,-0.5613676660185737,-0.5032550825645917,0.47565884296982625,0.04075430941373802,0.1729293238518454,0.7771092410121854,-0.6142542982610626,-0.48548409270739684,-0.7811031790800594,-0.8700943318940553,-1.3997522503124076,2.3978952727983707,-0.8061972791489666,0.8,High,2,1,-0.6028462066853544,-0.5613676660185727,-0.503255082564593,0.4756588429698263,0.04075430941373857,0.17292932385184565,0.777109241012185,-0.6142542982610609,-0.48548409270739745,-0.7811031790800594,-0.8700943318940553,-1.399752250312407,-0.9955858819980911,-0.8061972791490069,0.36101334232503157,1.4151256580548508,0.6125530498969481
Butler University,Yes,2362,2037,700,40,68,2607,148,13130,4650,500,1600,77.0,81,10.9,29,9511,83,0.35377640975641483,0.5417841529648036,0.46377431297298,0.8591123720558881,0.3380757557022782,-0.4982584079537135,0.7400414030092266,-0.22919460362735344,0.5922469197566411,0.18658916323670852,-0.060091883356808096,-0.7897561601567338,3.4011973816621555,0.3100924077001189,0.8624047417442845,High,2,1,0.35377640975641544,0.5417841529648049,0.4637743129729787,0.8591123720558882,0.33807575570227877,-0.4982584079537133,0.7400414030092263,-0.2291946036273518,0.5922469197566405,0.18658916323670846,-0.06009188335680806,-0.7897561601567332,0.643318740239679,0.3100924077000786,0.7855087473351297,1.4151256580548508,0.6125530498969481
Cabrini College,Yes,599,494,224,8,28,1035,446,10518,6250,300,300,59.0,76,16.5,36,7117,71,-0.9627479374787353,-0.9148542999364515,-0.785908258461157,-1.473054451276509,-0.637901228517088,0.1787627805838344,0.14681933353138032,-2.0483080496073764,-2.7257704667256846,-0.9497641272340495,-0.4230962065588109,0.6449537276656453,3.6109179126442243,-0.4602680687107282,0.8247078464106845,Medium,1,1,-0.9627479374787348,-0.9148542999364505,-0.7859082584611582,-1.4730544512765091,-0.6379012285170874,0.17876278058383466,0.14681933353138002,-2.0483080496073747,-2.725770466725685,-0.9497641272340495,-0.42309620655881086,0.6449537276656458,0.9858994490492295,-0.4602680687107685,0.5290833795668957,0.001818927581047415,0.6125530498969481
Caldwell College,Yes,1011,604,213,17,42,693,868,8900,4600,425,1000,87.0,96,13.9,25,7922,55,-0.4449148326110549,-0.6993568693654814,-0.8463351788191744,-0.49946894118390567,-1.127152826335479,0.6246208735534571,-0.27104314076609054,-0.8209747619128162,-0.3812772018018639,0.9467727128282987,1.2632379969775114,0.007245147886748601,3.258096538021482,-0.1613744579731097,0.5974282888229476,Medium,1,1,-0.4449148326110543,-0.6993568693654804,-0.8463351788191756,-0.4994689411839057,-1.1271528263354786,0.6246208735534573,-0.2710431407660908,-0.8209747619128145,-0.38127720180186453,0.9467727128282987,1.2632379969775114,0.007245147886749187,0.4095619963667674,-0.16137445797315,-1.0169390083481804,0.001818927581047415,0.6125530498969481
California Lutheran University,Yes,563,247,247,23,52,1427,432,12950,5300,612,576,72.0,74,12.4,17,8985,60,-1.0253830501368704,-1.6812550927070566,-0.6699373687490541,-0.05311907203067916,-0.2759914391812375,0.1581348585178636,0.7017919204959063,0.5242920897365386,-1.4814896984022952,-0.15899811554781332,-0.5579571392876599,-0.3818525909118409,2.8903717578961645,0.16834078692165702,0.43872113676731794,High,2,1,-1.0253830501368697,-1.6812550927070558,-0.6699373687490553,-0.05311907203067917,-0.2759914391812369,0.15813485851786385,0.701791920495906,0.5242920897365403,-1.4814896984022958,-0.15899811554781337,-0.5579571392876599,-0.38185259091184026,-0.1911203270674524,0.16834078692161672,-2.0965117284135446,1.4151256580548508,0.6125530498969481
California Polytechnic-San Luis,No,7811,3817,1650,47,73,12911,1404,7380,4877,612,2091,72.0,81,19.8,13,8453,59,1.3989615769398298,1.1432014091905676,1.2701763703042728,1.1501937769220454,1.6246892933412627,0.9653575739583252,-0.7119313609652208,0.5242920897365386,1.1619503468719805,-0.15899811554781332,-0.060091883356808096,1.4004471709358843,2.6390573296152584,0.011324884884015066,0.4886698246063244,Medium,1,0,1.3989615769398305,1.143201409190569,1.2701763703042714,1.1501937769220456,1.624689293341263,0.9653575739583254,-0.7119313609652211,0.5242920897365403,1.1619503468719798,-0.15899811554781337,-0.06009188335680806,1.400447170935885,-0.601645107695158,0.011324884883974762,-1.7567460650794124,0.001818927581047415,-1.6325116659989423
California State University at Fresno,No,4540,3294,1483,5,60,13494,1254,7706,4368,600,1926,90.0,90,21.2,8,7268,61,0.9360433396990501,1.0044106431533086,1.1755045582528716,-1.991623129577312,1.6542059610878725,0.8838387934629793,-0.6126695683392136,0.44960143907769445,0.9857796287849364,1.1927597836517578,0.6902976719925955,1.7059353653945974,2.1972245773362196,-0.400330928820029,0.7255506607929515,Medium,1,0,0.9360433396990506,1.00441064315331,1.1755045582528703,-1.9916231295773121,1.654205961087873,0.8838387934629796,-0.6126695683392139,0.44960143907769606,0.9857796287849357,1.1927597836517578,0.6902976719925955,1.7059353653945981,-1.3233835886260938,-0.4003309288200693,-0.14541295664005874,0.001818927581047415,-1.6325116659989423
Calvin College,Yes,1784,1512,913,29,56,3401,136,10230,3710,400,1210,75.0,81,14.8,41,7786,81,0.09506067768965824,0.24707821547234396,0.7250474053261897,0.3133361961439687,0.5842787509955023,-0.5471730267600206,0.07569594286834247,-1.0385747644412713,0.009474619696732101,0.045592781487855547,-0.060091883356808096,0.23285911133526874,3.7376696182833684,-0.20850617036806593,0.8475336322869955,Medium,1,1,0.09506067768965884,0.24707821547234507,0.7250474053261885,0.31333619614396874,0.5842787509955029,-0.5471730267600203,0.07569594286834218,-1.0385747644412697,0.00947461969673147,0.04559278148785549,-0.06009188335680806,0.23285911133526932,1.1929497028195202,-0.20850617036810623,0.6843510875872699,0.001818927581047415,0.6125530498969481
Campbell University,Yes,2087,1339,657,20,54,3191,1204,7550,2790,600,500,77.0,77,21.8,34,3739,63,0.24032072688163883,0.12517505125970604,0.3998340925880105,-0.2637884142137961,0.5265573908214919,0.8547042417087152,-0.6598175891537094,0.44960143907769445,-1.7565250578392297,0.18658916323670852,-0.35347352257287784,1.8344440104278008,3.5553480614894135,-2.671950574810417,0.6415908001916627,Medium,1,1,0.24032072688163944,0.12517505125970715,0.3998340925880092,-0.2637884142137962,0.5265573908214924,0.8547042417087154,-0.6598175891537097,0.44960143907769606,-1.7565250578392304,0.18658916323670846,-0.3534735225728778,1.8344440104278015,0.8951255085680089,-2.6719505748104573,-0.7165326189339857,0.001818927581047415,0.6125530498969481
Campbellsville College,Yes,848,587,298,25,55,935,184,6060,3070,600,1300,62.0,66,17.7,13,5391,49,-0.6166530934911131,-0.7297772784662587,-0.4520441593235879,0.07620224590010746,-0.7578008556512424,-0.3704128641720285,-1.1462683370580748,0.44960143907769445,0.15797762169666751,-0.7811031790800594,-1.0407110988557453,0.9259436201670271,2.6390573296152584,-1.3209395744714776,0.6922169811320755,Low,0,1,-0.6166530934911125,-0.7297772784662577,-0.45204415932358916,0.07620224590010746,-0.7578008556512419,-0.3704128641720283,-1.146268337058075,0.44960143907769606,0.15797762169666688,-0.7811031790800594,-1.0407110988557453,0.9259436201670277,-0.601645107695158,-1.320939574471518,-0.37215844829040096,-1.4114878028927562,0.6125530498969481
Canisius College,Yes,2853,2193,753,16,34,2978,434,10750,5340,400,1130,90.0,92,14.6,26,7972,64,0.5249273189467962,0.6138163373827594,0.5366193510238092,-0.5849046607537626,0.463076949269884,0.16111826630539056,0.20318825005073013,-1.0385747644412713,-0.1313791743861618,1.1927597836517578,0.8746535950171559,0.18319470580243435,3.295836866004329,-0.14435910867888574,0.768664563617245,Medium,1,1,0.5249273189467968,0.6138163373827606,0.536619351023808,-0.5849046607537627,0.4630769492698846,0.1611182663053908,0.20318825005072982,-1.0385747644412697,-0.13137917438616245,1.1927597836517578,0.8746535950171559,0.18319470580243494,0.47121122188858366,-0.14435910867892604,0.1478604890855732,0.001818927581047415,0.6125530498969481
Capital University,Yes,1747,1382,449,34,66,1662,960,13050,4000,500,800,64.0,69,12.1,27,9557,83,0.07552786174446585,0.15698458651118333,0.0025485042355144934,0.5776799288914051,-0.11291342235414788,0.6946674556874315,0.7230844371695309,-0.22919460362735344,-0.831740799103585,-0.6640532127193101,-0.8700943318940553,-0.4618260387652622,3.332204510175204,0.3219138639315183,0.7910704064109902,High,2,1,0.07552786174446645,0.15698458651118444,0.0025485042355132314,0.5776799288914052,-0.11291342235414732,0.6946674556874317,0.7230844371695305,-0.2291946036273518,-0.8317407991035857,-0.6640532127193101,-0.8700943318940553,-0.46182603876526157,0.5306181538634841,0.321913863931478,0.30027162076363334,1.4151256580548508,0.6125530498969481
Capitol College,Yes,100,90,35,10,52,282,331,8400,2812,300,2134,10.0,50,12.1,24,7976,52,-2.8904514673195236,-2.8653616941160602,-3.353213436028447,-1.2041414384332418,-2.3931913503392037,-0.01159251633041347,-0.4101964618018934,-2.0483080496073764,1.2057442275244938,-2.526499295344521,-1.7549633934685398,-0.4618260387652622,3.2188758248682006,-0.1430049917869521,0.9,Medium,1,1,-2.890451467319523,-2.86536169411606,-3.3532134360284482,-1.204141438433242,-2.3931913503392033,-0.011592516330413232,-0.4101964618018937,-2.0483080496073747,1.2057442275244932,-2.526499295344521,-1.7549633934685398,-0.46182603876526157,0.34549454598816776,-0.1430049917869924,1.0412427498106844,0.001818927581047415,0.6125530498969481
Carleton College,Yes,2694,1579,489,75,93,1870,12,19292,3957,550,550,81.0,93,10.4,60,17960,91,0.4732094618463482,0.2903294713684314,0.09364363595121389,2.064866071252274,0.009545198981378518,-1.7906089740186033,1.8825403099845799,0.12366360034857365,-1.5715860926720169,0.47962441223420943,0.9692990979140862,-0.930509623619824,4.110873864173311,1.6292275500286022,0.5861172976985894,High,2,1,0.4732094618463488,0.2903294713684325,0.09364363595121263,2.0648660712522746,0.009545198981379066,-1.790608974018603,1.8825403099845797,0.12366360034857528,-1.5715860926720175,0.4796244122342094,0.9692990979140862,-0.9305096236198235,1.8025827916211208,1.6292275500285618,-1.0938796962541568,1.4151256580548508,0.6125530498969481
Carnegie Mellon University,Yes,8728,5201,1191,60,89,4265,291,17900,5690,450,1250,86.0,93,9.2,31,24386,74,1.491431538977347,1.4300296656687814,0.9760309279034279,1.6144757210802627,0.7829020843937383,-0.09208974967983093,1.648206037169157,-0.6142542982610626,0.0766966911087716,0.8666156952783766,0.9692990979140862,-1.2795288599936459,3.4657359027997265,2.1190355408080515,0.5958982584784601,High,2,1,1.4914315389773476,1.4300296656687828,0.9760309279034267,1.614475721080263,0.7829020843937389,-0.09208974967983069,1.6482060371691567,-0.6142542982610609,0.07669669110877098,0.8666156952783766,0.9692990979140862,-1.2795288599936452,0.7487430981377603,2.119035540808011,-1.0273467246948385,1.4151256580548508,0.6125530498969481
Carroll College,Yes,1160,991,352,19,55,1357,737,12200,3880,480,930,74.0,81,17.8,25,7666,79,-0.3121447080494866,-0.1812104783431772,-0.26390684715303286,-0.33923404372499033,-0.3310020809793735,0.5123408454749714,0.538546706109194,-0.3790064844169328,-0.5285949292740616,-0.023524770795469573,-0.060091883356808096,0.9490194931800552,3.258096538021482,-0.251159987447066,0.8543103448275862,Medium,1,1,-0.31214470804948596,-0.18121047834317613,-0.26390684715303414,-0.3392340437249904,-0.33100208097937295,0.5123408454749716,0.5385467061091936,-0.3790064844169312,-0.5285949292740623,-0.023524770795469628,-0.06009188335680806,0.9490194931800557,0.4095619963667674,-0.2511599874471063,0.7304482791491357,0.001818927581047415,0.6125530498969481
Carson-Newman College,Yes,1096,951,464,27,62,1776,239,8150,3150,400,500,61.0,62,13.6,16,6716,67,-0.3667922933911203,-0.22365166196904177,0.03776773127009148,0.19803987368047163,-0.04362736644958191,-0.21316481794747633,-0.4818208158084276,-1.0385747644412713,-1.7565250578392297,-0.8382454790951654,-1.2494530951634284,-0.06921364143108524,2.833213344056216,-0.6294214451007852,0.8677007299270073,Medium,1,1,-0.3667922933911197,-0.2236516619690407,0.03776773127009022,0.19803987368047166,-0.04362736644958136,-0.21316481794747608,-0.4818208158084279,-1.0385747644412697,-1.7565250578392304,-0.8382454790951654,-1.2494530951634284,-0.06921364143108466,-0.28448920152158647,-0.6294214451008255,0.8215336163709752,0.001818927581047415,0.6125530498969481
Carthage College,Yes,1616,1427,434,20,43,1405,580,13125,3775,500,1300,74.0,89,15.9,22,7364,62,0.002620309848810453,0.18915993044771653,-0.03405472999721018,-0.2637884142137961,-0.2929196069874421,0.3511732797563741,0.7389835842826059,-0.22919460362735344,0.15797762169666751,-0.023524770795469573,0.6005650532112241,0.5014836937996878,3.1354942159291497,-0.36321439786746823,0.8830445544554455,High,2,1,0.0026203098488110565,0.18915993044771764,-0.034054729997211444,-0.2637884142137962,-0.29291960698744157,0.3511732797563743,0.7389835842826056,-0.2291946036273518,0.15797762169666688,-0.023524770795469628,0.6005650532112241,0.5014836937996884,0.20928980457225407,-0.36321439786750853,0.9259068230464086,1.4151256580548508,0.6125530498969481
Case Western Reserve University,Yes,3877,3156,713,71,93,3051,513,15700,4730,525,1460,95.0,95,2.9,29,19733,67,0.7978939756724668,0.9638369436592901,0.4822171115622501,1.9518471386888563,0.4854399743130696,0.27005634226328273,1.2520873745932648,-0.04910428867699247,0.3999140298383418,1.6211201473361683,1.1635803366973685,-3.550324457241616,3.4011973816621555,1.788735362496315,0.8140314676296105,High,2,1,0.7978939756724673,0.9638369436592913,0.48221711156224883,1.9518471386888565,0.4854399743130702,0.27005634226328296,1.2520873745932646,-0.04910428867699084,0.3999140298383412,1.6211201473361683,1.1635803366973685,-3.5503244572416155,0.643318740239679,1.7887353624962745,0.45645951144347224,1.4151256580548508,0.6125530498969481
Castleton State College,No,1257,940,363,9,22,1547,294,7656,4690,400,700,75.0,91,14.7,8,6318,79,-0.23520038799810603,-0.23565811553821633,-0.22966727240360338,-1.3330274833513367,-0.1889399771875729,-0.08571688992271767,-0.6277122745785015,-1.0385747644412713,-1.0977621251970406,0.045592781487855547,0.7816568116943878,0.20805976907672294,2.1972245773362196,-0.8134553204387812,0.7478122513922036,Medium,1,0,-0.23520038799810541,-0.23565811553821528,-0.22966727240360463,-1.333027483351337,-0.18893997718757236,-0.08571688992271743,-0.6277122745785019,-1.0385747644412697,-1.0977621251970413,0.04559278148785549,0.7816568116943878,0.20805976907672352,-1.3233835886260938,-0.8134553204388215,0.006016929190115975,0.001818927581047415,-1.6325116659989423
Catawba College,Yes,1083,880,291,13,34,915,80,9270,4100,600,1860,75.0,82,13.5,27,8425,55,-0.3783106316253309,-0.3039095361518166,-0.4792915107356542,-0.867676873013996,-0.7836612961375098,-0.844973801065171,-0.17134355406045979,0.44960143907769445,0.9113698004092188,0.045592781487855547,0.01703484187169807,-0.09484535878691201,3.332204510175204,0.002639473321260854,0.8125577100646353,Medium,1,1,-0.3783106316253303,-0.3039095361518156,-0.47929151073565546,-0.8676768730139961,-0.7836612961375092,-0.8449738010651707,-0.1713435540604601,0.44960143907769606,0.9113698004092181,0.04559278148785549,0.017034841871698108,-0.09484535878691143,0.5306181538634841,0.0026394733212205487,0.4464345790914661,0.001818927581047415,0.6125530498969481
Catholic University of America,Yes,1754,1465,505,24,49,2159,211,13712,6408,526,1100,90.0,96,9.3,18,12751,75,0.07925709367934851,0.215496522180807,0.1277022681171588,0.012544204192919125,0.15457554958110464,-0.2885928819247599,0.8614061931799917,-0.04205732052470541,-0.18659120676503163,1.1927597836517578,1.2632379969775114,-1.2497929358770419,2.9444389791664403,0.9750488092760702,0.8352337514253135,High,2,1,0.0792570936793491,0.21549652218080811,0.12770226811715754,0.012544204192919118,0.1545755495811052,-0.2885928819247597,0.8614061931799913,-0.04205732052470378,-0.18659120676503227,1.1927597836517578,1.2632379969775114,-1.2497929358770412,-0.10280094841912382,0.9750488092760299,0.6006836808804094,1.4151256580548508,0.6125530498969481
Cazenovia College,Yes,3847,3433,527,9,35,1010,12,9384,4840,600,500,22.0,47,14.3,20,7697,100,0.7910550476884703,1.0434812888947471,0.17255324566150462,-1.3330274833513367,-0.6665102013047234,-1.7906089740186033,-0.14115332886810525,0.44960143907769445,-1.7565250578392297,-2.346250856351914,-1.854952083311673,0.10819887684225446,3.044522437723423,-0.24004288438780513,0.8923836755913699,Medium,1,1,0.7910550476884709,1.0434812888947484,0.17255324566150337,-1.333027483351337,-0.6665102013047228,-1.790608974018603,-0.14115332886810555,0.44960143907769606,-1.7565250578392304,-2.346250856351914,-1.854952083311673,0.10819887684225504,0.060686441260878146,-0.24004288438784543,0.9894342714136745,0.001818927581047415,0.6125530498969481
Cedar Crest College,Yes,776,607,198,25,58,791,764,14340,5285,500,1000,58.0,83,11.7,39,10961,74,-0.7041618001642567,-0.6940836829630797,-0.9348022212528749,0.07620224590010746,-0.9610553969776774,0.5368781036420703,0.9886251869582499,-0.22919460362735344,-0.3812772018018639,-1.0041402352396067,0.09569733284866454,-0.5696679334896119,3.6888794541139363,0.6451483961369349,0.7822164948453608,High,2,1,-0.7041618001642561,-0.6940836829630787,-0.9348022212528762,0.07620224590010746,-0.9610553969776768,0.5368781036420706,0.9886251869582495,-0.2291946036273518,-0.38127720180186453,-1.0041402352396067,0.09569733284866458,-0.5696679334896113,1.113250452842285,0.6451483961368946,0.24004471058144863,1.4151256580548508,0.6125530498969481
Cedarville College,Yes,1307,1090,616,25,55,2196,82,7344,4410,570,1000,50.0,52,15.3,34,6897,64,-0.19798955093709875,-0.08358613976269118,0.334203741912197,0.07620224590010746,0.17142471130075682,-0.8314593967701951,-0.7230681594635857,0.257019020518055,-0.3812772018018639,-1.4059352088535653,-1.6826681864267155,0.35589122750062535,3.5553480614894135,-0.5511929264537687,0.8339709257842387,Medium,1,1,-0.19798955093709814,-0.08358613976269011,0.3342037419121957,0.07620224590010746,0.17142471130075737,-0.8314593967701949,-0.723068159463586,0.2570190205180566,-0.38127720180186453,-1.4059352088535653,-1.6826681864267155,0.35589122750062596,0.8951255085680089,-0.551192926453809,0.5920935695045492,0.001818927581047415,0.6125530498969481
Centenary College,Yes,369,312,90,12,46,396,526,11400,5400,500,760,41.0,85,9.5,20,9583,24,-1.459926785244685,-1.418835742442869,-1.9558613683361072,-0.972731667786928,-1.8856391729747428,0.2865138104912053,0.3569790488367386,-0.22919460362735344,-0.9342388053602274,-1.7873111308948664,0.25767565625110594,-1.1906916694765612,3.044522437723423,0.328556812105892,0.8455284552845529,Medium,1,1,-1.4599267852446844,-1.4188357424428681,-1.9558613683361086,-0.9727316677869281,-1.8856391729747424,0.2865138104912055,0.3569790488367383,-0.2291946036273518,-0.9342388053602281,-1.7873111308948664,0.257675656251106,-1.1906916694765606,0.060686441260878146,0.3285568121058517,0.6707112839445158,0.001818927581047415,0.6125530498969481
Centenary College of Louisiana,Yes,495,434,210,35,55,775,44,8950,3490,600,1900,86.0,92,11.3,25,9685,66,-1.1563673825857488,-1.055253369508631,-0.8634418219585471,0.6270233788095004,-0.9864037673793918,-1.1623087972167594,-0.2574130404925574,0.44960143907769445,0.9567527520563348,0.8666156952783766,0.8746535950171559,-0.6789541283407586,3.258096538021482,0.35435151159408,0.8767676767676768,Medium,1,1,-1.1563673825857481,-1.0552533695086301,-0.8634418219585484,0.6270233788095005,-0.9864037673793913,-1.1623087972167592,-0.2574130404925577,0.44960143907769606,0.9567527520563341,0.8666156952783766,0.8746535950171559,-0.6789541283407581,0.4095619963667674,0.3543515115940397,0.8832096551423001,0.001818927581047415,0.6125530498969481
Center for Creative Studies,Yes,601,396,203,1,20,525,323,11230,6643,2340,620,8.0,58,6.8,4,13025,47,-0.9593874737028985,-1.1553649344311452,-0.9044781643608881,-3.361268809322709,-1.4918364333182508,-0.026962778119205975,0.31732516147642065,6.05301815688367,-1.3372646171746043,-2.5434765629659943,-1.4375163915219222,-2.036203154870672,1.6094379124341003,1.0192856974959223,0.6589018302828619,Medium,1,1,-0.9593874737028979,-1.1553649344311443,-0.9044781643608893,-3.3612688093227097,-1.4918364333182503,-0.026962778119205735,0.31732516147642037,6.053018156883672,-1.337264617174605,-2.5434765629659943,-1.4375163915219222,-2.0362031548706714,-2.2835393318336408,1.019285697495882,-0.5987779015149586,0.001818927581047415,0.6125530498969481
Central College,Yes,1283,1113,401,31,65,1355,40,10938,3660,650,600,76.0,90,13.5,29,8444,67,-0.21565654627162462,-0.062262973948628716,-0.11998966754555603,0.4228593760746721,-0.3326243613416381,-1.211189781762898,0.24828307838356609,0.7526774068770612,-1.4016057555673218,0.11563079124223473,0.6902976719925955,-0.09484535878691201,3.4011973816621555,0.008537990214792795,0.8674980514419329,Medium,1,1,-0.215656546271624,-0.06226297394862764,-0.11998966754555729,0.42285937607467217,-0.33262436134163753,-1.2111897817628978,0.24828307838356578,0.7526774068770629,-1.4016057555673225,0.11563079124223467,0.6902976719925955,-0.09484535878691143,0.643318740239679,0.00853799021475249,0.8201549377128529,0.001818927581047415,0.6125530498969481
Central Connecticut State University,No,4158,2532,902,6,24,6394,3881,5962,4444,500,985,69.0,73,16.7,4,4900,49,0.8593234112091818,0.7530756514875347,0.713356437775716,-1.7978331880954055,1.1145356649136144,1.7413779548467743,-1.1809047034307898,-0.22919460362735344,-0.41202307055345627,-0.3553022448597683,-0.6232192944825511,0.6923240937679691,1.6094379124341003,-1.6480951708121505,0.6089466089466089,Low,0,0,0.8593234112091823,0.753075651487536,0.7133564377757148,-1.7978331880954057,1.1145356649136149,1.7413779548467745,-1.18090470343079,-0.2291946036273518,-0.4120230705534569,-0.35530224485976836,-0.6232192944825511,0.6923240937679697,-2.2835393318336408,-1.648095170812191,-0.9385880076186986,-1.4114878028927562,-1.6325116659989423
Central Missouri State University,No,4681,4101,1436,10,35,8094,1596,4620,3288,300,2250,69.0,80,19.7,4,5501,50,0.9626252995081637,1.2102826784775922,1.1466258531013203,-1.2041414384332418,1.294511547029418,1.0589431691000166,-1.698189396709275,-2.0483080496073764,1.319933419839818,-0.3553022448597683,-0.1356944211524122,1.3783101875984967,1.6094379124341003,-1.2538849562609649,0.8760948515274514,Low,0,0,0.9626252995081642,1.2102826784775935,1.146625853101319,-1.204141438433242,1.2945115470294184,1.0589431691000168,-1.6981893967092752,-2.0483080496073747,1.3199334198398174,-0.35530224485976836,-0.13569442115241218,1.3783101875984973,-2.2835393318336408,-1.2538849562610053,0.8786328999973011,-1.4114878028927562,-1.6325116659989423
Central Washington University,No,2785,2011,1007,8,65,6507,898,7242,3603,654,1416,67.0,89,18.1,0,6413,51,0.5031971903602833,0.5292069248091146,0.8187687392015924,-1.473054451276509,1.1282306812538574,0.648168461527992,-0.7548184765600304,0.7760362519026188,0.3359295207264105,-0.481566548430211,0.6005650532112241,1.0179463816947247,0.0,-0.7679308655684326,0.7220825852782765,Low,0,0,0.5031971903602839,0.5292069248091158,0.8187687392015912,-1.4730544512765091,1.1282306812538578,0.6481684615279922,-0.7548184765600308,0.7760362519026205,0.3359295207264099,-0.48156654843021107,0.6005650532112241,1.0179463816947254,-4.9125732096554495,-0.7679308655684729,-0.16900382616468737,-1.4114878028927562,-1.6325116659989423
Central Wesleyan College,Yes,174,146,88,8,29,1047,33,8300,3080,600,600,62.0,62,15.2,18,3365,58,-2.2669457015162813,-2.28760817896045,-1.9868129790129117,-1.473054451276509,-0.6244665158021974,-1.308458762070803,-0.4386758937990879,0.44960143907769445,-1.4016057555673218,-0.7811031790800594,-1.2494530951634284,0.33141144399481504,2.9444389791664403,-3.1134535727710793,0.8390804597701149,Medium,1,1,-2.266945701516281,-2.2876081789604497,-1.986812979012913,-1.4730544512765091,-0.6244665158021968,-1.3084587620708028,-0.43867589379908817,0.44960143907769606,-1.4016057555673225,-0.7811031790800594,-1.2494530951634284,0.33141144399481565,-0.10280094841912382,-3.1134535727711197,0.6268501222619529,0.001818927581047415,0.6125530498969481
Centre College,Yes,1013,888,288,55,82,943,7,11850,4270,600,900,95.0,99,11.4,60,13118,74,-0.4429968284369254,-0.29452658494305894,-0.49120131580162457,1.4457068812376719,-0.7476448154886621,-2.028489116527091,0.4601038015829847,0.44960143907769445,-0.5948985251933547,1.6211201473361683,1.572409762644023,-0.6514933665420358,4.110873864173311,1.0339755894704978,0.876604146100691,Medium,1,1,-0.4429968284369248,-0.29452658494305795,-0.49120131580162585,1.445706881237672,-0.7476448154886616,-2.0284891165270906,0.4601038015829844,0.44960143907769606,-0.5948985251933554,1.6211201473361683,1.572409762644023,-0.6514933665420353,1.8025827916211208,1.0339755894704574,0.8820972714552059,0.001818927581047415,0.6125530498969481
Chapman University,Yes,959,771,351,23,48,1662,209,16624,5895,600,1100,72.0,80,12.8,6,12692,47,-0.4962640449001752,-0.4416824490834827,-0.26708059183727545,-0.05311907203067916,-0.11291342235414788,-0.2943199092245855,1.4226353908535947,0.44960143907769445,-0.18659120676503163,-0.15899811554781332,-0.1356944211524122,-0.2763826353397781,1.9459101490553132,0.9653310656928498,0.8039624608967675,High,2,1,-0.4962640449001746,-0.4416824490834817,-0.2670805918372767,-0.05311907203067917,-0.11291342235414732,-0.2943199092245853,1.4226353908535945,0.44960143907769606,-0.18659120676503227,-0.15899811554781337,-0.13569442115241218,-0.27638263533977747,-1.7339083692537995,0.9653310656928095,0.38796716660496344,1.4151256580548508,0.6125530498969481
Chatham College,Yes,212,197,91,28,56,471,148,13500,5230,400,850,95.0,98,9.3,37,16095,52,-2.0505955623423007,-1.9394002377675363,-1.9406816460424114,0.25645415555414425,-1.6405464277573576,-0.4982584079537135,0.817596785733177,-1.0385747644412713,-0.7100928488284425,1.6211201473361683,1.467641878959388,-1.2497929358770419,3.6375861597263857,1.4329085405239892,0.9292452830188679,High,2,1,-2.0505955623423002,-1.9394002377675355,-1.9406816460424128,0.2564541555541443,-1.6405464277573572,-0.4982584079537133,0.8175967857331766,-1.0385747644412697,-0.7100928488284431,1.6211201473361683,1.467641878959388,-1.2497929358770412,1.0294623131395182,1.4329085405239488,1.2401777652074315,1.4151256580548508,0.6125530498969481
Chestnut Hill College,Yes,342,254,126,25,64,518,232,10335,5015,700,850,71.0,71,8.3,29,7729,73,-1.5395091976309303,-1.6496397205359277,-1.5049785784373977,0.07620224590010746,-1.510036284834786,-0.23124356768754165,0.10177691395341366,1.0360807079976635,-0.7100928488284425,-0.2253537109704769,-0.7494672137091747,-1.5530655010797432,3.4011973816621555,-0.22863936856296435,0.7426900584795322,Medium,1,1,-1.5395091976309296,-1.6496397205359268,-1.504978578437399,0.07620224590010746,-1.5100362848347855,-0.2312435676875414,0.10177691395341337,1.036080707997665,-0.7100928488284431,-0.22535371097047696,-0.7494672137091747,-1.5530655010797425,0.643318740239679,-0.22863936856300465,-0.028825733310021237,0.001818927581047415,0.6125530498969481
Christendom College,Yes,81,72,51,33,71,139,3,8730,3600,400,800,92.0,92,9.3,17,10922,58,-3.1343364701770717,-3.138426363041937,-2.7718281850637636,0.5272445442404744,-3.5801190477343208,-2.3777403148239418,-0.31776530316597534,-1.0385747644412713,-0.831740799103585,1.3613470368188663,0.8746535950171559,-1.2497929358770419,2.8903717578961645,0.6370436045066589,0.8888888888888888,Medium,1,1,-3.1343364701770713,-3.1384263630419365,-2.771828185063765,0.5272445442404745,-3.5801190477343203,-2.3777403148239413,-0.3177653031659756,-1.0385747644412697,-0.8317407991035857,1.3613470368188663,0.8746535950171559,-1.2497929358770412,-0.1911203270674524,0.6370436045066186,0.9656617045345003,0.001818927581047415,0.6125530498969481
Christian Brothers University,Yes,880,520,224,16,42,1068,364,9300,3260,600,900,81.0,81,11.1,24,8129,63,-0.5802877255931336,-0.8595869242702061,-0.785908258461157,-0.5849046607537626,-0.6014014697757547,0.04846520513052674,-0.1633752172840885,0.44960143907769445,-0.5948985251933547,0.47962441223420943,-0.060091883356808096,-0.7341609556836688,3.2188758248682006,-0.09198372173213068,0.5909090909090909,Medium,1,1,-0.580287725593133,-0.8595869242702051,-0.7859082584611582,-0.5849046607537627,-0.6014014697757541,0.048465205130526975,-0.1633752172840888,0.44960143907769606,-0.5948985251933554,0.4796244122342094,-0.06009188335680806,-0.7341609556836682,0.34549454598816776,-0.09198372173217098,-1.0612845096904249,0.001818927581047415,0.6125530498969481
Christopher Newport University,No,883,766,428,3,37,2910,1749,7860,4750,525,1889,75.0,82,21.2,16,4639,48,-0.5769514473898469,-0.4484937825875716,-0.04910670659024408,-2.488799584590381,0.4416361184343688,1.1265120299043916,-0.5667371044636494,-0.04910428867699247,0.9443612941732099,0.045592781487855547,0.01703484187169807,1.7059353653945974,2.833213344056216,-1.8433972369198268,0.8674971687429218,Medium,1,0,-0.5769514473898464,-0.4484937825875706,-0.049106706590245346,-2.4887995845903816,0.44163611843436934,1.1265120299043918,-0.5667371044636498,-0.04910428867699084,0.9443612941732092,0.04559278148785549,0.017034841871698108,1.7059353653945981,-0.28448920152158647,-1.8433972369198672,0.8201489333345998,0.001818927581047415,-1.6325116659989423
Claflin College,Yes,1196,697,499,21,47,959,13,4412,2460,500,1000,69.0,69,16.9,31,7083,21,-0.28280912822589194,-0.5476632109287557,0.11507806467597285,-0.19109950858549485,-0.7276442458726138,-1.7541900886425583,-1.786903830420274,-0.22919460362735344,-0.3812772018018639,-0.3553022448597683,-0.8700943318940553,0.7394742565334033,3.4657359027997265,-0.47403504891383386,0.5827759197324415,Low,0,1,-0.2828091282258913,-0.5476632109287547,0.11507806467597159,-0.19109950858549488,-0.7276442458726132,-1.754190088642558,-1.7869038304202742,-0.2291946036273518,-0.38127720180186453,-0.35530224485976836,-0.8700943318940553,0.7394742565334038,0.7487430981377603,-0.47403504891387416,-1.1166087317951414,-1.4114878028927562,0.6125530498969481
Claremont McKenna College,Yes,1860,767,227,71,93,887,1,17000,6010,500,850,99.0,99,9.6,52,18443,87,0.13385363893363678,-0.4471277202975368,-0.7700207147094392,1.9518471386888563,-0.8210469405406026,-2.789154165730728,1.4902527561246501,-0.22919460362735344,-0.7100928488284425,1.9803465843944406,1.572409762644023,-1.161322711796831,3.970291913552122,1.6750172127554934,0.41236559139784945,High,2,1,0.1338536389336374,-0.4471277202975358,-0.7700207147094404,1.9518471386888565,-0.821046940540602,-2.7891541657307277,1.49025275612465,-0.2291946036273518,-0.7100928488284431,1.9803465843944406,1.572409762644023,-1.1613227117968303,1.5729406861767377,1.675017212755453,-2.2757898985198928,1.4151256580548508,0.6125530498969481
Clark University,Yes,2887,2059,457,30,61,1928,296,17500,4200,500,950,94.0,95,10.5,35,11951,79,0.5355849600909859,0.5522930890582676,0.021498078118750364,0.36877700770497285,0.04075430941373802,-0.08150079528244612,1.5786643424998181,-0.22919460362735344,-0.48548409270739684,1.5336102495926123,1.1635803366973685,-0.9021518863751771,3.58351893845611,0.8370429157295124,0.713197090405265,High,2,1,0.5355849600909864,0.5522930890582688,0.0214980781187491,0.3687770077049729,0.04075430941373857,-0.08150079528244589,1.578664342499818,-0.2291946036273518,-0.48548409270739745,1.5336102495926123,1.1635803366973685,-0.9021518863751765,0.9411429344911897,0.8370429157294721,-0.22944557529154153,1.4151256580548508,0.6125530498969481
Clarke College,Yes,460,340,167,14,45,604,350,10740,3676,350,900,67.0,71,11.0,27,7963,74,-1.2315379498332575,-1.3233585876454554,-1.1449724814438131,-0.768473675269448,-1.3049380131993689,0.023611289917723172,0.20077512590340488,-1.5119094047906834,-0.5948985251933547,-0.481566548430211,-0.7494672137091747,-0.7619093999483375,3.332204510175204,-0.14740970669691744,0.7391304347826086,Medium,1,1,-1.2315379498332568,-1.3233585876454546,-1.1449724814438145,-0.7684736752694481,-1.3049380131993684,0.023611289917723412,0.20077512590340457,-1.5119094047906818,-0.5948985251933554,-0.48156654843021107,-0.7494672137091747,-0.761909399948337,0.5306181538634841,-0.14740970669695774,-0.05303934049232307,0.001818927581047415,0.6125530498969481
Clarkson University,Yes,2174,1953,557,35,68,2332,53,15960,5580,700,1300,95.0,95,15.8,32,11659,77,0.2778680738960416,0.5005120717795323,0.23034972227705494,0.6270233788095004,0.23050678835802393,-1.065526666446129,1.300729305606375,1.0360807079976635,0.15797762169666751,1.6211201473361683,1.1635803366973685,0.47736869024981116,3.4965075614664802,0.7830642867453493,0.8983440662373505,High,2,1,0.27786807389604223,0.5005120717795335,0.2303497222770537,0.6270233788095005,0.2305067883580245,-1.0655266664461287,1.3007293056063747,1.036080707997665,0.15797762169666688,1.6211201473361683,1.1635803366973685,0.47736869024981177,0.7990089285165864,0.783064286745309,1.029978601388659,1.4151256580548508,0.6125530498969481
Clemson University,No,8065,5257,2301,37,65,11755,770,8116,3610,800,1618,82.0,88,18.0,17,7597,73,1.4256960666119673,1.4398489258503566,1.5554826330790306,0.7226458157909567,1.5610453913026743,0.5422245335870924,-0.4916727253520716,1.5536080293455437,0.6158347069844742,0.5551832097645348,0.5124477851823425,0.995020485992735,2.8903717578961645,-0.27615526546525354,0.651828890266584,Medium,1,0,1.425696066611968,1.439848925850358,1.5554826330790292,0.7226458157909568,1.5610453913026747,0.5422245335870927,-0.4916727253520719,1.5536080293455452,0.6158347069844735,0.5551832097645348,0.5124477851823425,0.9950204859927355,-0.1911203270674524,-0.27615526546529384,-0.6468901194795014,0.001818927581047415,-1.6325116659989423
Clinch Valley Coll. of  the Univ. of Virginia,No,689,561,250,15,30,1125,422,7168,3689,600,1900,67.0,67,18.1,9,4417,46,-0.8223283258418135,-0.7781737218182155,-0.6557335849767544,-0.6744109272506594,-0.5414843212497517,0.14302848656282782,-0.7780373645702803,0.44960143907769445,0.9567527520563348,-0.481566548430211,-0.9851988400469104,1.0179463816947247,2.302585092994046,-2.0233600141211787,0.8142235123367199,Low,0,0,-0.8223283258418129,-0.7781737218182145,-0.6557335849767556,-0.6744109272506595,-0.5414843212497511,0.14302848656282807,-0.7780373645702806,0.44960143907769606,0.9567527520563341,-0.48156654843021107,-0.9851988400469104,1.0179463816947254,-1.1512760702749985,-2.023360014121219,0.4577658560167495,-1.4114878028927562,-1.6325116659989423
Coe College,Yes,1006,742,275,29,60,1127,205,13925,4390,500,2200,73.0,86,12.7,32,10141,67,-0.449727706517667,-0.48186383999989046,-0.5445170242620033,0.3133361961439687,-0.5394495289192724,-0.3059236890617398,0.9049763854520162,-0.22919460362735344,1.271398499406051,-0.09172176908837011,0.3410143789166372,-0.3026284436876273,3.4965075614664802,0.46473766683990486,0.7375745526838966,High,2,1,-0.4497277065176664,-0.48186383999988947,-0.5445170242620045,0.31333619614396874,-0.5394495289192719,-0.30592368906173956,0.9049763854520159,-0.2291946036273518,1.2713984994060503,-0.09172176908837017,0.3410143789166373,-0.3026284436876267,0.7990089285165864,0.46473766683986456,-0.06362290807356737,1.4151256580548508,0.6125530498969481
Coker College,Yes,604,452,295,15,47,690,222,9888,4502,400,1000,64.0,77,12.1,39,8741,75,-0.9543692060010741,-1.0110570163081176,-0.46363023437733797,-0.6744109272506594,-1.1326827264257664,-0.25794229884583064,-0.010492915918669883,-1.0385747644412713,-0.3812772018018639,-0.6640532127193101,-0.35347352257287784,-0.4618260387652622,3.6888794541139363,0.09815665301552465,0.7483443708609272,Medium,1,1,-0.9543692060010736,-1.0110570163081167,-0.46363023437733925,-0.6744109272506595,-1.132682726425766,-0.2579422988458304,-0.010492915918670177,-1.0385747644412697,-0.38127720180186453,-0.6640532127193101,-0.3534735225728778,-0.46182603876526157,1.113250452842285,0.09815665301548435,0.009636562299330034,0.001818927581047415,0.6125530498969481
Colby College,Yes,2848,1319,456,58,84,1720,35,18930,5590,500,1000,83.0,94,10.2,41,15954,91,0.5233485340651253,0.11000576441484455,0.01915039086089075,1.548272359906457,-0.07696291798306465,-1.2789032854925582,1.822698070132443,-0.22919460362735344,-0.3812772018018639,0.6316618234008086,1.0656043502924986,-0.9875453814266576,3.7376696182833684,1.416641000688537,0.4631320224719101,High,2,1,0.5233485340651258,0.11000576441484565,0.019150390860889488,1.5482723599064572,-0.0769629179830641,-1.278903285492558,1.8226980701324427,-0.2291946036273518,-0.38127720180186453,0.6316618234008086,1.0656043502924986,-0.987545381426657,1.1929497028195202,1.4166410006884966,-1.9304617052231974,1.4151256580548508,0.6125530498969481
Colgate University,Yes,4856,2492,727,46,75,2649,25,19510,5565,500,750,95.0,98,10.5,45,15494,93,0.9944470370214227,0.7377161324028002,0.5016497488964017,1.1106782881401163,0.35328393106914857,-1.4456176595845187,1.91822272865028,-0.22919460362735344,-0.9606431574714017,1.6211201473361683,1.467641878959388,-0.9021518863751771,3.828641396489095,1.3619902426424013,0.5131795716639209,High,2,1,0.9944470370214232,0.7377161324028014,0.5016497488964005,1.1106782881401165,0.3532839310691491,-1.4456176595845185,1.9182227286502798,-0.2291946036273518,-0.9606431574714024,1.6211201473361683,1.467641878959388,-0.9021518863751765,1.341553066130896,1.361990242642361,-1.5900235578932915,1.4151256580548508,0.6125530498969481
College Misericordia,Yes,1432,888,317,29,58,1121,493,10860,5760,550,900,56.0,62,12.9,23,8604,96,-0.11126875844418851,-0.29452658494305894,-0.3816578689187389,0.3133361961439687,-0.5455671659013944,0.24398810214401248,0.22963581213625453,0.12366360034857365,-0.5948985251933547,-1.1101254032815964,-1.2494530951634284,-0.250216479237428,3.1780538303479458,0.057410379160673985,0.6201117318435754,Medium,1,1,-0.11126875844418792,-0.29452658494305795,-0.38165786891874015,0.31333619614396874,-0.5455671659013939,0.24398810214401273,0.22963581213625422,0.12366360034857528,-0.5948985251933554,-1.1101254032815964,-1.2494530951634284,-0.2502164792374274,0.2788113855351543,0.05741037916063368,-0.8626395582916185,0.001818927581047415,0.6125530498969481
College of Charleston,No,4772,3140,1265,22,55,6851,1200,6120,3460,666,2316,73.0,78,17.2,18,4776,51,0.9793288829315387,0.959010423632918,1.0315371608494812,-0.12094221917214973,1.1682002487433543,0.8523266270880496,-1.1252436803842232,0.8453735566801786,1.3824926166437281,-0.09172176908837011,-0.28237352323745246,0.8097944922590647,2.9444389791664403,-1.7388292182536402,0.6580050293378038,Low,0,0,0.9793288829315393,0.9590104236329192,1.0315371608494799,-0.12094221917214976,1.1682002487433547,0.8523266270880498,-1.1252436803842234,0.8453735566801802,1.3824926166437275,-0.09172176908837017,-0.2823735232374524,0.8097944922590653,-0.10280094841912382,-1.7388292182536806,-0.6048782052698527,-1.4114878028927562,-1.6325116659989423
College of Mount St. Joseph,Yes,798,620,238,14,41,1165,1232,9800,4430,400,1150,46.0,46,11.1,35,6889,100,-0.6765289411554748,-0.6715507605793893,-0.7137726584357241,-0.768473675269448,-0.5016046522210059,0.8711509956451351,-0.03298609131842826,-1.0385747644412713,-0.09532026042061388,-1.584675991833187,-1.886083615874445,-0.7341609556836688,3.58351893845611,-0.5545834559422547,0.7769423558897243,Medium,1,1,-0.6765289411554742,-0.6715507605793883,-0.7137726584357253,-0.7684736752694481,-0.5016046522210054,0.8711509956451353,-0.03298609131842855,-1.0385747644412697,-0.0953202604206145,-1.584675991833187,-1.886083615874445,-0.7341609556836682,0.9411429344911897,-0.554583455942295,0.2041684664135521,0.001818927581047415,0.6125530498969481
College of Mount St. Vincent,Yes,946,648,177,23,46,707,432,11790,5770,500,1000,75.0,77,11.9,35,10015,83,-0.5095686092726218,-0.62468773637268,-1.0725717045288303,-0.05311907203067916,-1.1017269914478578,0.1581348585178636,0.4465041895937315,-0.22919460362735344,-0.3812772018018639,0.045592781487855547,-0.35347352257287784,-0.5155706927336406,3.58351893845611,0.4350125389199102,0.6849894291754757,Medium,1,1,-0.5095686092726213,-0.624687736372679,-1.0725717045288317,-0.05311907203067917,-1.1017269914478574,0.15813485851786385,0.4465041895937312,-0.2291946036273518,-0.38127720180186453,0.04559278148785549,-0.3534735225728778,-0.5155706927336401,0.9411429344911897,0.4350125389198699,-0.4213223821404979,0.001818927581047415,0.6125530498969481
College of Notre Dame,Yes,344,264,97,11,42,500,331,12600,5520,630,2250,77.0,80,10.4,7,9773,43,-1.5333866929483522,-1.606054996912565,-1.8534678516103478,-1.0845174670653985,-1.5582463889076321,-0.01159251633041347,0.6264060545068413,0.6339700079371658,1.319933419839818,0.18658916323670852,-0.1356944211524122,-0.930509623619824,2.0794415416798357,0.3762713832594756,0.7674418604651163,Medium,1,1,-1.5333866929483515,-1.6060549969125641,-1.853467851610349,-1.0845174670653988,-1.5582463889076317,-0.011592516330413232,0.626406054506841,0.6339700079371675,1.3199334198398174,0.18658916323670846,-0.13569442115241218,-0.9305096236198235,-1.515783424979524,0.3762713832594353,0.13954330267853982,0.001818927581047415,0.6125530498969481
College of Notre Dame of Maryland,Yes,457,356,177,35,61,667,1983,11180,5620,600,700,64.0,64,11.5,32,7477,75,-1.2382646745301185,-1.2725043435246963,-1.0725717045288303,0.6270233788095004,-1.1760763655527264,1.2201932091694032,0.3055872717085839,0.44960143907769445,-1.0977621251970406,-0.6640532127193101,-1.1477182127095475,-0.6241261617099947,3.4965075614664802,-0.32047004302710774,0.7789934354485777,Medium,1,1,-1.2382646745301178,-1.2725043435246954,-1.0725717045288317,0.6270233788095005,-1.176076365552726,1.2201932091694034,0.30558727170858363,0.44960143907769606,-1.0977621251970413,-0.6640532127193101,-1.1477182127095475,-0.6241261617099941,0.7990089285165864,-0.32047004302714804,0.21812051274380004,0.001818927581047415,0.6125530498969481
College of Saint Benedict,Yes,938,864,511,29,62,1715,103,12247,4221,500,600,70.0,88,13.1,26,8847,72,-0.5178538872860821,-0.32295212481625646,0.14015464237242803,0.3133361961439687,-0.08000351020340361,-0.7050979406155996,0.5489673813859551,-0.22919460362735344,-1.4016057555673218,-0.29078845475452025,0.5124477851823425,-0.1981197138629203,3.295836866004329,0.12901315480587983,0.9211087420042644,Medium,1,1,-0.5178538872860815,-0.32295212481625546,0.14015464237242678,0.31333619614396874,-0.08000351020340306,-0.7050979406155994,0.5489673813859548,-0.2291946036273518,-1.4016057555673225,-0.2907884547545203,0.5124477851823425,-0.1981197138629197,0.47121122188858366,0.12901315480583952,1.1848306204739671,0.001818927581047415,0.6125530498969481
College of Saint Catherine,Yes,511,411,186,23,51,1692,562,12224,4440,450,1000,63.0,87,11.5,32,7315,77,-1.1238821908088155,-1.114668160682745,-1.0113347036172096,-0.05311907203067916,-0.09413075140728641,0.33024616355550596,0.5438711907586482,-0.6142542982610626,-0.3812772018018639,-0.7230390518843525,0.4259346495311623,-0.6241261617099947,3.4965075614664802,-0.382065425063475,0.8043052837573386,Medium,1,1,-1.1238821908088148,-1.1146681606827442,-1.011334703617211,-0.05311907203067917,-0.09413075140728586,0.3302461635555062,0.5438711907586479,-0.6142542982610609,-0.38127720180186453,-0.7230390518843525,0.42593464953116233,-0.6241261617099941,0.7990089285165864,-0.3820654250635153,0.39029914851815145,0.001818927581047415,0.6125530498969481
College of Saint Elizabeth,Yes,444,359,122,34,53,493,968,10900,5250,380,1000,68.0,70,11.4,23,9447,78,-1.2679716439570874,-1.2632415746016379,-1.5472072620963404,0.5776799288914051,-1.5775694015178292,0.7004688394881605,0.2392094638614887,-1.2213597712166244,-0.3812772018018639,-0.4188949777661247,-0.8104772611976783,-0.6514933665420358,3.1780538303479458,0.29349768312781255,0.8085585585585585,Medium,1,1,-1.2679716439570867,-1.263241574601637,-1.5472072620963417,0.5776799288914052,-1.5775694015178288,0.7004688394881607,0.2392094638614884,-1.2213597712166229,-0.38127720180186453,-0.4188949777661248,-0.8104772611976783,-0.6514933665420353,0.2788113855351543,0.29349768312777225,0.4192311744972265,0.001818927581047415,0.6125530498969481
College of Saint Rose,Yes,983,664,249,23,57,1698,894,9990,5666,800,1500,66.0,71,14.3,28,6084,64,-0.47220250145561554,-0.5988711547633353,-0.6604462352752248,-0.05311907203067916,-0.09042291532710996,0.6450701157281971,0.015414767758354089,1.5536080293455437,0.45655088685874945,-0.5433168502400174,-0.7494672137091747,0.10819887684225446,3.367295829986474,-0.9302330411610725,0.6754832146490336,Medium,1,1,-0.47220250145561493,-0.5988711547633343,-0.6604462352752261,-0.05311907203067917,-0.0904229153271094,0.6450701157281973,0.015414767758353796,1.5536080293455452,0.45655088685874884,-0.5433168502400174,-0.7494672137091747,0.10819887684225504,0.5879401964775927,-0.9302330411611128,-0.48598644888802983,0.001818927581047415,0.6125530498969481
College of Santa Fe,Yes,546,447,189,16,42,873,683,11138,4138,600,1200,40.0,74,14.0,7,8820,80,-1.05647138424617,-1.0231423674475433,-0.9916783978958601,-0.5849046607537626,-0.8402833707891114,0.4607340329705107,0.29570076441891063,0.44960143907769445,-0.007652219861956637,-1.8250644124713284,-0.5579571392876599,0.03258838544133381,2.0794415416798357,0.12120779395986422,0.8186813186813187,Medium,1,1,-1.0564713842461693,-1.0231423674475424,-0.9916783978958613,-0.5849046607537627,-0.8402833707891109,0.4607340329705109,0.29570076441891036,0.44960143907769606,-0.007652219861957268,-1.8250644124713284,-0.5579571392876599,0.03258838544133439,-1.515783424979524,0.12120779395982392,0.4880891657014718,0.001818927581047415,0.6125530498969481
College of St. Joseph,Yes,141,118,55,12,21,201,173,8300,4850,450,1300,53.0,53,9.5,19,6936,76,-2.5007197731273116,-2.5395007438682518,-2.659212451741713,-0.972731667786928,-2.9383956523232535,-0.4068894009151481,-0.4386758937990879,-0.6142542982610626,0.15797762169666751,-1.2621836217050806,-1.644788026270866,-1.1906916694765612,2.995732273553991,-0.5347505512109122,0.8368794326241135,Medium,1,1,-2.500719773127311,-2.5395007438682513,-2.6592124517417144,-0.9727316677869281,-2.938395652323253,-0.40688940091514786,-0.43867589379908817,-0.6142542982610609,0.15797762169666688,-1.2621836217050806,-1.644788026270866,-1.1906916694765606,-0.019012808716357025,-0.5347505512109525,0.6118780883481089,0.001818927581047415,0.6125530498969481
College of St. Scholastica,Yes,672,596,278,29,60,1350,275,11844,3696,450,1146,54.0,76,11.6,33,8996,72,-0.8472850332444386,-0.7135567594967271,-0.5319590406594228,0.3133361961439687,-0.33669286429548506,-0.12711259786288184,0.45874587891499813,-0.6142542982610626,-0.10248534143312404,-1.212420327353753,-0.4230962065588109,-0.5968513856813783,3.5263605246161616,0.17143550280776743,0.8869047619047619,Medium,1,1,-0.847285033244438,-0.7135567594967261,-0.531959040659424,0.31333619614396874,-0.3366928642954845,-0.1271125978628816,0.45874587891499785,-0.6142542982610609,-0.10248534143312467,-1.212420327353753,-0.42309620655881086,-0.5968513856813777,0.8477740600370556,0.17143550280772712,0.9521650893066104,0.001818927581047415,0.6125530498969481
College of the Holy Cross,Yes,2994,1691,659,70,95,2675,22,18000,6300,400,900,92.0,96,11.3,55,12138,95,0.5682668677952473,0.3584244165900864,0.4029139007949661,1.9228546444162875,0.3625519815889437,-1.5075173179698154,1.6654316324864533,-1.0385747644412713,-0.5948985251933547,1.3613470368188663,1.2632379969775114,-0.6789541283407586,4.02535169073515,0.8705549437053127,0.5647962591850367,High,2,1,0.5682668677952478,0.3584244165900875,0.4029139007949648,1.9228546444162877,0.36255198158894425,-1.5075173179698151,1.665431632486453,-1.0385747644412697,-0.5948985251933554,1.3613470368188663,1.2632379969775114,-0.6789541283407581,1.662881415422127,0.8705549437052724,-1.2389116702046843,1.4151256580548508,0.6125530498969481
College of William and Mary,No,7117,3106,1217,68,88,5186,134,11720,4298,600,800,89.0,92,12.1,31,9534,93,1.3208725805109998,0.9486661738173138,0.995975654401448,1.8639323064397801,0.9467081108511696,-0.5557012352251401,0.4305803870247933,0.44960143907769445,-0.831740799103585,1.109844838622803,0.8746535950171559,-0.4618260387652622,3.4657359027997265,0.3160141321194011,0.4364198398201489,Medium,1,0,1.3208725805110004,0.948666173817315,0.9959756544014468,1.8639323064397804,0.9467081108511701,-0.5557012352251399,0.430580387024793,0.44960143907769606,-0.8317407991035857,1.109844838622803,0.8746535950171559,-0.46182603876526157,0.7487430981377603,0.3160141321193608,-2.112165827001758,0.001818927581047415,-1.6325116659989423
College of Wooster,Yes,2100,1883,553,29,65,1704,1,16240,4690,500,500,84.0,96,11.1,43,14140,69,0.24603682954883918,0.46464184637523515,0.22285368604652692,0.3133361961439687,-0.08673101533214604,-2.789154165730728,1.3525342105578795,-0.22919460362735344,-1.7565250578392297,0.7090601660532498,1.2632379969775114,-0.7341609556836688,3.784189633918261,1.185473349814688,0.8966666666666666,High,2,1,0.2460368295488398,0.46464184637523626,0.22285368604652567,0.31333619614396874,-0.08673101533214549,-2.7891541657307277,1.3525342105578793,-0.2291946036273518,-1.7565250578392304,0.7090601660532498,1.2632379969775114,-0.7341609556836682,1.2689406411191924,1.1854733498146477,1.0185684362278289,1.4151256580548508,0.6125530498969481
Colorado College,Yes,3207,1577,490,56,87,1892,7,17142,4190,450,1200,85.0,97,11.3,51,14664,84,0.629749859022245,0.2890670172038065,0.09580973187816358,1.4803479884652575,0.021520290421845337,-2.028489116527091,1.5155334155388727,-0.6142542982610626,-0.007652219861956637,0.7873781516832565,1.3645882269351624,-0.6789541283407586,3.9512437185814275,1.2567633181032156,0.49173682569379484,High,2,1,0.6297498590222456,0.2890670172038076,0.09580973187816232,1.4803479884652577,0.021520290421845886,-2.0284891165270906,1.5155334155388724,-0.6142542982610609,-0.007652219861957268,0.7873781516832565,1.3645882269351624,-0.6789541283407581,1.5418252579254095,1.2567633181031752,-1.7358834217545338,1.4151256580548508,0.6125530498969481
Colorado State University,No,9478,6312,2194,29,65,15646,1829,8412,4180,470,1800,87.0,89,19.2,10,7850,59,1.5596230735644894,1.606418332348417,1.5155197558278712,0.3133361961439687,1.7510429714373628,1.1597468245537135,-0.4067939258333332,-0.4559627308877755,0.8415717373866589,0.9467727128282987,0.6005650532112241,1.2669625914791942,2.3978952727983707,-0.18616967120843977,0.6659632833931209,Medium,1,0,1.55962307356449,1.6064183323484182,1.51551975582787,0.31333619614396874,1.7510429714373632,1.1597468245537137,-0.40679392583333346,-0.4559627308877739,0.8415717373866582,0.9467727128282987,0.6005650532112241,1.2669625914791949,-0.9955858819980911,-0.18616967120848008,-0.550743820863166,0.001818927581047415,-1.6325116659989423
Columbia College MO,Yes,314,158,132,10,28,690,5346,8294,3700,400,900,87.0,87,15.3,2,5015,37,-1.629496798367674,-2.195102038339073,-1.4444518431149738,-1.2041414384332418,-1.1326827264257664,2.002397256363111,-0.44039181156896395,-1.0385747644412713,-0.5948985251933547,0.9467727128282987,0.4259346495311623,0.35589122750062535,1.0986122886681098,-1.5670561942488423,0.5031847133757962,Medium,1,1,-1.6294967983676734,-2.1951020383390727,-1.444451843114975,-1.204141438433242,-1.132682726425766,2.0023972563631114,-0.44039181156896423,-1.0385747644412697,-0.5948985251933554,0.9467727128282987,0.42593464953116233,0.35589122750062596,-3.1179783991407715,-1.5670561942488828,-1.6580115232056332,0.001818927581047415,0.6125530498969481
Columbia College,Yes,737,614,242,21,67,968,237,10425,3975,500,1500,61.0,77,14.7,34,8693,76,-0.7552779538873233,-0.6818871711330748,-0.6940582875935933,-0.19109950858549485,-0.7165718278770374,-0.21828095609480452,0.12399383168105445,-0.22919460362735344,0.45655088685874945,-0.8382454790951654,-0.35347352257287784,0.20805976907672294,3.5553480614894135,0.08399334252569947,0.8331071913161465,Medium,1,1,-0.7552779538873228,-0.6818871711330738,-0.6940582875935946,-0.19109950858549488,-0.7165718278770369,-0.21828095609480427,0.12399383168105416,-0.2291946036273518,0.45655088685874884,-0.8382454790951654,-0.3534735225728778,0.20805976907672352,0.8951255085680089,0.08399334252565917,0.5862181936499963,0.001818927581047415,0.6125530498969481
Columbia University,Yes,6756,1930,871,78,96,3376,55,18624,6664,550,300,97.0,98,5.9,21,30639,99,1.276954243698066,0.48887987892477847,0.6795035489515503,2.146721081134545,0.5776381223704738,-1.0460501389834256,1.7715240845656424,0.12366360034857365,-2.7257704667256846,1.7988961457720525,1.467641878959388,-2.3461430732055244,3.091042453358316,2.4351279586924157,0.28567199526346954,High,2,1,1.2769542436980668,0.4888798789247796,0.6795035489515491,2.1467210811345456,0.5776381223704744,-1.0460501389834254,1.7715240845656421,0.12366360034857528,-2.725770466725685,1.7988961457720525,1.467641878959388,-2.346143073205524,0.13667737956055104,2.4351279586923753,-3.1375969968270514,1.4151256580548508,0.6125530498969481
Concordia College at St. Paul,Yes,281,266,139,13,29,1049,181,10500,3750,450,950,69.0,75,12.8,18,6955,45,-1.747314921625007,-1.5975500257742914,-1.377726376526517,-0.867676873013996,-0.6222456463585618,-0.38016184372961903,0.1424118724317926,-0.6142542982610626,-0.48548409270739684,-0.3553022448597683,-0.4912534379026085,-0.2763826353397781,2.9444389791664403,-0.5267917223186919,0.9466192170818505,Medium,1,1,-1.7473149216250063,-1.5975500257742905,-1.3777263765265184,-0.8676768730139961,-0.6222456463585613,-0.3801618437296188,0.1424118724317923,-0.6142542982610609,-0.48548409270739745,-0.35530224485976836,-0.49125343790260845,-0.27638263533977747,-0.10280094841912382,-0.5267917223187322,1.3583603739410062,0.001818927581047415,0.6125530498969481
Concordia Lutheran College,Yes,232,216,106,16,34,534,172,6900,3800,450,1825,67.0,76,12.1,9,6875,42,-1.9528843614414242,-1.833827532279744,-1.7336852284402984,-0.5849046607537626,-1.4688665677704167,-0.4103082976918083,-0.8634700462138201,-0.6142542982610626,0.8709122317316627,-0.481566548430211,-0.4230962065588109,-0.4618260387652622,2.302585092994046,-0.5605315189733034,0.9310344827586207,Low,0,1,-1.9528843614414235,-1.833827532279743,-1.7336852284402997,-0.5849046607537627,-1.4688665677704162,-0.4103082976918081,-0.8634700462138204,-0.6142542982610609,0.870912231731662,-0.48156654843021107,-0.42309620655881086,-0.46182603876526157,-1.1512760702749985,-0.5605315189733437,1.2523484279958867,-1.4114878028927562,0.6125530498969481
Concordia University CA,Yes,688,497,144,30,75,641,101,10800,4440,570,1515,55.0,60,13.1,13,8415,55,-0.8237779925771216,-0.9083204915153342,-1.3323953501470849,0.36877700770497285,-1.2273816009701404,-0.7160770609235252,0.2152318024408838,0.257019020518055,0.4774297526708297,-1.1617342104568764,-1.3460179845367914,-0.1981197138629203,2.6390573296152584,-0.000473256948355944,0.7223837209302325,Medium,1,1,-0.823777992577121,-0.9083204915153332,-1.3323953501470862,0.3687770077049729,-1.22738160097014,-0.716077060923525,0.2152318024408835,0.2570190205180566,0.4774297526708291,-1.1617342104568764,-1.3460179845367914,-0.1981197138629197,-0.601645107695158,-0.0004732569483962492,-0.16695541290365903,0.001818927581047415,0.6125530498969481
Concordia University,Yes,528,403,186,22,56,1168,145,9216,4191,400,1000,56.0,64,12.1,13,7309,75,-1.0905411484349303,-1.1361716304856113,-1.0113347036172096,-0.12094221917214973,-0.498681137453415,-0.5101423269626915,-0.18572935851873712,-1.0385747644412713,-0.3812772018018639,-1.1101254032815964,-1.1477182127095475,-0.4618260387652622,2.6390573296152584,-0.3843871007626562,0.7632575757575758,Medium,1,1,-1.0905411484349297,-1.1361716304856104,-1.011334703617211,-0.12094221917214976,-0.49868113745341447,-0.5101423269626912,-0.18572935851873743,-1.0385747644412697,-0.38127720180186453,-1.1101254032815964,-1.1477182127095475,-0.46182603876526157,-0.601645107695158,-0.3843871007626965,0.11108056760492421,0.001818927581047415,0.6125530498969481
Connecticut College,Yes,3035,1546,438,42,93,1630,232,18740,6300,600,500,75.0,95,10.7,40,14773,91,0.5804590678973043,0.2692771087695046,-0.024152806022301555,0.9459121453121648,-0.13340928651471148,-0.23124356768754165,1.7909879226128143,0.44960143907769445,-1.7565250578392297,0.045592781487855547,1.1635803366973685,-0.8457496768946355,3.713572066704308,1.2711007922851882,0.5093904448105436,High,2,1,0.5804590678973048,0.2692771087695057,-0.024152806022302818,0.9459121453121649,-0.13340928651471093,-0.2312435676875414,1.790987922612814,0.44960143907769606,-1.7565250578392304,0.04559278148785549,1.1635803366973685,-0.845749676894635,1.1535860970634626,1.2711007922851478,-1.6157983130368996,1.4151256580548508,0.6125530498969481
Converse College,Yes,440,407,149,35,70,643,80,12050,3700,500,900,63.0,76,10.2,31,10965,75,-1.2773003039173505,-1.125363406319359,-1.2888444871035163,0.6270233788095004,-1.2233456581650797,-0.844973801065171,0.505111778374698,-0.22919460362735344,-0.5948985251933547,-0.7230390518843525,-0.4230962065588109,-0.9875453814266576,3.4657359027997265,0.6459771420828385,0.925,Medium,1,1,-1.2773003039173498,-1.125363406319358,-1.2888444871035176,0.6270233788095005,-1.2233456581650792,-0.8449738010651707,0.5051117783746977,-0.2291946036273518,-0.5948985251933554,-0.7230390518843525,-0.42309620655881086,-0.987545381426657,0.7487430981377603,0.6459771420827982,1.211300101682098,0.001818927581047415,0.6125530498969481
Cornell College,Yes,1538,1329,383,33,68,1140,10,15248,4323,550,800,71.0,76,12.2,31,10340,64,-0.0438678903910655,0.1176209169230192,-0.17037589532195735,0.5272445442404744,-0.5263297844880813,-1.8724965554839514,1.1662499008712452,0.12366360034857365,-0.831740799103585,-0.2253537109704769,-0.4230962065588109,-0.43508339754859443,3.4657359027997265,0.5105421052147789,0.864109232769831,High,2,1,-0.043867890391064895,0.11762091692302029,-0.1703758953219586,0.5272445442404745,-0.5263297844880808,-1.8724965554839512,1.166249900871245,0.12366360034857528,-0.8317407991035857,-0.22535371097047696,-0.42309620655881086,-0.4350833975485938,0.7487430981377603,0.5105421052147386,0.7971031965388506,1.4151256580548508,0.6125530498969481
Creighton University,Yes,2967,2836,876,30,60,3450,644,10628,4372,650,2055,85.0,90,6.5,32,22906,85,0.5601396393132827,0.8619543866720829,0.6850568437731026,0.36877700770497285,0.5971234379331369,0.4211230009713984,0.17364672686546687,0.7526774068770612,1.124639610078442,0.7873781516832565,0.6902976719925955,-2.1376362729688485,3.4965075614664802,2.0252747291991993,0.9558476575665655,Medium,1,1,0.5601396393132833,0.8619543866720841,0.6850568437731014,0.3687770077049729,0.5971234379331375,0.4211230009713986,0.17364672686546656,0.7526774068770629,1.1246396100784413,0.7873781516832565,0.6902976719925955,-2.137636272968848,0.7990089285165864,2.025274729199159,1.4211349399703495,0.001818927581047415,0.6125530498969481
Culver-Stockton College,Yes,1576,1110,274,24,55,992,112,8000,3700,400,500,51.0,52,14.1,28,5807,51,-0.020911496682945112,-0.06501740243049026,-0.5487381711632631,0.012544204192919125,-0.6876485561141075,-0.6579534341426623,-0.5254906116708954,-1.0385747644412713,-1.7565250578392297,-1.3589412011461273,-1.6826681864267155,0.0578612934555406,3.367295829986474,-1.0777564012720808,0.7043147208121827,Medium,1,1,-0.020911496682944508,-0.06501740243048919,-0.5487381711632643,0.012544204192919118,-0.6876485561141069,-0.657953434142662,-0.5254906116708957,-1.0385747644412697,-1.7565250578392304,-1.3589412011461273,-1.6826681864267155,0.05786129345554118,0.5879401964775927,-1.0777564012721212,-0.2898660653452511,0.001818927581047415,0.6125530498969481
Cumberland College,Yes,995,789,398,26,47,1306,122,6230,3526,400,600,42.0,44,13.0,4,8189,63,-0.46040697571936906,-0.41754688957900915,-0.12820404815472805,0.1379929544107909,-0.37330691285425166,-0.6094184943270229,-1.0870474873256954,-1.0385747644412713,-1.4016057555673218,-1.7486330391850395,-1.9451356052056121,-0.22412911897517096,1.6094379124341003,-0.07237775097556177,0.792964824120603,Low,0,1,-0.46040697571936845,-0.41754688957900815,-0.1282040481547293,0.13799295441079093,-0.3733069128542511,-0.6094184943270227,-1.0870474873256957,-1.0385747644412697,-1.4016057555673225,-1.7486330391850395,-1.9451356052056121,-0.22412911897517038,-2.2835393318336408,-0.07237775097560208,0.3131580071250354,-1.4114878028927562,0.6125530498969481
D'Youville College,Yes,866,619,157,18,47,1074,336,8920,4310,680,1320,68.0,68,14.6,42,6898,46,-0.5960200611471564,-0.6732660492022742,-1.2225555814184765,-0.4176946998854468,-0.5949128357559038,-0.0021552485639602073,-0.26558507911415014,0.9249045664655752,0.18968183155468982,-0.4188949777661247,-0.9283307329438812,0.18319470580243435,3.7612001156935624,-0.550769536746762,0.7147806004618937,Medium,1,1,-0.5960200611471559,-0.6732660492022732,-1.2225555814184779,-0.41769469988544683,-0.5949128357559033,-0.0021552485639599697,-0.2655850791141504,0.9249045664655768,0.18968183155468918,-0.4188949777661248,-0.9283307329438812,0.18319470580243494,1.231387019584252,-0.5507695367468023,-0.2186740742158603,0.001818927581047415,0.6125530498969481
Dana College,Yes,504,482,185,10,36,550,84,9130,3322,450,1450,46.0,51,12.6,25,8686,54,-1.1379582441334872,-0.9414206021167373,-1.0179681978804955,-1.2041414384332418,-1.4291736918558133,-0.818238842087875,-0.20875484710447237,-0.6142542982610626,0.3855304303022255,-1.584675991833187,-1.7193887069886764,-0.32895477682173246,3.258096538021482,0.08191777926244906,0.9563492063492064,Medium,1,1,-1.1379582441334866,-0.9414206021167363,-1.0179681978804969,-1.204141438433242,-1.4291736918558129,-0.8182388420878748,-0.20875484710447267,-0.6142542982610609,0.3855304303022249,-1.584675991833187,-1.7193887069886764,-0.32895477682173185,0.4095619963667674,0.08191777926240876,1.424546622282759,0.001818927581047415,0.6125530498969481
Daniel Webster College,Yes,585,508,153,12,30,460,536,12292,4934,500,500,61.0,61,22.2,10,8643,72,-0.9866135757960336,-0.8847188749611946,-1.255200248358367,-0.972731667786928,-1.6733950212522217,0.29892581437458726,0.5589200334520982,-0.22919460362735344,-1.7565250578392297,-0.8382454790951654,-1.2983753500580535,1.9193527444940255,2.3978952727983707,0.0691110565685804,0.8683760683760684,Medium,1,1,-0.986613575796033,-0.8847188749611936,-1.2552002483583684,-0.9727316677869281,-1.6733950212522213,0.2989258143745875,0.5589200334520978,-0.2291946036273518,-1.7565250578392304,-0.8382454790951654,-1.2983753500580535,1.9193527444940262,-0.9955858819980911,0.0691110565685401,0.8261274671015463,0.001818927581047415,0.6125530498969481
Dartmouth College,Yes,8587,2273,1087,87,99,3918,32,19545,6070,550,1100,75.0,99,4.7,49,29619,98,1.4779107069768505,0.6486593962387902,0.8909087108274604,2.3790007091044547,0.7095946834607328,-1.323847012672887,1.923927117956586,0.12366360034857365,-0.18659120676503163,0.045592781487855547,1.572409762644023,-2.789815544024715,3.912023005428146,2.390678529688829,0.2647024572027483,High,2,1,1.4779107069768511,0.6486593962387914,0.8909087108274591,2.379000709104455,0.7095946834607334,-1.3238470126728867,1.9239271179565858,0.12366360034857528,-0.18659120676503227,0.04559278148785549,1.572409762644023,-2.7898155440247145,1.4777578075468099,2.3906785296887887,-3.280237961329974,1.4151256580548508,0.6125530498969481
Davidson College,Yes,2373,956,452,77,96,1601,6,17295,5070,600,1011,95.0,97,12.0,46,17581,94,0.3580152268773249,-0.21824317865754042,0.009699900467654704,2.1197004682084533,-0.15241187603064701,-2.0942242543239864,1.5426189300141848,0.44960143907769445,-0.35900044791982233,1.6211201473361683,1.3645882269351624,-0.48865480430561903,3.8501476017100584,1.5919460065675253,0.4028655710071639,High,2,1,0.3580152268773255,-0.21824317865753937,0.009699900467653443,2.1197004682084537,-0.15241187603064646,-2.094224254323986,1.5426189300141846,0.44960143907769606,-0.35900044791982294,1.6211201473361683,1.3645882269351624,-0.4886548043056184,1.3766836801623437,1.5919460065674849,-2.3404118309344693,1.4151256580548508,0.6125530498969481
Defiance College,Yes,571,461,174,10,26,645,283,10850,3670,400,1159,58.0,60,12.8,19,7505,56,-1.0110999426334617,-0.9896593149135583,-1.0937862967632563,-1.2041414384332418,-1.219324988318777,-0.10937808900060501,0.22723878076167214,-1.0385747644412713,-0.07928282798104949,-1.0041402352396067,-1.3460179845367914,-0.2763826353397781,2.995732273553991,-0.3100322414741038,0.8073555166374781,Medium,1,1,-1.011099942633461,-0.9896593149135573,-1.0937862967632577,-1.204141438433242,-1.2193249883187764,-0.10937808900060478,0.22723878076167184,-1.0385747644412697,-0.07928282798105012,-1.0041402352396067,-1.3460179845367914,-0.27638263533977747,-0.019012808716357025,-0.3100322414741441,0.41104772956565694,0.001818927581047415,0.6125530498969481
Delta State University,No,967,945,459,15,48,2806,538,4528,1880,500,1200,49.0,63,17.1,16,5113,58,-0.48817243737996924,-0.23018211593274907,0.026175726785616235,-0.6744109272506594,0.40763452594341093,0.3013831459239031,-1.7370978529197951,-0.22919460362735344,-0.007652219861956637,-1.4520058390430488,-1.199238322126377,0.7864078276084665,2.833213344056216,-1.5002259289848485,0.9772492244053774,Low,0,0,-0.4881724373799686,-0.230182115932748,0.026175726785614972,-0.6744109272506595,0.4076345259434115,0.3013831459239033,-1.7370978529197953,-0.2291946036273518,-0.007652219861957268,-1.4520058390430488,-1.199238322126377,0.7864078276084671,-0.28448920152158647,-1.500225928984889,1.5667146912706456,-1.4114878028927562,-1.6325116659989423
Denison University,Yes,2762,2279,533,32,60,1835,14,16900,4720,500,600,88.0,97,11.6,45,12423,81,0.4957182217292332,0.6512195730190385,0.18441133196887677,0.47565884296982625,-0.009864429939377597,-1.7202136946368185,1.4723661123632086,-0.22919460362735344,-1.4016057555673218,1.0278491213014884,1.3645882269351624,-0.5968513856813783,3.828641396489095,0.9201258976381345,0.8251267197682839,High,2,1,0.4957182217292338,0.6512195730190398,0.18441133196887552,0.4756588429698263,-0.00986442993937705,-1.7202136946368183,1.4723661123632084,-0.2291946036273518,-1.4016057555673225,1.0278491213014884,1.3645882269351624,-0.5968513856813777,1.341553066130896,0.9201258976380942,0.5319326793254092,1.4151256580548508,0.6125530498969481
DePauw University,Yes,1994,1656,495,50,80,1983,36,14300,5020,550,950,78.0,94,11.1,31,11525,82,0.19828017696785935,0.3376758845931086,0.10656426289405392,1.265104344999401,0.06930973279957553,-1.2646921583279365,0.9806324705923506,0.12366360034857365,-0.48548409270739684,0.25846780349494175,1.0656043502924986,-0.7341609556836688,3.4657359027997265,0.7575897571055342,0.8304914744232698,High,2,1,0.19828017696785996,0.3376758845931097,0.10656426289405266,1.2651043449994013,0.06930973279957608,-1.2646921583279362,0.9806324705923503,0.12366360034857528,-0.48548409270739745,0.2584678034949417,1.0656043502924986,-0.7341609556836682,0.7487430981377603,0.7575897571054939,0.5684253181280786,1.4151256580548508,0.6125530498969481
Dickinson College,Yes,3014,2539,487,31,68,1889,62,18700,5000,595,1250,87.0,94,11.2,39,13861,87,0.5742365084333003,0.7557368798042067,0.08929607559920862,0.4228593760746721,0.01989734488485875,-0.9825675695179338,1.7842852180989537,0.4180956603638323,0.0766966911087716,0.9467727128282987,1.0656043502924986,-0.7065095991630403,3.6888794541139363,1.1458296222053965,0.8424021234240212,High,2,1,0.5742365084333009,0.7557368798042079,0.08929607559920735,0.42285937607467217,0.019897344884859298,-0.9825675695179336,1.7842852180989535,0.4180956603638339,0.07669669110877098,0.9467727128282987,1.0656043502924986,-0.7065095991630398,1.113250452842285,1.1458296222053561,0.6494450552535861,1.4151256580548508,0.6125530498969481
Dickinson State University,No,434,412,319,10,30,1376,237,4486,2146,600,2000,50.0,64,16.5,28,4525,46,-1.2914652580055257,-1.112011735440122,-0.37453302538023464,-1.2041414384332418,-0.31573431479780967,-0.21828095609480452,-1.7550331807304491,0.44960143907769445,1.0664517666868942,-1.4059352088535653,-1.1477182127095475,0.6449537276656453,3.367295829986474,-1.934109673878146,0.9493087557603687,Low,0,0,-1.291465258005525,-1.112011735440121,-0.3745330253802359,-1.204141438433242,-0.3157343147978091,-0.21828095609480427,-1.7550331807304493,0.44960143907769606,1.0664517666868936,-1.4059352088535653,-1.1477182127095475,0.6449537276656458,0.5879401964775927,-1.9341096738781864,1.376655406957988,-1.4114878028927562,-1.6325116659989423
Dillard University,Yes,1998,1376,651,41,88,1539,45,6700,3650,500,2307,52.0,52,14.1,12,7566,61,0.20013129822583486,0.15261007609652552,0.3905293849393613,0.9029060992795953,-0.19448364470228297,-1.1507160945452137,-0.9286569732347445,-0.22919460362735344,1.3740597638377747,-1.3110239587515067,-1.6826681864267155,0.0578612934555406,2.5649493574615367,-0.28749933846352793,0.6886886886886887,Low,0,1,0.20013129822583547,0.15261007609652663,0.39052938493936,0.9029060992795954,-0.1944836447022824,-1.1507160945452135,-0.9286569732347448,-0.2291946036273518,1.374059763837774,-1.3110239587515067,-1.6826681864267155,0.05786129345554118,-0.7227012651918747,-0.28749933846356823,-0.3961589310724122,-1.4114878028927562,0.6125530498969481
Doane College,Yes,793,709,244,20,47,1022,411,9570,3000,400,1000,67.0,72,15.1,42,6852,60,-0.6827367501871406,-0.5296820458566269,-0.6843415445297774,-0.2637884142137961,-0.652671445488024,0.12603424105220834,-0.0924086554972805,-1.0385747644412713,-0.3812772018018639,-0.481566548430211,-0.6870519494859656,0.30686892312721825,3.7612001156935624,-0.5703440020070549,0.8940731399747793,Medium,1,1,-0.6827367501871401,-0.5296820458566259,-0.6843415445297786,-0.2637884142137962,-0.6526714454880235,0.1260342410522086,-0.09240865549728079,-1.0385747644412697,-0.38127720180186453,-0.48156654843021107,-0.6870519494859656,0.30686892312721886,1.231387019584252,-0.5703440020070952,1.0009265049786218,0.001818927581047415,0.6125530498969481
Dominican College of Blauvelt,Yes,360,329,108,4,19,756,863,8310,5500,600,1800,43.0,43,12.7,5,5480,54,-1.4857398819682557,-1.359828117543554,-1.7086581923804705,-2.216819485276004,-1.017346534614075,0.6206251539915161,-0.43581784081008285,0.44960143907769445,0.8415717373866589,-1.709030311422958,-1.973085139428777,-0.3026284436876273,1.791759469228055,-1.2665258077667985,0.9138888888888889,Medium,1,1,-1.485739881968255,-1.3598281175435531,-1.7086581923804718,-2.2168194852760044,-1.0173465346140746,0.6206251539915163,-0.4358178408100831,0.44960143907769606,0.8415717373866582,-1.709030311422958,-1.973085139428777,-0.3026284436876267,-1.9857151375821298,-1.2665258077668389,1.1357190564059136,0.001818927581047415,0.6125530498969481
Dordt College,Yes,604,562,328,25,50,1048,56,9800,2650,450,2800,61.0,60,12.5,17,7325,87,-0.9543692060010741,-0.7762683419391353,-0.34309674815841246,0.07620224590010746,-0.623355435302934,-1.0365500942946195,-0.03298609131842826,-0.6142542982610626,1.7964834858513008,-0.8382454790951654,-1.3460179845367914,-0.3553625238528725,2.8903717578961645,-0.3782024853473841,0.9304635761589404,Medium,1,1,-0.9543692060010736,-0.7762683419391343,-0.34309674815841373,0.07620224590010746,-0.6233554353029335,-1.0365500942946193,-0.03298609131842855,-0.6142542982610609,1.7964834858513001,-0.8382454790951654,-1.3460179845367914,-0.35536252385287187,-0.1911203270674524,-0.3782024853474244,1.2484649534155852,0.001818927581047415,0.6125530498969481
Dowling College,Yes,1011,829,410,9,33,1059,2458,9000,3100,450,1413,77.0,78,12.4,7,11178,42,-0.4449148326110549,-0.36595624400620325,-0.09576553008341726,-1.3330274833513367,-0.6112181958552241,1.3831200202033824,-0.2438328726773592,-0.6142542982610626,0.3315001805817293,0.18658916323670852,-0.28237352323745246,-0.3818525909118409,2.0794415416798357,0.689445234012911,0.8199802176063303,Medium,1,1,-0.4449148326110543,-0.36595624400620225,-0.09576553008341852,-1.333027483351337,-0.6112181958552235,1.3831200202033826,-0.2438328726773595,-0.6142542982610609,0.3315001805817287,0.18658916323670846,-0.2823735232374524,-0.38185259091184026,-1.515783424979524,0.6894452340128707,0.4969246581629162,0.001818927581047415,0.6125530498969481
Drake University,Yes,2799,2573,839,34,65,3322,726,13420,4770,560,1675,88.0,93,15.0,24,9473,77,0.5077172359754525,0.7685522355922432,0.643068835421467,0.5776799288914051,0.5630875443092314,0.502111266263199,0.8009475046732774,0.19086001204931075,0.6889587036784993,1.0278491213014884,0.9692990979140862,0.2822630870249347,3.2188758248682006,0.3002601430944217,0.9192568774562344,High,2,1,0.507717235975453,0.7685522355922444,0.6430688354214658,0.5776799288914052,0.5630875443092319,0.5021112662631992,0.800947504673277,0.19086001204931238,0.6889587036784987,1.0278491213014884,0.9692990979140862,0.2822630870249353,0.34549454598816776,0.3002601430943814,1.1722336932314659,1.4151256580548508,0.6125530498969481
Drew University,Yes,2153,1580,321,56,84,1192,87,18432,5616,520,660,93.0,97,10.2,28,14907,83,0.26895443827496435,0.29096005748396403,-0.3674595198758601,1.4803479884652575,-0.47561770960799665,-0.7989304281010343,1.7391323138793,-0.08451552951753769,-1.2141513099902594,1.4470191871641125,1.3645882269351624,-0.9875453814266576,3.367295829986474,1.2885046737822468,0.7338597306084533,High,2,1,0.26895443827496496,0.29096005748396514,-0.3674595198758614,1.4803479884652577,-0.4756177096079961,-0.7989304281010341,1.7391323138792998,-0.08451552951753606,-1.21415130999026,1.4470191871641125,1.3645882269351624,-0.987545381426657,0.5879401964775927,1.2885046737822063,-0.08889222026650136,1.4151256580548508,0.6125530498969481
Drury College,Yes,700,650,314,33,66,1065,48,8730,3523,500,750,82.0,92,13.2,35,9303,67,-0.8065293710478012,-0.6214236119174102,-0.392442928228115,0.5272445442404744,-0.604662472002503,-1.1172801877673055,-0.31776530316597534,-0.22919460362735344,-0.9606431574714017,0.5551832097645348,0.8746535950171559,-0.17218743851993448,3.58351893845611,0.2555176052756584,0.9285714285714286,Medium,1,1,-0.8065293710478006,-0.6214236119174092,-0.3924429282281163,0.5272445442404745,-0.6046624720025024,-1.1172801877673053,-0.3177653031659756,-0.2291946036273518,-0.9606431574714024,0.5551832097645348,0.8746535950171559,-0.1721874385199339,0.9411429344911897,0.2555176052756181,1.2355940090922997,0.001818927581047415,0.6125530498969481
Duke University,Yes,13789,3893,1583,90,98,6188,53,18590,5950,625,1162,95.0,96,5.0,44,27206,97,1.8646283045153276,1.161662897721735,1.2335827029088562,2.4524439222927676,1.0887936142976542,-1.065526666446129,1.7658040795405283,0.6037806422170824,-0.07396263425773154,1.6211201473361683,1.2632379969775114,-2.6751249263889982,3.8066624897703196,2.2754537212221075,0.2823264921314091,High,2,1,1.8646283045153282,1.1616628977217363,1.2335827029088549,2.452443922292768,1.0887936142976546,-1.0655266664461287,1.765804079540528,0.603780642217084,-0.07396263425773217,1.6211201473361683,1.2632379969775114,-2.675124926388998,1.3056502891957145,2.275453721222067,-3.16035409295968,1.4151256580548508,0.6125530498969481
Earlham College,Yes,1358,1006,274,35,63,1028,13,15036,4056,600,600,90.0,94,10.6,46,14634,78,-0.16157565112194164,-0.1657653293668552,-0.5487381711632631,0.6270233788095004,-0.6458261345286402,-1.7541900886425583,1.1254133150689962,0.44960143907769445,-1.4016057555673218,1.1927597836517578,1.0656043502924986,-0.8738990280930917,3.8501476017100584,1.2527883447281272,0.7407952871870398,High,2,1,-0.16157565112194103,-0.16576532936685415,-0.5487381711632643,0.6270233788095005,-0.6458261345286397,-1.754190088642558,1.125413315068996,0.44960143907769606,-1.4016057555673225,1.1927597836517578,1.0656043502924986,-0.8738990280930912,1.3766836801623437,1.2527883447280868,-0.04171452484615041,1.4151256580548508,0.6125530498969481
East Carolina University,No,9274,6362,2435,14,44,13171,1687,7248,3240,500,1700,74.0,78,13.2,18,9002,58,1.541664236811932,1.6135570573611826,1.602608337814431,-0.768473675269448,1.6380494537928891,1.099799046249161,-0.7529427077266194,-0.22919460362735344,0.7203062079769135,-0.023524770795469573,-0.28237352323745246,-0.17218743851993448,2.9444389791664403,0.17312107083464054,0.6860038818201424,Low,0,0,1.5416642368119327,1.613557057361184,1.6026083378144296,-0.7684736752694481,1.6380494537928896,1.0997990462491611,-0.7529427077266198,-0.2291946036273518,0.7203062079769128,-0.023524770795469628,-0.2823735232374524,-0.1721874385199339,-0.10280094841912382,0.17312107083460024,-0.414421776926459,-1.4114878028927562,-1.6325116659989423
East Tennessee State University,No,3330,2730,1303,15,36,6706,2640,5800,3000,600,2200,73.0,75,14.0,9,9825,42,0.6632898672156494,0.8254705567875638,1.0586036376627856,-0.6744109272506594,1.1516576654538933,1.438087347374072,-1.2389903799716606,0.44960143907769445,1.271398499406051,-0.09172176908837011,-0.4912534379026085,0.03258838544133381,2.302585092994046,0.38908148805462595,0.8198198198198198,Low,0,0,0.66328986721565,0.825470556787565,1.0586036376627843,-0.6744109272506595,1.1516576654538937,1.4380873473740723,-1.2389903799716608,0.44960143907769606,1.2713984994060503,-0.09172176908837017,-0.49125343790260845,0.03258838544133439,-1.1512760702749985,0.38908148805458564,0.49583358525011534,-1.4114878028927562,-1.6325116659989423
East Texas Baptist University,Yes,379,341,265,10,36,1050,151,4950,2780,530,1500,75.0,62,15.7,7,5619,38,-1.4320261129623757,-1.320105921380349,-0.5875470390235047,-1.2041414384332418,-0.6211371462386561,-0.486589626283788,-1.5626738743393254,-0.013985659270390745,0.45655088685874945,0.045592781487855547,-1.2494530951634284,0.4531942340637835,2.0794415416798357,-1.1842152031968556,0.899736147757256,Low,0,1,-1.432026112962375,-1.320105921380348,-0.5875470390235059,-1.204141438433242,-0.6211371462386556,-0.48658962628378777,-1.5626738743393256,-0.013985659270389118,0.45655088685874884,0.04559278148785549,-1.2494530951634284,0.4531942340637841,-1.515783424979524,-1.184215203196896,1.039447949263229,-1.4114878028927562,0.6125530498969481
Eastern College,Yes,458,369,165,16,42,1057,355,11190,4800,450,1230,60.0,60,13.6,22,8135,54,-1.2360171827581907,-1.2329528916246022,-1.1600529207840329,-0.5849046607537626,-0.6134135048771967,0.03258888578078365,0.30793760446468404,-0.6142542982610626,0.043338678820573046,-0.8944658348300512,-1.3460179845367914,-0.06921364143108524,3.1354942159291497,-0.09001309276925232,0.8056768558951966,Medium,1,1,-1.23601718275819,-1.2329528916246013,-1.1600529207840342,-0.5849046607537627,-0.6134135048771961,0.03258888578078389,0.30793760446468377,-0.6142542982610609,0.043338678820572414,-0.8944658348300512,-1.3460179845367914,-0.06921364143108466,0.20928980457225407,-0.09001309276929262,0.39962898554474113,0.001818927581047415,0.6125530498969481
Eastern Connecticut State University,No,2172,1493,564,14,50,2766,1531,5962,4316,650,500,71.0,76,16.9,14,5719,50,0.27702314428229197,0.23443927133921882,0.24331956480508943,-0.768473675269448,0.3941455695230468,1.0284544932615285,-1.1809047034307898,0.7526774068770612,-1.7565250578392297,-0.2253537109704769,-0.4230962065588109,0.7394742565334033,2.70805020110221,-1.1269161023512344,0.6873848987108656,Low,0,0,0.2770231442822926,0.23443927133921993,0.24331956480508818,-0.7684736752694481,0.39414556952304736,1.0284544932615287,-1.18090470343079,0.7526774068770629,-1.7565250578392304,-0.22535371097047696,-0.42309620655881086,0.7394742565334038,-0.488944521318963,-1.1269161023512748,-0.4050276939134156,-1.4114878028927562,-1.6325116659989423
Eastern Illinois University,No,5597,4253,1565,12,38,9161,845,5710,3066,120,1730,62.0,71,16.2,5,5682,76,1.1167770582926193,1.244173674644462,1.2234464240196379,-0.972731667786928,1.3853860411860024,0.6060656891712539,-1.2717218542471183,-5.026053130396176,0.7573646256868206,-0.7811031790800594,-0.7494672137091747,0.5734771377015533,1.791759469228055,-1.147935428412037,0.7598713596569591,Low,0,0,1.11677705829262,1.2441736746444634,1.2234464240196365,-0.9727316677869281,1.3853860411860028,0.6060656891712541,-1.2717218542471185,-5.026053130396174,0.75736462568682,-0.7811031790800594,-0.7494672137091747,0.5734771377015538,-1.9857151375821298,-1.1479354284120775,0.08804652988751521,-1.4114878028927562,-1.6325116659989423
Eastern Mennonite College,Yes,486,440,227,19,48,903,59,9650,3800,600,1300,46.0,65,11.4,29,10188,82,-1.175139144083297,-1.0403069030295387,-0.7700207147094392,-0.33923404372499033,-0.7995105832565479,-1.0089401426438158,-0.07163457522029776,0.44960143907769445,0.15797762169666751,-1.584675991833187,-1.094880026424442,-0.6514933665420358,3.4011973816621555,0.4756801726046152,0.9053497942386831,Medium,1,1,-1.1751391440832963,-1.0403069030295378,-0.7700207147094404,-0.3392340437249904,-0.7995105832565473,-1.0089401426438156,-0.07163457522029805,0.44960143907769606,0.15797762169666688,-1.584675991833187,-1.094880026424442,-0.6514933665420353,0.643318740239679,0.4756801726045749,1.07763362346218,0.001818927581047415,0.6125530498969481
Eastern Nazarene College,Yes,516,409,200,17,40,1238,30,8770,3500,450,700,58.0,58,17.3,17,6430,70,-1.1139539295533878,-1.1200018042410678,-0.9225677403532049,-0.49946894118390567,-0.432955155149951,-1.3559697713457746,-0.30671844717991764,-0.6142542982610626,-1.0977621251970406,-1.0041402352396067,-1.4375163915219222,0.8331283179455142,2.8903717578961645,-0.7598939811964276,0.7926356589147286,Medium,1,1,-1.1139539295533871,-1.1200018042410669,-0.9225677403532061,-0.4994689411839057,-0.4329551551499504,-1.3559697713457743,-0.3067184471799179,-0.6142542982610609,-1.0977621251970413,-1.0041402352396067,-1.4375163915219222,0.8331283179455148,-0.1911203270674524,-0.7598939811964679,0.31091892859546744,0.001818927581047415,0.6125530498969481
Eckerd College,Yes,1422,1109,366,33,65,1363,23,15360,4080,600,1000,82.0,89,12.8,26,15003,59,-0.11790188052693129,-0.06593731434942751,-0.22053657682010477,0.5272445442404744,-0.32615267296916617,-1.4860814376784817,1.1876735060776515,0.44960143907769445,-0.3812772018018639,0.5551832097645348,0.6005650532112241,-0.2763826353397781,3.295836866004329,1.3008254746529384,0.779887482419128,High,2,1,-0.1179018805269307,-0.06593731434942644,-0.22053657682010602,0.5272445442404745,-0.3261526729691656,-1.4860814376784814,1.1876735060776513,0.44960143907769606,-0.38127720180186453,0.5551832097645348,0.6005650532112241,-0.27638263533977747,0.47121122188858366,1.300825474652898,0.22420208315421772,1.4151256580548508,0.6125530498969481
Elizabethtown College,Yes,2417,1843,426,36,70,1476,299,14190,4400,500,750,65.0,68,12.8,25,9815,81,0.3747622218999592,0.4434986379184048,-0.05417819257699744,0.6753287453312369,-0.239405084387578,-0.07522454097749419,0.9585764922158636,-0.22919460362735344,-0.9606431574714017,-0.6041457749675595,-0.9283307329438812,-0.2763826353397781,3.258096538021482,0.3866261378411285,0.7625155151013653,High,2,1,0.37476222189995984,0.44349863791840594,-0.054178192576998706,0.675328745331237,-0.23940508438757743,-0.07522454097749395,0.9585764922158633,-0.2291946036273518,-0.9606431574714024,-0.6041457749675595,-0.9283307329438812,-0.27638263533977747,0.4095619963667674,0.3866261378410882,0.10603285279999924,1.4151256580548508,0.6125530498969481
Elmira College,Yes,1457,1045,345,27,50,1109,502,14990,4980,450,550,77.0,98,21.5,21,7502,64,-0.09490099618311852,-0.12673292875799,-0.28634470937288525,0.19803987368047163,-0.5579230498577643,0.25583455751090806,1.116502677554239,-0.6142542982610626,-1.5715860926720169,0.18658916323670852,1.467641878959388,1.7703640987717493,3.091042453358316,-0.31114770270236086,0.7172271791352093,High,2,1,-0.09490099618311792,-0.12673292875798894,-0.28634470937288653,0.19803987368047166,-0.5579230498577638,0.2558345575109083,1.1165026775542388,-0.6142542982610609,-1.5715860926720175,0.18658916323670846,1.467641878959388,1.77036409877175,0.13667737956055104,-0.31114770270240116,-0.2020317266026956,1.4151256580548508,0.6125530498969481
Elms College,Yes,245,208,125,23,46,544,436,11800,4765,450,1700,71.0,71,11.3,21,8952,86,-1.8941016785322635,-1.877019246524444,-1.5153892895847636,-0.05311907203067916,-1.4438915936161831,0.16408930983399242,0.44877394394675324,-0.6142542982610626,0.7203062079769135,-0.2253537109704769,-0.7494672137091747,-0.6789541283407586,3.091042453358316,0.15902147165047847,0.8489795918367347,Medium,1,1,-1.8941016785322629,-1.877019246524443,-1.515389289584765,-0.05311907203067917,-1.4438915936161827,0.16408930983399267,0.44877394394675296,-0.6142542982610609,0.7203062079769128,-0.22535371097047696,-0.7494672137091747,-0.6789541283407581,0.13667737956055104,0.15902147165043817,0.6941869296649427,0.001818927581047415,0.6125530498969481
Elon College,Yes,3624,2786,858,11,39,2933,334,9100,3883,490,1777,70.0,74,18.9,34,6329,63,0.7383528588207291,0.8449300266633781,0.6648911750999714,-1.0845174670653985,0.4489559122187347,-0.005914869171841798,-0.21682050591119023,-0.3034345771957162,0.8142433155442556,-0.29078845475452025,-0.5579571392876599,1.1996123641074883,3.5553480614894135,-0.8081301624362779,0.7687637969094923,Medium,1,1,0.7383528588207297,0.8449300266633794,0.6648911750999702,-1.0845174670653988,0.44895591221873526,-0.005914869171841561,-0.21682050591119054,-0.3034345771957146,0.8142433155442549,-0.2907884547545203,-0.5579571392876599,1.199612364107489,0.8951255085680089,-0.8081301624363182,0.14853550312145522,0.001818927581047415,0.6125530498969481
Embry Riddle Aeronautical University,Yes,3151,2584,958,14,40,4772,856,7800,3750,570,3020,37.0,43,16.5,4,12878,44,0.6140195609681486,0.7726596500721392,0.7712371721557213,-0.768473675269448,0.8778620626670993,0.6149959535553721,-0.5845619581984869,0.257019020518055,1.9631120967193565,-1.9327735892457512,-1.973085139428777,0.6449537276656453,1.6094379124341003,0.9957332416379369,0.8200571247223104,Medium,1,1,0.6140195609681491,0.7726596500721404,0.7712371721557201,-0.7684736752694481,0.8778620626670999,0.6149959535553723,-0.5845619581984872,0.2570190205180566,1.9631120967193558,-1.9327735892457512,-1.973085139428777,0.6449537276656458,-2.2835393318336408,0.9957332416378966,0.49744780298226177,0.001818927581047415,0.6125530498969481
Emory & Henry College,Yes,765,646,226,30,60,809,32,8578,4408,700,1600,79.0,88,13.9,51,8061,82,-0.7182951228212924,-0.6279626499119496,-0.7752895173898914,0.36877700770497285,-0.9332751312785159,-1.323847012672887,-0.36004924784599496,1.0360807079976635,0.5922469197566411,0.33126661926272183,0.5124477851823425,0.007245147886748601,3.9512437185814275,-0.11447541444352963,0.8444444444444444,Medium,1,1,-0.7182951228212918,-0.6279626499119486,-0.7752895173898926,0.3687770077049729,-0.9332751312785154,-1.3238470126728867,-0.36004924784599524,1.036080707997665,0.5922469197566405,0.3312666192627218,0.5124477851823425,0.007245147886749187,1.5418252579254095,-0.11447541444356993,0.6633375234297659,0.001818927581047415,0.6125530498969481
Emory University,Yes,8506,4168,1236,76,97,5544,192,17600,6000,600,870,97.0,98,5.0,28,28457,96,1.4700352771647454,1.2253842352680249,1.0102423500048616,2.092417481864056,1.0010473945259883,-0.34509920731959337,1.5961468624002662,0.44960143907769445,-0.663280949444848,1.7988961457720525,1.467641878959388,-2.6751249263889982,3.367295829986474,2.337072970250597,0.4900070538443452,High,2,1,1.470035277164746,1.2253842352680262,1.0102423500048603,2.0924174818640564,1.0010473945259888,-0.34509920731959315,1.596146862400266,0.44960143907769606,-0.6632809494448486,1.7988961457720525,1.467641878959388,-2.675124926388998,0.5879401964775927,2.3370729702505564,-1.747649838556899,1.4151256580548508,0.6125530498969481
Emporia State University,No,1256,1256,853,43,79,3957,588,5401,3144,450,1888,72.0,75,19.3,4,5527,50,-0.2359607120046567,0.060564084357814935,0.6592028933756201,0.9881629366230463,0.7182213961288431,0.36028690596352597,-1.386749846679481,-0.6142542982610626,0.9432314873842013,-0.15899811554781332,-0.4912534379026085,1.2893215220075742,1.6094379124341003,-1.2383371159666892,1.0,Low,0,0,-0.2359607120046561,0.060564084357816024,0.6592028933756189,0.9881629366230464,0.7182213961288436,0.3602869059635262,-1.3867498466794812,-0.6142542982610609,0.9432314873842006,-0.15899811554781337,-0.49125343790260845,1.2893215220075749,-2.2835393318336408,-1.2383371159667296,1.7214721572963374,-1.4114878028927562,-1.6325116659989423
Erskine College,Yes,659,557,167,47,74,532,35,10485,3840,475,1246,76.0,80,13.5,47,7527,67,-0.8668309666130591,-0.7858317239275706,-1.1449724814438131,1.1501937769220454,-1.4739299977962441,-1.2789032854925582,0.13873519495560938,-0.4173081667300912,0.07006481888184858,0.11563079124223473,-0.1356944211524122,-0.09484535878691201,3.871201010907891,-0.30187315452133423,0.8452200303490136,Medium,1,1,-0.8668309666130586,-0.7858317239275696,-1.1449724814438145,1.1501937769220456,-1.4739299977962437,-1.278903285492558,0.13873519495560907,-0.4173081667300896,0.07006481888184796,0.11563079124223467,-0.13569442115241218,-0.09484535878691143,1.4110746470937963,-0.30187315452137453,0.668613286832959,0.001818927581047415,0.6125530498969481
Eureka College,Yes,560,454,113,36,56,484,16,10955,3450,330,670,62.0,87,10.6,31,9552,53,-1.0307954322663384,-1.006262844427427,-1.648360233005829,0.6753287453312369,-1.602910498094004,-1.658361763019646,0.2523356229466301,-1.7179143530235432,-1.184453961244388,-0.7811031790800594,0.4259346495311623,-0.8738990280930917,3.4657359027997265,0.3206331775576805,0.8107142857142857,Medium,1,1,-1.0307954322663377,-1.0062628444274262,-1.6483602330058302,0.675328745331237,-1.6029104980940037,-1.6583617630196459,0.2523356229466298,-1.7179143530235417,-1.1844539612443887,-0.7811031790800594,0.42593464953116233,-0.8738990280930912,0.7487430981377603,0.3206331775576402,0.433895064555637,0.001818927581047415,0.6125530498969481
Evergreen State College,No,1801,1101,438,14,50,3065,363,6297,4600,600,1323,75.0,78,18.1,14,8355,68,0.10388999088653364,-0.07332869224485908,-0.024152806022301555,-0.768473675269448,0.48965425628068193,0.04671874992599485,-1.0639992251026387,0.44960143907769445,0.19439905273478492,0.045592781487855547,-0.28237352323745246,1.0179463816947247,2.70805020110221,-0.01927016515790758,0.6113270405330372,Low,0,0,0.10388999088653424,-0.07332869224485801,-0.024152806022302818,-0.7684736752694481,0.4896542562806825,0.04671874992599508,-1.063999225102639,0.44960143907769606,0.19439905273478428,0.04559278148785549,-0.2823735232374524,1.0179463816947254,-0.488944521318963,-0.019270165157947886,-0.922395611942736,-1.4114878028927562,-1.6325116659989423
Fairfield University,Yes,4784,3346,781,30,66,2984,1037,15000,6200,700,1100,86.0,90,15.1,30,11220,94,0.9815060205636008,1.019229849254535,0.5727543701030702,0.36877700770497285,0.46494009280422277,0.7487868149099581,1.1184412991582744,1.0360807079976635,-0.18659120676503163,0.8666156952783766,0.6902976719925955,0.30686892312721825,3.4339872044851463,0.697865876573699,0.6994147157190636,High,2,1,0.9815060205636014,1.0192298492545364,0.572754370103069,0.3687770077049729,0.4649400928042233,0.7487868149099584,1.1184412991582742,1.036080707997665,-0.18659120676503227,0.8666156952783766,0.6902976719925955,0.30686892312721886,0.696881263144984,0.6978658765736587,-0.3231973409569424,1.4151256580548508,0.6125530498969481
Fayetteville State University,No,1455,1064,452,1,16,2632,617,6806,2550,350,766,75.0,75,15.1,10,6972,24,-0.09619928971790938,-0.10827764340973485,0.009699900467654704,-3.361268809322709,0.3471638909019998,0.39241310921738526,-0.8939510962294311,-1.5119094047906834,-0.9185501864861576,0.045592781487855547,-0.4912534379026085,0.30686892312721825,2.3978952727983707,-0.5196990371918846,0.7312714776632302,Low,0,0,-0.09619928971790878,-0.10827764340973378,0.009699900467653443,-3.3612688093227097,0.34716389090200034,0.3924131092173855,-0.8939510962294315,-1.5119094047906818,-0.9185501864861583,0.04559278148785549,-0.49125343790260845,0.30686892312721886,-0.9955858819980911,-0.5196990371919249,-0.10649827794002265,-1.4114878028927562,-1.6325116659989423
Ferrum College,Yes,1339,1107,336,12,36,1051,82,9400,4200,500,1600,53.0,58,12.5,9,7967,22,-0.17496744382508705,-0.06777980173731302,-0.31597748127060915,-0.972731667786928,-0.6200299322211625,-0.8314593967701951,-0.13693542017306337,-0.22919460362735344,0.5922469197566411,-1.2621836217050806,-1.4375163915219222,-0.3553625238528725,2.302585092994046,-0.14605322917052546,0.8267363704256908,Medium,1,1,-0.17496744382508644,-0.06777980173731195,-0.3159774812706104,-0.9727316677869281,-0.620029932221162,-0.8314593967701949,-0.13693542017306368,-0.2291946036273518,0.5922469197566405,-1.2621836217050806,-1.4375163915219222,-0.35536252385287187,-1.1512760702749985,-0.14605322917056576,0.5428819964548772,0.001818927581047415,0.6125530498969481
Flagler College,Yes,1415,714,338,18,52,1345,44,5120,3200,500,2140,52.0,60,18.1,9,3930,69,-0.12257490945753216,-0.5222857154654349,-0.30931393202544993,-0.4176946998854468,-0.3407797764203208,-1.1623087972167594,-1.4951709333147079,-0.22919460362735344,1.211789924601134,-1.3110239587515067,-1.3460179845367914,1.0179463816947247,2.302585092994046,-2.4718618470582436,0.5045936395759717,Low,0,1,-0.12257490945753156,-0.5222857154654339,-0.3093139320254512,-0.41769469988544683,-0.34077977642032026,-1.1623087972167592,-1.495170933314708,-0.2291946036273518,1.2117899246011334,-1.3110239587515067,-1.3460179845367914,1.0179463816947254,-1.1512760702749985,-2.471861847058284,-1.6484275928622691,-1.4114878028927562,0.6125530498969481
Florida Institute of Technology,Yes,1947,1580,523,39,74,1863,233,13900,4140,750,1500,90.0,90,10.6,7,8923,57,0.1762262516867256,0.29096005748396403,0.16456100876389176,0.8144962912549336,0.0056988844672607,-0.22863103763749487,0.8998852924398955,1.302364976162053,0.45655088685874945,1.1927597836517578,0.6902976719925955,-0.8738990280930917,2.0794415416798357,0.15078792086873727,0.8115048793014895,High,2,1,0.1762262516867262,0.29096005748396514,0.16456100876389052,0.8144962912549337,0.005698884467261249,-0.22863103763749462,0.8998852924398951,1.3023649761620546,0.45655088685874884,1.1927597836517578,0.6902976719925955,-0.8738990280930912,-1.515783424979524,0.15078792086869697,0.4392729146294929,1.4151256580548508,0.6125530498969481
Florida International University,No,3306,2079,1071,42,89,10208,9310,6597,2494,800,3028,81.0,96,13.9,20,6722,66,0.656850969824075,0.5617430106906534,0.8769812321346283,0.9459121453121648,1.462808333004516,2.4745436931188647,-0.9627278894606838,1.5536080293455437,1.9689570413863668,0.47962441223420943,1.2632379969775114,0.007245147886748601,3.044522437723423,-0.6267762699137801,0.6288566243194192,Low,0,0,0.6568509698240755,0.5617430106906546,0.8769812321346271,0.9459121453121649,1.4628083330045165,2.474543693118865,-0.9627278894606841,1.5536080293455452,1.9689570413863662,0.4796244122342094,1.2632379969775114,0.007245147886749187,0.060686441260878146,-0.6267762699138204,-0.8031542280179284,-1.4114878028927562,-1.6325116659989423
Florida Southern College,Yes,1381,1040,374,20,44,1506,970,8025,4865,400,650,65.0,74,17.4,10,6339,68,-0.14563093150753567,-0.13164924037060113,-0.19660405489402324,-0.2637884142137961,-0.21772830223232525,0.701912432828415,-0.5181751764708661,-1.0385747644412713,-1.2442682362821473,-0.6041457749675595,-0.5579571392876599,0.8564097284492161,2.3978952727983707,-0.8033014820882721,0.7530774800868936,Medium,1,1,-0.14563093150753506,-0.13164924037060008,-0.1966040548940245,-0.2637884142137962,-0.2177283022323247,0.7019124328284152,-0.5181751764708664,-1.0385747644412697,-1.244268236282148,-0.6041457749675595,-0.5579571392876599,0.8564097284492167,-0.9955858819980911,-0.8033014820883124,0.04183256314276985,0.001818927581047415,0.6125530498969481
Florida State University,No,11651,8683,3023,50,90,18906,3242,6680,4060,600,1020,80.0,89,23.1,15,7250,58,1.728587826349777,1.8918774070322675,1.7789714488092565,1.265104344999401,1.8704183707515032,1.5983343951762778,-0.9352456267250219,0.44960143907769445,-0.3409403117181039,0.404985518976676,0.6005650532112241,2.1082507547381426,2.772588722239781,-0.4073745513980454,0.7452579177752983,Low,0,0,1.7285878263497776,1.8918774070322688,1.7789714488092552,1.2651043449994013,1.8704183707515036,1.598334395176278,-0.9352456267250222,0.44960143907769606,-0.3409403117181045,0.40498551897667595,0.6005650532112241,2.108250754738143,-0.3835201634208818,-0.4073745513980857,-0.01135839923736634,-1.4114878028927562,-1.6325116659989423
Fontbonne College,Yes,291,245,126,16,49,981,337,8390,4100,350,1500,45.0,55,21.5,24,4607,62,-1.7101084603203387,-1.690464226374285,-1.5049785784373977,-0.5849046607537626,-0.700797958261488,-0.00028299503473837014,-0.4130343485689788,-1.5119094047906834,0.45655088685874945,-1.6270516236131045,-1.5654940694465738,1.7703640987717493,3.2188758248682006,-1.8685105713323809,0.8419243986254296,Medium,1,1,-1.710108460320338,-1.6904642263742842,-1.504978578437399,-0.5849046607537627,-0.7007979582614875,-0.00028299503473813237,-0.4130343485689791,-1.5119094047906818,0.45655088685874884,-1.6270516236131045,-1.5654940694465738,1.77036409877175,0.34549454598816776,-1.8685105713324213,0.646195430686714,0.001818927581047415,0.6125530498969481
Fordham University,Yes,4200,2874,942,30,55,4740,1646,14235,6965,600,1735,86.0,97,14.4,14,10864,80,0.8681210193534834,0.87467965662174,0.7551063205316678,0.36877700770497285,0.8722393046648061,1.081643693841068,0.9676129215119171,0.44960143907769445,0.7634831066448203,0.8666156952783766,1.3645882269351624,0.1332649014169342,2.70805020110221,0.6249074219775383,0.6842857142857143,High,2,1,0.868121019353484,0.8746796566217412,0.7551063205316666,0.3687770077049729,0.8722393046648067,1.0816436938410683,0.9676129215119168,0.44960143907769606,0.7634831066448197,0.8666156952783766,1.3645882269351624,0.13326490141693478,-0.488944521318963,0.624907421977498,-0.4261092577655102,1.4151256580548508,0.6125530498969481
Fort Lewis College,No,3440,2823,1123,16,35,3793,486,6198,3320,500,2500,89.0,97,19.1,6,4362,46,0.6921779864161494,0.857559107899746,0.9213992757086431,-0.5849046607537626,0.6812234447459483,0.23463867832854768,-1.0981130973723547,-0.22919460362735344,1.5485627321158653,1.109844838622803,1.3645882269351624,1.244558309119232,1.9459101490553132,-2.0701164426365786,0.8206395348837209,Low,0,0,0.6921779864161499,0.8575591078997472,0.9213992757086419,-0.5849046607537627,0.6812234447459489,0.23463867832854793,-1.098113097372355,-0.2291946036273518,1.5485627321158646,1.109844838622803,1.3645882269351624,1.2445583091192327,-1.7339083692537995,-2.070116442636619,0.5014095281723605,-1.4114878028927562,-1.6325116659989423
Francis Marion University,No,1801,1655,819,13,38,3224,436,5840,3138,400,2430,76.0,76,19.1,8,5039,43,0.10388999088653364,0.33707619956710133,0.619473409023765,-0.867676873013996,0.5359296888729641,0.16408930983399242,-1.2245501271253267,-1.0385747644412713,1.486760856988775,0.11563079124223473,-0.4230962065588109,1.244558309119232,2.1972245773362196,-1.5505043844885618,0.9189339255968906,Low,0,0,0.10388999088653424,0.33707619956710244,0.6194734090237638,-0.8676768730139961,0.5359296888729647,0.16408930983399267,-1.224550127125327,-1.0385747644412697,1.4867608569887742,0.11563079124223467,-0.42309620655881086,1.2445583091192327,-1.3233835886260938,-1.5505043844886022,1.1700368797121874,-1.4114878028927562,-1.6325116659989423
Franciscan University of Steubenville,Yes,553,452,228,22,49,1301,242,9650,4400,600,1000,57.0,69,14.9,8,6336,83,-1.0435462405115858,-1.0110570163081176,-0.7647786159397021,-0.12094221917214973,-0.3775625995999124,-0.2055624924000638,-0.07163457522029776,0.44960143907769445,-0.3812772018018639,-1.057594035693021,-0.8700943318940553,0.25759334859915606,2.1972245773362196,-0.8047488519335871,0.8173598553345389,Medium,1,1,-1.0435462405115852,-1.0110570163081167,-0.7647786159397033,-0.12094221917214976,-0.37756259959991184,-0.20556249240006355,-0.07163457522029805,0.44960143907769606,-0.38127720180186453,-1.057594035693021,-0.8700943318940553,0.25759334859915667,-1.3233835886260938,-0.8047488519336274,0.4791001834075319,0.001818927581047415,0.6125530498969481
Franklin College,Yes,804,632,281,29,72,840,68,10390,4040,525,1345,54.0,78,12.5,37,11751,60,-0.6691344177312007,-0.6511950387556508,-0.5195564026789272,0.3133361961439687,-0.8871538761426646,-0.9331033091060889,0.11536894877650877,-0.04910428867699247,0.22869245575137204,-1.212420327353753,-0.28237352323745246,-0.3553625238528725,3.6375861597263857,0.8002943200091458,0.7860696517412935,Medium,1,1,-0.6691344177312002,-0.6511950387556498,-0.5195564026789284,0.31333619614396874,-0.887153876142664,-0.9331033091060886,0.11536894877650848,-0.04910428867699084,0.2286924557513714,-1.212420327353753,-0.2823735232374524,-0.35536252385287187,1.0294623131395182,0.8002943200091055,0.2662550169041441,0.001818927581047415,0.6125530498969481
Franklin Pierce College,Yes,5187,4471,446,3,14,1818,1197,13320,4630,500,800,50.0,56,17.6,16,6418,51,1.0514043034910132,1.2905847113447313,-0.004658218712654086,-2.488799584590381,-0.01945550672560395,0.8505387244489474,0.7800439559719657,-0.22919460362735344,-0.831740799103585,-1.4059352088535653,-1.5240531582747878,0.9028169700855416,2.833213344056216,-0.7655636679883738,0.861962598804704,High,2,1,1.0514043034910139,1.2905847113447326,-0.004658218712655348,-2.4887995845903816,-0.0194555067256034,0.8505387244489476,0.7800439559719654,-0.2291946036273518,-0.8317407991035857,-1.4059352088535653,-1.5240531582747878,0.9028169700855422,-0.28448920152158647,-0.7655636679884141,0.782501161036982,1.4151256580548508,0.6125530498969481
Freed-Hardeman University,Yes,895,548,314,20,54,1174,50,5500,3340,600,1600,68.0,76,16.1,13,6078,62,-0.563726866101609,-0.8032793934990913,-0.392442928228115,-0.2637884142137961,-0.4928614722387831,-1.0960209047484508,-1.3494360195153279,0.44960143907769445,0.5922469197566411,-0.4188949777661247,-0.4230962065588109,0.5495374102901839,2.6390573296152584,-0.9333182452525293,0.6122905027932961,Low,0,1,-0.5637268661016085,-0.8032793934990903,-0.3924429282281163,-0.2637884142137962,-0.49286147223878257,-1.0960209047484506,-1.349436019515328,0.44960143907769606,0.5922469197566405,-0.4188949777661248,-0.42309620655881086,0.5495374102901844,-0.601645107695158,-0.9333182452525696,-0.915841858318429,-1.4114878028927562,0.6125530498969481
Fresno Pacific College,Yes,346,274,146,51,87,704,63,9900,3670,630,1818,59.0,59,10.5,14,8095,54,-1.5273022559073224,-1.5642007556644462,-1.3147687593578858,1.3022664532279353,-1.1071234222155615,-0.9740319705249556,-0.007435867506012867,0.6339700079371658,0.862734590826136,-0.9497641272340495,-1.392393977623881,-0.9021518863751771,2.70805020110221,-0.10319314240015523,0.791907514450867,Medium,1,1,-1.5273022559073217,-1.5642007556644453,-1.3147687593578872,1.3022664532279355,-1.107123422215561,-0.9740319705249554,-0.007435867506013159,0.6339700079371675,0.8627345908261354,-0.9497641272340495,-1.392393977623881,-0.9021518863751765,-0.488944521318963,-0.10319314240019553,0.3059658758233021,0.001818927581047415,0.6125530498969481
Furman University,Yes,2161,1951,685,56,82,2371,175,13440,4048,600,1250,92.0,95,13.5,28,12940,82,0.2723610620551552,0.4995064058348676,0.4419968832156433,1.4803479884652575,0.24667805738813303,-0.40010470410549714,0.8051159245144573,0.44960143907769445,0.0766966911087716,1.3613470368188663,1.1635803366973685,-0.09484535878691201,3.367295829986474,1.0057172446952274,0.9028227672373901,High,2,1,0.2723610620551558,0.4995064058348687,0.441996883215642,1.4803479884652577,0.2466780573881336,-0.4001047041054969,0.805115924514457,0.44960143907769606,0.07669669110877098,1.3613470368188663,1.1635803366973685,-0.09484535878691143,0.5879401964775927,1.005717244695187,1.060444042664282,1.4151256580548508,0.6125530498969481
Gannon University,Yes,2464,1908,678,24,57,2693,691,10970,4280,500,1380,47.0,51,13.3,18,7711,65,0.39229357267610265,0.4776139074185709,0.43164503537072224,0.012544204192919125,0.3689042383154265,0.4686066011038409,0.2559079680595297,-0.22919460362735344,0.28219421599902045,-1.5413763808804528,-1.7193887069886764,-0.14633148248231995,2.9444389791664403,-0.23504486542666625,0.7743506493506493,Medium,1,1,0.39229357267610326,0.477613907418572,0.43164503537072096,0.012544204192919118,0.36890423831542707,0.4686066011038411,0.2559079680595294,-0.2291946036273518,0.28219421599901984,-1.5413763808804528,-1.7193887069886764,-0.14633148248231936,-0.10280094841912382,-0.23504486542670655,0.18653891637903583,0.001818927581047415,0.6125530498969481
Gardner Webb University,Yes,1110,930,332,18,36,1603,374,8180,4270,500,500,65.0,58,15.2,12,5664,29,-0.3545507039165951,-0.24670415504880183,-0.3294428956224692,-0.4176946998854468,-0.1510879264621979,0.0656958882796683,-0.4731503524789698,-0.22919460362735344,-1.7565250578392297,-0.6041457749675595,-1.4375163915219222,0.33141144399481504,2.5649493574615367,-1.158237545558772,0.8378378378378378,Medium,1,1,-0.3545507039165945,-0.24670415504880078,-0.3294428956224705,-0.41769469988544683,-0.15108792646219735,0.06569588827966853,-0.4731503524789701,-0.2291946036273518,-1.7565250578392304,-0.6041457749675595,-1.4375163915219222,0.33141144399481565,-0.7227012651918747,-1.1582375455588123,0.6183974424547377,0.001818927581047415,0.6125530498969481
Geneva College,Yes,668,534,237,19,39,1306,258,9476,4820,500,1100,67.0,67,20.1,26,6786,74,-0.8532556531005214,-0.831038532380621,-0.7187610046822902,-0.33923404372499033,-0.37330691285425166,-0.1663968709524976,-0.11696450190027456,-0.22919460362735344,-0.18659120676503163,-0.481566548430211,-0.9851988400469104,1.4665986044009738,3.295836866004329,-0.5987858574876502,0.7994011976047904,Medium,1,1,-0.8532556531005209,-0.83103853238062,-0.7187610046822914,-0.3392340437249904,-0.3733069128542511,-0.16639687095249736,-0.11696450190027485,-0.2291946036273518,-0.18659120676503227,-0.48156654843021107,-0.9851988400469104,1.4665986044009744,0.47121122188858366,-0.5987858574876905,0.35694011234008743,0.001818927581047415,0.6125530498969481
George Fox College,Yes,809,726,294,27,52,1271,43,12500,4130,400,1050,53.0,53,13.5,22,7136,52,-0.6630173945723598,-0.5047581189613062,-0.46752249019378644,0.19803987368047163,-0.4035224424155572,-1.1741414143251225,0.6046150057754334,-1.0385747644412713,-0.2817874147283941,-1.2621836217050806,-1.644788026270866,-0.09484535878691201,3.1354942159291497,-0.4526188545764744,0.8974042027194067,Medium,1,1,-0.6630173945723592,-0.5047581189613052,-0.4675224901937877,0.19803987368047166,-0.4035224424155566,-1.1741414143251223,0.604615005775433,-1.0385747644412697,-0.2817874147283947,-1.2621836217050806,-1.644788026270866,-0.09484535878691143,0.20928980457225407,-0.4526188545765147,1.0235853733493756,0.001818927581047415,0.6125530498969481
George Mason University,No,5653,4326,1727,17,29,9528,3822,10800,4840,580,1050,93.0,96,19.3,7,6751,46,1.1253053607527035,1.259992770575266,1.3101716868214197,-0.49946894118390567,1.4137004420427626,1.7290982563907469,0.2152318024408838,0.32217442668206625,-0.2817874147283941,1.4470191871641125,1.2632379969775114,1.2893215220075742,2.0794415416798357,-0.6140424091913022,0.7652573854590483,Medium,1,0,1.1253053607527042,1.2599927705752674,1.3101716868214184,-0.4994689411839057,1.413700442042763,1.729098256390747,0.2152318024408835,0.32217442668206786,-0.2817874147283947,1.4470191871641125,1.2632379969775114,1.2893215220075749,-1.515783424979524,-0.6140424091913425,0.12468386128809128,0.001818927581047415,-1.6325116659989423
George Washington University,Yes,7875,5062,1492,38,71,5471,1470,17450,6328,700,950,92.0,93,7.6,15,14745,72,1.4057847910470762,1.405159996026777,1.1809140731744374,0.7690207208177235,0.9903206737845084,0.9987618010283333,1.5698984641807798,1.0360807079976635,-0.48548409270739684,1.3613470368188663,0.9692990979140862,-1.773888167063639,2.772588722239781,1.267433378304887,0.6427936507936508,High,2,1,1.4057847910470769,1.4051599960267784,1.180914073174436,0.7690207208177237,0.9903206737845089,0.9987618010283336,1.5698984641807796,1.036080707997665,-0.48548409270739745,1.3613470368188663,0.9692990979140862,-1.7738881670636384,-0.3835201634208818,1.2674333783048466,-0.7083504754111445,1.4151256580548508,0.6125530498969481
Georgetown College,Yes,727,693,286,30,55,1063,48,8100,3950,550,550,73.0,76,13.3,28,7508,55,-0.7688527199590247,-0.5537305818373753,-0.49922096412837047,0.36877700770497285,-0.6068427004438894,-1.1172801877673055,-0.4963183013983417,0.12366360034857365,-1.5715860926720169,-0.09172176908837011,-0.4230962065588109,-0.14633148248231995,3.367295829986474,-0.30891746774800555,0.953232462173315,Medium,1,1,-0.7688527199590242,-0.5537305818373743,-0.49922096412837175,0.3687770077049729,-0.6068427004438889,-1.1172801877673053,-0.496318301398342,0.12366360034857528,-1.5715860926720175,-0.09172176908837017,-0.42309620655881086,-0.14633148248231936,0.5879401964775927,-0.30891746774804585,1.4033456118422496,0.001818927581047415,0.6125530498969481
Georgetown University,Yes,11115,2881,1390,71,93,5881,406,18300,7131,670,1700,91.0,92,7.2,27,19635,95,1.6902600086630686,0.8770041567321848,1.117285988194816,1.9518471386888563,1.0484267574817552,0.1181736923017121,1.716734178427812,0.8682441955198137,0.7203062079769135,1.2765938761615636,0.8746535950171559,-1.9036274414904173,3.332204510175204,1.7805025396805645,0.25919928025191186,High,2,1,1.6902600086630692,0.877004156732186,1.1172859881948147,1.9518471386888565,1.0484267574817556,0.11817369230171233,1.7167341784278118,0.8682441955198154,0.7203062079769128,1.2765938761615636,0.8746535950171559,-1.9036274414904166,0.5306181538634841,1.780502539680524,-3.3176721892955356,1.4151256580548508,0.6125530498969481
Georgia Institute of Technology,No,7837,4527,2276,89,99,8528,654,6489,4438,795,1164,92.0,92,19.3,33,11271,70,1.4017407152552863,1.3021165813149542,1.5463402239352386,2.4281680076898295,1.3331425782794764,0.43148156950958727,-0.9988301697961284,1.5291092793798162,-0.07042289926805698,1.3613470368188663,0.8746535950171559,1.2893215220075742,3.5263605246161616,0.7080258151654275,0.5776445068265919,Low,0,0,1.401740715255287,1.3021165813149556,1.5463402239352373,2.42816800768983,1.3331425782794768,0.4314815695095875,-0.9988301697961287,1.5291092793798178,-0.0704228992680576,1.3613470368188663,0.8746535950171559,1.2893215220075749,0.8477740600370556,0.7080258151653872,-1.1515141114002445,-1.4114878028927562,-1.6325116659989423
Georgia State University,No,3793,2341,1238,9,24,7732,9054,6744,2655,720,3450,87.0,89,19.0,10,7762,34,0.7785995634614423,0.677260343240019,1.0117293774046043,-1.3330274833513367,1.2603055537139527,2.4501898039842005,-0.9142072820709761,1.1445230675700342,2.258646405217349,0.9467727128282987,0.6005650532112241,1.222108344767349,2.3978952727983707,-0.21695551051769296,0.617189559715265,Low,0,0,0.7785995634614429,0.6772603432400203,1.011729377404603,-1.333027483351337,1.2603055537139531,2.450189803984201,-0.9142072820709765,1.1445230675700357,2.2586464052173487,0.9467727128282987,0.6005650532112241,1.2221083447673498,-0.9955858819980911,-0.21695551051773326,-0.8825170324457351,-1.4114878028927562,-1.6325116659989423
Georgian Court College,Yes,348,281,127,12,52,1095,785,9150,3950,500,800,56.0,59,12.2,27,7348,76,-1.5212554318138118,-1.5358631945216137,-1.4946627353887945,-0.972731667786928,-0.5725458726418119,0.5554281226120905,-0.2033874093771219,-0.22919460362735344,-0.831740799103585,-1.1101254032815964,-1.392393977623881,-0.43508339754859443,3.332204510175204,-0.36934851303853716,0.8074712643678161,Medium,1,1,-1.5212554318138112,-1.5358631945216128,-1.4946627353887958,-0.9727316677869281,-0.5725458726418113,0.5554281226120907,-0.2033874093771222,-0.2291946036273518,-0.8317407991035857,-1.1101254032815964,-1.392393977623881,-0.4350833975485938,0.5306181538634841,-0.36934851303857746,0.41183507966591365,0.001818927581047415,0.6125530498969481
Gettysburg College,Yes,3596,2466,575,42,78,1944,46,19964,4328,500,500,94.0,95,12.1,32,14720,83,0.7314906758512101,0.7275904206043513,0.26333014044539704,0.9459121453121648,0.04916275851849312,-1.1393532694354787,1.9917016387042779,-0.22919460362735344,-1.7565250578392297,1.5336102495926123,1.1635803366973685,-0.4618260387652622,3.4965075614664802,1.2641498131369673,0.685761957730812,High,2,1,0.7314906758512106,0.7275904206043525,0.26333014044539577,0.9459121453121649,0.049162758518493666,-1.1393532694354784,1.9917016387042776,-0.2291946036273518,-1.7565250578392304,1.5336102495926123,1.1635803366973685,-0.46182603876526157,0.7990089285165864,1.2641498131369269,-0.41606741572587574,1.4151256580548508,0.6125530498969481
Goldey Beacom College,Yes,633,468,284,10,27,823,963,6120,2985,531,1830,75.0,25,27.6,4,6081,36,-0.9071947257815042,-0.9733231768150105,-0.5073055606423006,-1.2041414384332418,-0.9121840671987419,0.6968480623799264,-1.1252436803842232,-0.006996591595906965,0.8767356419673201,0.045592781487855547,-2.314801516396056,3.0128636091375527,1.6094379124341003,-0.93177505632177,0.7393364928909952,Low,0,1,-0.9071947257815036,-0.9733231768150095,-0.5073055606423018,-1.204141438433242,-0.9121840671987413,0.6968480623799266,-1.1252436803842234,-0.006996591595905337,0.8767356419673195,0.04559278148785549,-2.314801516396056,3.012863609137553,-2.2835393318336408,-0.9317750563218103,-0.05163767264256884,-1.4114878028927562,0.6125530498969481
Gonzaga University,Yes,1886,1524,526,31,67,2523,296,13000,4450,600,2400,78.0,90,14.7,32,9553,69,0.14673579591875785,0.2549735212825227,0.17056176206817786,0.4228593760746721,0.30674345795441105,-0.08150079528244612,0.7124516289319573,0.44960143907769445,1.4597682931085838,0.25846780349494175,0.6902976719925955,0.20805976907672294,3.4965075614664802,0.32088939753814905,0.8080593849416755,High,2,1,0.14673579591875846,0.2549735212825238,0.1705617620681766,0.42285937607467217,0.3067434579544116,-0.08150079528244589,0.712451628931957,0.44960143907769606,1.4597682931085831,0.2584678034949417,0.6902976719925955,0.20805976907672352,0.7990089285165864,0.32088939753810874,0.4158356487607785,1.4151256580548508,0.6125530498969481
Gordon College,Yes,674,565,282,25,54,1151,39,12200,4070,400,1200,73.0,82,14.2,32,9226,66,-0.8443140041897268,-0.7705738776426697,-0.5154560943079378,0.07620224590010746,-0.5153701039938592,-1.2240971271106291,0.538546706109194,-1.0385747644412713,-0.007652219861956637,-0.09172176908837011,0.01703484187169807,0.0830645638304953,3.4965075614664802,0.23483457106998754,0.8382789317507419,Medium,1,1,-0.8443140041897262,-0.7705738776426687,-0.515456094307939,0.07620224590010746,-0.5153701039938586,-1.224097127110629,0.5385467061091936,-1.0385747644412697,-0.007652219861957268,-0.09172176908837017,0.017034841871698108,0.08306456383049589,0.7990089285165864,0.23483457106994723,0.6213978929649402,0.001818927581047415,0.6125530498969481
Goshen College,Yes,440,396,221,26,51,910,166,9420,3730,600,1230,51.0,56,9.9,46,10270,72,-1.2773003039173505,-1.1553649344311452,-0.8020431447647498,0.1379929544107909,-0.790234196338998,-0.4312059738755724,-0.13166966162554308,0.44960143907769445,0.043338678820573046,-1.3589412011461273,-1.5240531582747878,-1.0739217798372562,3.8501476017100584,0.49458613295992027,0.9,Medium,1,1,-1.2773003039173498,-1.1553649344311443,-0.802043144764751,0.13799295441079093,-0.7902341963389975,-0.4312059738755722,-0.1316696616255434,0.44960143907769606,0.043338678820572414,-1.3589412011461273,-1.5240531582747878,-1.0739217798372556,1.3766836801623437,0.49458613295987996,1.0412427498106844,0.001818927581047415,0.6125530498969481
Goucher College,Yes,1151,813,248,40,64,850,80,15588,6174,500,1200,78.0,90,9.2,34,16623,77,-0.3196313028486059,-0.3862663102441872,-0.6651807663865615,0.8591123720558881,-0.8727169131899647,-0.844973801065171,1.2309708053941073,-0.22919460362735344,-0.007652219861956637,0.25846780349494175,0.6902976719925955,-1.2795288599936459,3.5553480614894135,1.491924130472861,0.7063423110338836,High,2,1,-0.3196313028486053,-0.38626631024418623,-0.6651807663865628,0.8591123720558882,-0.8727169131899641,-0.8449738010651707,1.230970805394107,-0.2291946036273518,-0.007652219861957268,0.2584678034949417,0.6902976719925955,-1.2795288599936452,0.8951255085680089,1.4919241304728206,-0.27607380039393836,1.4151256580548508,0.6125530498969481
Grace College and Seminary,Yes,548,428,167,18,46,618,113,8958,3670,300,1000,53.0,59,15.3,26,9798,64,-1.0527604281168035,-1.070422412905847,-1.1449724814438131,-0.4176946998854468,-1.274927884090176,-0.6529279200826904,-0.2552368701838875,-2.0483080496073764,-0.3812772018018639,-1.2621836217050806,-1.392393977623881,0.35589122750062535,3.295836866004329,0.38244317514841314,0.781021897810219,Medium,1,1,-1.0527604281168028,-1.0704224129058462,-1.1449724814438145,-0.41769469988544683,-1.2749278840901757,-0.6529279200826902,-0.2552368701838878,-2.0483080496073747,-0.38127720180186453,-1.2621836217050806,-1.392393977623881,0.35589122750062596,0.47121122188858366,0.38244317514837284,0.23191871024746238,0.001818927581047415,0.6125530498969481
Graceland College,Yes,555,414,242,14,41,996,2281,9100,3100,550,880,51.0,61,23.6,24,5609,47,-1.0398855625898908,-1.1067195044964149,-0.6940582875935933,-0.768473675269448,-0.6829109540471304,1.326024651624655,-0.21682050591119023,0.12366360034857365,-0.6402474519365877,-1.3589412011461273,-1.2983753500580535,2.211956120304136,3.2188758248682006,-1.1900316309135355,0.745945945945946,Medium,1,1,-1.0398855625898902,-1.106719504496414,-0.6940582875935946,-0.7684736752694481,-0.6829109540471299,1.3260246516246552,-0.21682050591119054,0.12366360034857528,-0.6402474519365884,-1.3589412011461273,-1.2983753500580535,2.2119561203041362,0.34549454598816776,-1.1900316309135759,-0.00667822928883494,0.001818927581047415,0.6125530498969481
Grand Valley State University,No,5165,3887,1561,20,60,8234,2619,6108,3800,500,1000,64.0,66,20.6,9,5063,57,1.0477411832702817,1.1602194794508622,1.2211756521848987,-0.2637884142137961,1.3072437220514952,1.4319224288770396,-1.129437743026696,-0.22919460362735344,-0.3812772018018639,-0.6640532127193101,-1.0407110988557453,1.5760036933158947,2.302585092994046,-1.5340737192801304,0.7525653436592449,Low,0,0,1.0477411832702823,1.1602194794508636,1.2211756521848973,-0.2637884142137962,1.3072437220514956,1.4319224288770398,-1.1294377430266962,-0.2291946036273518,-0.38127720180186453,-0.6640532127193101,-1.0407110988557453,1.5760036933158954,-1.1512760702749985,-1.5340737192801708,0.03834886055545697,-1.4114878028927562,-1.6325116659989423
Green Mountain College,Yes,780,628,198,7,20,545,42,11750,2700,400,850,77.0,83,14.0,24,6475,76,-0.6990756244101037,-0.6579340256458,-0.9348022212528749,-1.626781013821947,-1.4414249072737342,-1.186224667229641,0.43741250359800693,-1.0385747644412713,-0.7100928488284425,0.18658916323670852,0.09569733284866454,0.03258838544133381,3.2188758248682006,-0.7387771668507078,0.8051282051282052,Medium,1,1,-0.6990756244101032,-0.657934025645799,-0.9348022212528762,-1.6267810138219472,-1.4414249072737337,-1.1862246672296408,0.43741250359800665,-1.0385747644412697,-0.7100928488284431,0.18658916323670846,0.09569733284866458,0.03258838544133439,0.34549454598816776,-0.7387771668507481,0.3958969016832701,0.001818927581047415,0.6125530498969481
Greensboro College,Yes,608,494,176,10,31,649,314,8330,3770,550,1300,64.0,80,13.0,31,7949,39,-0.9477196186556396,-0.9148542999364515,-1.0795968539072518,-1.2041414384332418,-1.2113290489984967,-0.044669902510998914,-0.430108505965122,0.12366360034857365,0.15797762169666751,-0.6640532127193101,-0.1356944211524122,-0.22412911897517096,3.4657359027997265,-0.1521656662385521,0.8125,Medium,1,1,-0.947719618655639,-0.9148542999364505,-1.0795968539072531,-1.204141438433242,-1.2113290489984962,-0.04466990251099868,-0.4301085059651223,0.12366360034857528,0.15797762169666688,-0.6640532127193101,-0.13569442115241218,-0.22412911897517038,0.7487430981377603,-0.1521656662385924,0.4460420182607379,0.001818927581047415,0.6125530498969481
Greenville College,Yes,510,387,194,20,46,771,53,10310,4530,400,800,57.0,61,14.3,16,8222,60,-1.1258803468589633,-1.180582067861855,-0.9597044877315828,-0.2637884142137961,-0.9928406465373614,-1.065526666446129,0.09558300522426577,-1.0385747644412713,-0.831740799103585,-1.057594035693021,-1.2983753500580535,0.10819887684225446,2.833213344056216,-0.061688638380005656,0.7588235294117647,Medium,1,1,-1.1258803468589627,-1.1805820678618542,-0.959704487731584,-0.2637884142137962,-0.9928406465373608,-1.0655266664461287,0.09558300522426548,-1.0385747644412697,-0.8317407991035857,-1.057594035693021,-1.2983753500580535,0.10819887684225504,-0.28448920152158647,-0.061688638380045964,0.08091888041917393,0.001818927581047415,0.6125530498969481
Grinnell College,Yes,2039,1389,432,56,91,1333,30,15688,4618,400,400,88.0,92,9.5,54,18979,83,0.21887920193087035,0.1620625899392127,-0.03904524563411461,1.4803479884652575,-0.3506643895415159,-1.3559697713457746,1.2498296281827272,-1.0385747644412713,-2.1844360203854483,1.0278491213014884,0.8746535950171559,-1.1906916694765612,4.007333185232471,1.7237140634499122,0.6812162824914174,High,2,1,0.21887920193087096,0.1620625899392138,-0.03904524563411587,1.4803479884652577,-0.35066438954151535,-1.3559697713457743,1.249829628182727,-1.0385747644412697,-2.1844360203854487,1.0278491213014884,0.8746535950171559,-1.1906916694765606,1.6334479958237178,1.7237140634498718,-0.44698843547303196,1.4151256580548508,0.6125530498969481
Grove City College,Yes,2491,1110,573,57,88,2213,35,5224,3048,525,350,65.0,65,18.4,18,4957,100,0.40220327870658373,-0.06501740243049026,0.2597248681407421,1.514531847671769,0.17905060242717794,-1.2789032854925582,-1.4545982956336498,-0.04910428867699247,-2.4371388855855125,-0.6041457749675595,-1.094880026424442,1.0864302146786262,2.9444389791664403,-1.607565589490082,0.4456041750301084,Low,0,1,0.40220327870658434,-0.06501740243048919,0.2597248681407408,1.5145318476717693,0.1790506024271785,-1.278903285492558,-1.45459829563365,-0.04910428867699084,-2.437138885585513,-0.6041457749675595,-1.094880026424442,1.0864302146786269,-0.10280094841912382,-1.6075655894901224,-2.0496912780215544,-1.4114878028927562,0.6125530498969481
Guilford College,Yes,1202,1054,326,18,44,1410,299,13404,5160,450,1050,78.0,86,15.6,30,9114,65,-0.27801207478851087,-0.11794661861582757,-0.3499958886795415,-0.4176946998854468,-0.2890440563340105,-0.07522454097749419,0.7976098294365102,-0.6142542982610626,-0.2817874147283941,0.25846780349494175,0.3410143789166372,0.4289597985788314,3.4339872044851463,0.2042702485448557,0.8768718801996672,High,2,1,-0.27801207478851026,-0.1179466186158265,-0.3499958886795428,-0.41769469988544683,-0.2890440563340099,-0.07522454097749395,0.7976098294365098,-0.6142542982610609,-0.2817874147283947,0.2584678034949417,0.3410143789166373,0.428959798578832,0.696881263144984,0.2042702485448154,0.8839184775303086,1.4151256580548508,0.6125530498969481
Gustavus Adolphus College,Yes,1709,1385,634,36,72,2281,50,14125,3600,400,700,79.0,89,12.5,58,9907,80,0.05499965685527724,0.1591642333388204,0.3636193173681368,0.6753287453312369,0.20885524428698748,-1.0960209047484508,0.9454905754324342,-1.0385747644412713,-1.0977621251970406,0.33126661926272183,0.6005650532112241,-0.3553625238528725,4.07753744390572,0.4090709791338605,0.8104154476301931,High,2,1,0.05499965685527784,0.15916423333882151,0.3636193173681355,0.675328745331237,0.20885524428698804,-1.0960209047484506,0.9454905754324339,-1.0385747644412697,-1.0977621251970413,0.3312666192627218,0.6005650532112241,-0.35536252385287187,1.7481273960002646,0.4090709791338202,0.4318622800268725,1.4151256580548508,0.6125530498969481
Gwynedd Mercy College,Yes,380,237,104,30,56,716,1108,11000,5550,500,500,36.0,41,7.8,22,7483,96,-1.4292795810578283,-1.728122042366442,-1.759262943345921,0.36877700770497285,-1.0857037011407664,0.7955700857193758,0.26304304288094843,-0.22919460362735344,-1.7565250578392297,-1.9668257993943357,-2.0259049331637793,-1.7100169908089125,3.1354942159291497,-0.31822830099276933,0.6236842105263158,Medium,1,1,-1.4292795810578276,-1.7281220423664412,-1.7592629433459224,0.3687770077049729,-1.085703701140766,0.795570085719376,0.26304304288094815,-0.2291946036273518,-1.7565250578392304,-1.9668257993943357,-2.0259049331637793,-1.7100169908089118,0.20928980457225407,-0.31822830099280963,-0.8383385077154618,0.001818927581047415,0.6125530498969481
Hamilton College,Yes,3140,1783,454,40,82,1646,24,19700,5050,300,800,91.0,96,9.6,60,17761,91,0.6108944514574587,0.41084588564329366,0.01443715058377859,0.8591123720558881,-0.12310064119825011,-1.4654695858923672,1.9491090666190474,-2.0483080496073764,-0.831740799103585,1.2765938761615636,1.2632379969775114,-1.161322711796831,4.110873864173311,1.6098052606303153,0.5678343949044586,High,2,1,0.6108944514574592,0.4108458856432948,0.01443715058377733,0.8591123720558882,-0.12310064119824955,-1.465469585892367,1.9491090666190471,-2.0483080496073747,-0.8317407991035857,1.2765938761615636,1.2632379969775114,-1.1613227117968303,1.8025827916211208,1.6098052606302748,-1.2182453776018507,1.4151256580548508,0.6125530498969481
Hamline University,Yes,1006,825,328,34,73,1362,102,13252,4194,450,550,89.0,93,13.0,33,10296,65,-0.449727706517667,-0.37099421892415924,-0.34309674815841246,0.5776799288914051,-0.32695909859884575,-0.7105632497995541,0.7657705861943107,-0.6142542982610626,-1.5715860926720169,1.109844838622803,0.9692990979140862,-0.22412911897517096,3.5263605246161616,0.500532165855433,0.820079522862823,High,2,1,-0.4497277065176664,-0.37099421892415824,-0.34309674815841373,0.5776799288914052,-0.3269590985988452,-0.7105632497995539,0.7657705861943104,-0.6142542982610609,-1.5715860926720175,1.109844838622803,0.9692990979140862,-0.22412911897517038,0.8477740600370556,0.5005321658553927,0.49760016172075866,1.4151256580548508,0.6125530498969481
Hampden - Sydney College,Yes,817,644,307,20,40,945,1,13218,4773,660,600,95.0,97,13.3,53,12263,69,-0.6533140242438525,-0.6312484217657542,-0.4180771590723108,-0.2637884142137961,-0.7451222077256712,-2.789154165730728,0.7586158531116008,0.8108421981673638,-1.4016057555673218,1.6211201473361683,1.3645882269351624,-0.14633148248231995,3.9889840465642745,0.8925153057161329,0.7882496940024479,High,2,1,-0.653314024243852,-0.6312484217657532,-0.4180771590723121,-0.2637884142137962,-0.7451222077256706,-2.7891541657307277,0.7586158531116005,0.8108421981673655,-1.4016057555673225,1.6211201473361683,1.3645882269351624,-0.14633148248231936,1.6034744834472257,0.8925153057160926,0.2810843054601317,1.4151256580548508,0.6125530498969481
Hampton University,Yes,7178,3755,1433,25,63,4623,740,7161,3518,600,2000,60.0,64,14.0,9,6791,70,1.3280571656019333,1.1278472414209468,1.1447456296064773,0.07620224590010746,0.8512802515546801,0.5151068467870735,-0.7802418840968481,0.44960143907769445,1.0664517666868942,-0.8944658348300512,-1.1477182127095475,0.03258838544133381,2.302585092994046,-0.5966162551681812,0.5231262190025077,Low,0,1,1.328057165601934,1.1278472414209482,1.144745629606476,0.07620224590010746,0.8512802515546807,0.5151068467870737,-0.7802418840968485,0.44960143907769606,1.0664517666868936,-0.8944658348300512,-1.1477182127095475,0.03258838544133439,-1.1512760702749985,-0.5966162551682215,-1.5223635376373355,-1.4114878028927562,0.6125530498969481
Hanover College,Yes,1006,837,317,33,65,1024,15,8200,3485,500,1200,84.0,84,10.6,26,9248,64,-0.449727706517667,-0.35595780698897567,-0.3816578689187389,0.5272445442404744,-0.6503842442510744,-1.6883580068917188,-0.4673816430927015,-0.22919460362735344,-0.007652219861956637,0.7090601660532498,0.17590711389826053,-0.8738990280930917,3.295836866004329,0.2407711048705286,0.8320079522862823,Medium,1,1,-0.4497277065176664,-0.35595780698897467,-0.38165786891874015,0.5272445442404745,-0.6503842442510739,-1.6883580068917186,-0.4673816430927018,-0.2291946036273518,-0.007652219861957268,0.7090601660532498,0.17590711389826055,-0.8738990280930912,0.47121122188858366,0.2407711048704883,0.5787408465103001,0.001818927581047415,0.6125530498969481
Hardin-Simmons University,Yes,467,424,350,16,40,1365,334,6300,2980,700,2140,75.0,79,13.7,10,7054,38,-1.2160235586862245,-1.0806619632702608,-0.27026478297894996,-0.5849046607537626,-0.3245419831399542,-0.005914869171841798,-1.0629709897256059,1.0360807079976635,1.211789924601134,0.045592781487855547,-0.20978440474634713,-0.043655143285563025,2.3978952727983707,-0.4858582682422018,0.9079229122055674,Low,0,1,-1.2160235586862238,-1.0806619632702599,-0.27026478297895123,-0.5849046607537627,-0.32454198313995364,-0.005914869171841561,-1.062970989725606,1.036080707997665,1.2117899246011334,0.04559278148785549,-0.2097844047463471,-0.04365514328556244,-0.9955858819980911,-0.4858582682422421,1.095136728562224,-1.4114878028927562,0.6125530498969481
Harding University,Yes,1721,1068,806,35,75,3128,213,5504,3528,700,910,71.0,77,17.7,37,6466,73,0.061534714056522014,-0.10443722726203829,0.6037771096614052,0.6270233788095004,0.5083323315687016,-0.28291456787342517,-1.347937698152823,1.0360807079976635,-0.5725728835992011,-0.2253537109704769,-0.35347352257287784,0.9259436201670271,3.6375861597263857,-0.7429823905702062,0.620569436374201,Low,0,1,0.06153471405652262,-0.10443722726203722,0.603777109661404,0.6270233788095005,0.5083323315687022,-0.28291456787342495,-1.3479376981528233,1.036080707997665,-0.5725728835992018,-0.22535371097047696,-0.3534735225728778,0.9259436201670277,1.0294623131395182,-0.7429823905702465,-0.8595261174749087,-1.4114878028927562,0.6125530498969481
Hartwick College,Yes,2083,1725,430,22,49,1464,67,17480,4780,500,700,75.0,87,12.3,32,11625,73,0.23855423871085646,0.3781450787454281,-0.04406248171470981,-0.12094221917214973,-0.24822668263438888,-0.9410669533097701,1.5751599681039905,-0.22919460362735344,-1.0977621251970406,0.045592781487855547,0.4259346495311623,-0.4084259016153437,3.4965075614664802,0.7766434974014551,0.828132501200192,High,2,1,0.23855423871085707,0.3781450787454292,-0.044062481714711076,-0.12094221917214976,-0.24822668263438832,-0.9410669533097699,1.5751599681039903,-0.2291946036273518,-1.0977621251970413,0.04559278148785549,0.42593464953116233,-0.4084259016153431,0.7990089285165864,0.7766434974014148,0.5523788885499915,1.4151256580548508,0.6125530498969481
Harvard University,Yes,13865,2165,1606,90,100,6862,320,18485,6410,500,1920,97.0,97,9.9,52,37219,100,1.86903849118265,0.6012991611216327,1.2463428400411904,2.4524439222927676,1.169437759529532,-0.03281519843815528,1.748095854789754,-0.22919460362735344,0.9791134641443652,1.7988961457720525,1.3645882269351624,-1.0739217798372562,3.970291913552122,2.67530261111106,0.1561485755499459,High,2,1,1.8690384911826508,0.601299161121634,1.2463428400411891,2.452443922292768,1.1694377595295324,-0.032815198438155044,1.7480958547897538,-0.2291946036273518,0.9791134641443645,1.7988961457720525,1.3645882269351624,-1.0739217798372556,1.5729406861767377,2.6753026111110194,-4.0186533872995085,1.4151256580548508,0.6125530498969481
Harvey Mudd College,Yes,1377,572,178,95,100,654,5,17230,6690,700,900,100.0,100,8.2,46,21569,100,-0.14838336820690123,-0.757411550282847,-1.0655921862701434,2.570900058930502,-1.2014181888893445,-2.1706909080364514,1.5311313223741758,1.0360807079976635,-0.5948985251933547,2.072449535254145,1.6789026453905742,-1.5841549225823564,3.8501476017100584,1.9321625099967947,0.4153957879448075,High,2,1,-0.14838336820690062,-0.757411550282846,-1.0655921862701447,2.5709000589305027,-1.201418188889344,-2.170690908036451,1.5311313223741756,1.036080707997665,-0.5948985251933554,2.072449535254145,1.6789026453905742,-1.5841549225823557,1.3766836801623437,1.9321625099967543,-2.255177610502869,1.4151256580548508,0.6125530498969481
Hastings College,Yes,817,708,262,22,52,935,37,9376,3272,500,1902,57.0,63,13.0,17,7335,52,-0.6533140242438525,-0.5311680033063606,-0.6008223217387888,-0.12094221917214973,-0.7578008556512424,-1.2508324265266677,-0.14326405507782955,-0.22919460362735344,0.9589986053345012,-1.057594035693021,-1.199238322126377,-0.22412911897517096,2.8903717578961645,-0.37434767087137394,0.8665850673194615,Medium,1,1,-0.653314024243852,-0.5311680033063596,-0.60082232173879,-0.12094221917214976,-0.7578008556512419,-1.2508324265266675,-0.14326405507782985,-0.2291946036273518,0.9589986053345005,-1.057594035693021,-1.199238322126377,-0.22412911897517038,-0.1911203270674524,-0.37434767087141424,0.8139445512261274,0.001818927581047415,0.6125530498969481
Hendrix College,Yes,823,721,274,52,87,954,6,8800,3195,500,1200,82.0,99,13.1,26,8588,63,-0.6461031505349152,-0.5120233630842309,-0.5487381711632631,1.338890288558631,-0.7338504648461321,-2.0942242543239864,-0.2984550083699909,-0.22919460362735344,-0.007652219861956637,0.5551832097645348,1.572409762644023,-0.1981197138629203,3.295836866004329,0.05258640844253267,0.8760631834750912,Medium,1,1,-0.6461031505349146,-0.5120233630842299,-0.5487381711632643,1.3388902885586311,-0.7338504648461316,-2.094224254323986,-0.29845500836999117,-0.2291946036273518,-0.007652219861957268,0.5551832097645348,1.572409762644023,-0.1981197138629197,0.47121122188858366,0.05258640844249236,0.878417484592369,0.001818927581047415,0.6125530498969481
Hillsdale College,Yes,920,745,347,35,66,1133,42,11090,4700,400,750,80.0,80,12.0,31,12639,79,-0.5367762845676514,-0.4776299587491244,-0.2798806818641963,0.6270233788095004,-0.5333714638444965,-1.186224667229641,0.2843718631066613,-1.0385747644412713,-0.9606431574714017,0.404985518976676,-0.1356944211524122,-0.48865480430561903,3.4657359027997265,0.9565419713728878,0.8097826086956522,Medium,1,1,-0.5367762845676508,-0.4776299587491234,-0.27988068186419757,0.6270233788095005,-0.533371463844496,-1.1862246672296408,0.284371863106661,-1.0385747644412697,-0.9606431574714024,0.40498551897667595,-0.13569442115241218,-0.4886548043056184,0.7487430981377603,0.9565419713728475,0.4275575234921063,0.001818927581047415,0.6125530498969481
Hiram College,Yes,922,729,244,37,66,1000,275,14067,4560,400,1000,75.0,95,10.6,34,12165,79,-0.5346542711234586,-0.5004246054605611,-0.6843415445297774,0.7226458157909567,-0.6781964875177117,-0.12711259786288184,0.9337804705115147,-1.0385747644412713,-0.3812772018018639,0.045592781487855547,1.1635803366973685,-0.8738990280930917,3.5553480614894135,0.8753278375047303,0.7906724511930586,High,2,1,-0.5346542711234581,-0.5004246054605601,-0.6843415445297786,0.7226458157909568,-0.6781964875177111,-0.1271125978628816,0.9337804705115144,-1.0385747644412697,-0.38127720180186453,0.04559278148785549,1.1635803366973685,-0.8738990280930912,0.8951255085680089,0.87532783750469,0.29756461234263887,1.4151256580548508,0.6125530498969481
Hobart and William Smith Colleges,Yes,2688,2081,500,25,53,1792,5,19029,5841,600,600,99.0,99,12.1,37,13040,79,0.47119420073080576,0.5626826526047508,0.11719421920699934,0.07620224590010746,-0.03433766964460313,-2.1706909080364514,1.8391379214436463,0.44960143907769445,-1.4016057555673218,1.9803465843944406,1.572409762644023,-0.4618260387652622,3.6375861597263857,1.0216659603108964,0.7741815476190477,High,2,1,0.47119420073080637,0.562682652604752,0.11719421920699807,0.07620224590010746,-0.03433766964460258,-2.170690908036451,1.839137921443646,0.44960143907769606,-1.4016057555673225,1.9803465843944406,1.572409762644023,-0.46182603876526157,1.0294623131395182,1.021665960310856,0.18538863667211378,1.4151256580548508,0.6125530498969481
Hofstra University,Yes,7428,5860,1349,25,63,6534,1350,11600,5920,1000,1000,81.0,90,13.9,10,10093,60,1.3568330579158876,1.5390007336335938,1.0901753061891963,0.07620224590010746,1.1314600668627195,0.936957070613669,0.403136443583273,2.4385556137203848,-0.3812772018018639,0.47962441223420943,0.6902976719925955,0.007245147886748601,2.3978952727983707,0.4534813113725932,0.7889068389876144,Medium,1,1,1.3568330579158883,1.5390007336335951,1.090175306189195,0.07620224590010746,1.13146006686272,0.9369570706136692,0.4031364435832727,2.4385556137203865,-0.38127720180186453,0.4796244122342094,0.6902976719925955,0.007245147886749187,-0.9955858819980911,0.4534813113725529,0.2855543988990511,0.001818927581047415,0.6125530498969481
Hollins College,Yes,602,498,215,26,58,795,74,13470,5515,500,850,78.0,91,11.1,48,13957,72,-0.9577117377063573,-0.9061519216966294,-0.8350844145151082,0.1379929544107909,-0.9548158539550062,-0.8874268200608982,0.81136092042319,-0.22919460362735344,-0.7100928488284425,0.25846780349494175,0.7816568116943878,-0.7341609556836688,3.8918202981106265,1.1596083388245388,0.8272425249169435,High,2,1,-0.9577117377063568,-0.9061519216966284,-0.8350844145151094,0.13799295441079093,-0.9548158539550057,-0.887426820060898,0.8113609204231896,-0.2291946036273518,-0.7100928488284431,0.2584678034949417,0.7816568116943878,-0.7341609556836682,1.44475647114785,1.1596083388244984,0.5463250081516874,1.4151256580548508,0.6125530498969481
Hood College,Yes,699,565,176,36,64,710,399,13960,6040,450,690,82.0,88,14.4,34,12434,72,-0.8079545962346025,-0.7705738776426697,-1.0795968539072518,0.6753287453312369,-1.0963584006614737,0.1070210746282918,0.912093837816943,-0.6142542982610626,-1.126270593963158,0.5551832097645348,0.5124477851823425,0.1332649014169342,3.5553480614894135,0.9220039712349747,0.8082975679542204,High,2,1,-0.807954596234602,-0.7705738776426687,-1.0795968539072531,0.675328745331237,-1.0963584006614733,0.10702107462829204,0.9120938378169426,-0.6142542982610609,-1.1262705939631588,0.5551832097645348,0.5124477851823425,0.13326490141693478,0.8951255085680089,0.9220039712349344,0.4174558396557439,1.4151256580548508,0.6125530498969481
Hope College,Yes,1712,1483,624,37,69,2505,208,12275,4341,465,1100,72.0,81,12.5,40,9284,72,0.056638025513930636,0.2277179378497895,0.3473981088030835,0.7226458157909567,0.2998637950833216,-0.2972019675334946,0.5551629604043432,-0.49497723450763653,-0.18659120676503163,-0.15899811554781332,-0.060091883356808096,-0.3553625238528725,3.713572066704308,0.25043859533513013,0.8662383177570093,Medium,1,1,0.05663802551393124,0.2277179378497906,0.34739810880308225,0.7226458157909568,0.29986379508332217,-0.29720196753349437,0.5551629604043429,-0.4949772345076349,-0.18659120676503227,-0.15899811554781337,-0.06009188335680806,-0.35536252385287187,1.1535860970634626,0.25043859533508983,0.8115858587319998,0.001818927581047415,0.6125530498969481
Houghton College,Yes,949,786,302,30,70,1210,26,9990,3550,500,1500,85.0,90,15.0,24,8187,67,-0.5064809912849563,-0.421528346042678,-0.4368036329981724,0.36877700770497285,-0.45868846448416006,-1.4264688673004153,0.015414767758354089,-0.22919460362735344,0.45655088685874945,0.7873781516832565,0.6902976719925955,0.2822630870249347,3.2188758248682006,-0.07302771101305125,0.8282402528977871,Medium,1,1,-0.5064809912849557,-0.421528346042677,-0.43680363299817365,0.3687770077049729,-0.4586884644841595,-1.426468867300415,0.015414767758353796,-0.2291946036273518,0.45655088685874884,0.7873781516832565,0.6902976719925955,0.2822630870249353,0.34549454598816776,-0.07302771101309155,0.5531118472840987,0.001818927581047415,0.6125530498969481
Huntingdon College,Yes,608,520,127,26,47,538,126,8080,3920,500,1100,63.0,72,11.4,9,7703,44,-0.9477196186556396,-0.8595869242702061,-1.4946627353887945,0.1379929544107909,-1.4588087077045104,-0.5910032316073235,-0.5021337567822785,-0.22919460362735344,-0.18659120676503163,-0.7230390518843525,-0.6870519494859656,-0.6514933665420358,2.302585092994046,-0.23789916074291384,0.8552631578947368,Medium,1,1,-0.947719618655639,-0.8595869242702051,-1.4946627353887958,0.13799295441079093,-1.45880870770451,-0.5910032316073233,-0.5021337567822788,-0.2291946036273518,-0.18659120676503227,-0.7230390518843525,-0.6870519494859656,-0.6514933665420353,-1.1512760702749985,-0.23789916074295414,0.7369295938302606,0.001818927581047415,0.6125530498969481
Huntington College,Yes,450,430,125,20,46,488,43,9950,3920,300,1300,76.0,76,11.8,25,9466,47,-1.254146370193046,-1.0653409385038555,-1.5153892895847636,-0.2637884142137961,-1.5915774758256045,-1.1741414143251225,0.005275697146182746,-2.0483080496073764,0.15797762169666751,0.11563079124223473,-0.4230962065588109,-0.5425747226939661,3.258096538021482,0.2984422992525458,0.9555555555555556,Medium,1,1,-1.2541463701930453,-1.0653409385038546,-1.515389289584765,-0.2637884142137962,-1.591577475825604,-1.1741414143251223,0.0052756971461824535,-2.0483080496073747,0.15797762169666688,0.11563079124223467,-0.42309620655881086,-0.5425747226939656,0.4095619963667674,0.2984422992525055,1.419147976191603,0.001818927581047415,0.6125530498969481
Huron University,Yes,600,197,124,3,9,392,69,7260,3090,600,1840,31.0,35,12.9,4,9249,21,-0.9610662035097874,-1.9394002377675363,-1.5258965107604658,-2.488799584590381,-1.9002758131524227,-0.9252445141562533,-0.749194228132909,0.44960143907769445,0.8883383994576435,-2.123196430064342,-2.1608178322808573,-0.250216479237428,1.6094379124341003,0.24104042973052642,0.3283333333333333,Low,0,1,-0.9610662035097869,-1.9394002377675355,-1.5258965107604672,-2.4887995845903816,-1.9002758131524222,-0.9252445141562531,-0.7491942281329094,0.44960143907769606,0.8883383994576428,-2.123196430064342,-2.1608178322808573,-0.2502164792374274,-2.2835393318336408,0.24104042973048612,-2.8474020296489657,-1.4114878028927562,0.6125530498969481
Husson College,Yes,723,652,361,10,30,951,706,7800,4000,350,1500,36.0,44,22.0,4,4923,84,-0.7743388082826737,-0.6181702079683093,-0.2358028927145317,-1.2041414384332418,-0.7375932590248222,0.48314881528904363,-0.5845619581984869,-1.5119094047906834,0.45655088685874945,-1.9668257993943357,-1.9451356052056121,1.8769734548205472,1.6094379124341003,-1.6316540420110204,0.9017980636237898,Medium,1,1,-0.7743388082826731,-0.6181702079683083,-0.23580289271453295,-1.204141438433242,-0.7375932590248216,0.48314881528904385,-0.5845619581984872,-1.5119094047906818,0.45655088685874884,-1.9668257993943357,-1.9451356052056121,1.876973454820548,-2.2835393318336408,-1.6316540420110608,1.0534737073450047,0.001818927581047415,0.6125530498969481
Illinois Benedictine College,Yes,607,558,269,22,47,1222,519,10500,4348,650,1500,81.0,91,11.6,29,8324,75,-0.9493776062444964,-0.7839117239769355,-0.5701138471615498,-0.12094221917214973,-0.44757193185112876,0.2776982439626949,0.1424118724317926,0.7526774068770612,0.45655088685874945,0.47962441223420943,0.7816568116943878,-0.5968513856813783,3.4011973816621555,-0.029063686328034313,0.9192751235584844,Medium,1,1,-0.9493776062444959,-0.7839117239769345,-0.570113847161551,-0.12094221917214976,-0.4475719318511282,0.2776982439626951,0.1424118724317923,0.7526774068770629,0.45655088685874884,0.4796244122342094,0.7816568116943878,-0.5968513856813777,0.643318740239679,-0.029063686328074618,1.1723578085846902,0.001818927581047415,0.6125530498969481
Illinois College,Yes,894,787,262,28,63,909,28,8050,3850,600,1000,75.0,75,15.6,30,7348,52,-0.5648216285901043,-0.42019939126183986,-0.6008223217387888,0.25645415555414425,-0.7915540595069023,-1.3900837948934839,-0.5108746975091973,0.44960143907769445,-0.3812772018018639,0.045592781487855547,-0.4912534379026085,0.4289597985788314,3.4339872044851463,-0.36934851303853716,0.8803131991051454,Medium,1,1,-0.5648216285901038,-0.42019939126183886,-0.60082232173879,0.2564541555541443,-0.7915540595069017,-1.3900837948934837,-0.5108746975091977,0.44960143907769606,-0.38127720180186453,0.04559278148785549,-0.49125343790260845,0.428959798578832,0.696881263144984,-0.36934851303857746,0.9073273407307345,0.001818927581047415,0.6125530498969481
Illinois Institute of Technology,Yes,1756,1360,478,42,77,1911,626,14550,4620,500,700,75.0,88,12.3,26,12851,56,0.08031965650631273,0.14084427114313364,0.06947392560761273,0.9459121453121648,0.031726624149910856,0.4021067495915114,1.0303484290494733,-0.22919460362735344,-1.0977621251970406,0.045592781487855547,0.5124477851823425,-0.4084259016153437,3.295836866004329,0.9913621641935625,0.7744874715261959,High,2,1,0.08031965650631333,0.14084427114313475,0.06947392560761147,0.9459121453121649,0.031726624149911405,0.4021067495915116,1.030348429049473,-0.2291946036273518,-1.0977621251970413,0.04559278148785549,0.5124477851823425,-0.4084259016153431,0.47121122188858366,0.9913621641935222,0.18746962105306514,1.4151256580548508,0.6125530498969481
Illinois State University,No,8681,6695,2408,10,35,15701,1823,7799,3403,537,2605,77.0,84,21.0,16,5569,54,1.4869507939193287,1.659622216859542,1.5933573734576143,-1.2041414384332418,1.7533015951286641,1.1573001249387034,-0.5848598009901799,0.034698603474753516,1.6383252858457646,0.18658916323670852,0.17590711389826053,1.6627857007207905,2.833213344056216,-1.2134582313363929,0.7712245133049188,Medium,1,0,1.4869507939193294,1.6596222168595434,1.593357373457613,-1.204141438433242,1.7533015951286646,1.1573001249387036,-0.5848598009901802,0.034698603474755146,1.638325285845764,0.18658916323670846,0.17590711389826055,1.6627857007207911,-0.28448920152158647,-1.2134582313364333,0.1652740196779676,0.001818927581047415,-1.6325116659989423
Illinois Wesleyan University,Yes,3050,1342,471,55,86,1818,23,14360,4090,400,650,77.0,92,12.9,34,9605,83,0.5848755405025664,0.1274295339873915,0.05375671149583212,1.4457068812376719,-0.01945550672560395,-1.4860814376784817,0.9926160534748453,-1.0385747644412713,-1.2442682362821473,0.18658916323670852,0.8746535950171559,-0.250216479237428,3.5553480614894135,0.3341560937767528,0.44,High,2,1,0.584875540502567,0.12742953398739262,0.053756711495830854,1.445706881237672,-0.0194555067256034,-1.4860814376784814,0.9926160534748449,-1.0385747644412697,-1.244268236282148,0.18658916323670846,0.8746535950171559,-0.2502164792374274,0.8951255085680089,0.3341560937767125,-2.0878125246233195,1.4151256580548508,0.6125530498969481
Immaculata College,Yes,268,253,103,16,44,494,1305,10000,5364,500,1000,56.0,64,11.2,33,7305,69,-1.7978651869723732,-1.6540987647817935,-1.7722654573757635,-0.5849046607537626,-1.5747885639187171,0.91249681104457,0.017945366784329685,-0.22919460362735344,-0.3812772018018639,-1.1101254032815964,-1.1477182127095475,-0.7065095991630403,3.5263605246161616,-0.38593651828885855,0.9440298507462687,Medium,1,1,-1.7978651869723725,-1.6540987647817926,-1.7722654573757648,-0.5849046607537627,-1.5747885639187167,0.9124968110445703,0.017945366784329394,-0.2291946036273518,-0.38127720180186453,-1.1101254032815964,-1.1477182127095475,-0.7065095991630398,0.8477740600370556,-0.38593651828889886,1.340746742658845,0.001818927581047415,0.6125530498969481
Incarnate Word College,Yes,1163,927,386,16,49,1685,556,8840,4689,750,2775,67.0,69,11.4,21,6095,95,-0.30966301556478515,-0.2500427439116115,-0.1617907933309757,-0.5849046607537626,-0.09847686934028844,0.32313609642623936,-0.2874658280935898,1.302364976162053,1.7767874411037192,-0.481566548430211,-0.8700943318940553,-0.6514933665420358,3.091042453358316,-0.9245890040821794,0.7970765262252795,Medium,1,1,-0.30966301556478454,-0.2500427439116105,-0.16179079333097696,-0.5849046607537627,-0.09847686934028789,0.3231360964262396,-0.28746582809359006,1.3023649761620546,1.7767874411037186,-0.48156654843021107,-0.8700943318940553,-0.6514933665420353,0.13667737956055104,-0.9245890040822197,0.3411270139892513,0.001818927581047415,0.6125530498969481
Indiana State University,No,5659,4761,3147,10,31,8596,1949,6892,3706,600,2500,72.0,76,16.6,8,6996,40,1.1262137276861754,1.3487067165708806,1.8111084558246722,-1.2041414384332418,1.3389780240769225,1.207221274879032,-0.8660535182544824,0.44960143907769445,1.5485627321158653,-0.15899811554781332,-0.4230962065588109,0.6686666659070798,2.1972245773362196,-0.5097311210926452,0.8413147199151794,Low,0,0,1.1262137276861761,1.348706716570882,1.8111084558246708,-1.204141438433242,1.338978024076923,1.2072212748790323,-0.8660535182544827,0.44960143907769606,1.5485627321158646,-0.15899811554781337,-0.42309620655881086,0.6686666659070803,-1.3233835886260938,-0.5097311210926855,0.642048216808413,-1.4114878028927562,-1.6325116659989423
Indiana University at Bloomington,No,16587,13243,5873,25,72,24763,2717,9766,3990,600,2000,77.0,88,21.3,24,8686,68,2.0119006137631326,2.2601455745549726,2.285291511452822,0.07620224590010746,2.0323037151958476,1.4603202557412676,-0.041712170350209236,0.44960143907769445,1.0664517666868942,0.18658916323670852,0.5124477851823425,1.727450787505049,3.2188758248682006,0.08191777926244906,0.7983963344788088,Medium,1,0,2.011900613763133,2.260145574554974,2.2852915114528205,0.07620224590010746,2.032303715195848,1.4603202557412678,-0.04171217035020953,0.44960143907769606,1.0664517666868936,0.18658916323670846,0.5124477851823425,1.7274507875050498,0.34549454598816776,0.08191777926240876,0.3501047378521804,0.001818927581047415,-1.6325116659989423
Indiana Wesleyan University,Yes,735,423,366,20,48,2448,707,9210,3782,700,1000,49.0,51,39.8,15,6562,34,-0.7579770365491026,-1.083237991237701,-0.22053657682010477,-0.2637884142137961,0.277674226724973,0.4841083661413631,-0.18733119622175154,1.0360807079976635,-0.3812772018018639,-1.4520058390430488,-1.7193887069886764,5.213212513282407,2.772588722239781,-0.6985862721727818,0.5755102040816327,Medium,1,1,-0.7579770365491021,-1.0832379912377001,-0.22053657682010602,-0.2637884142137962,0.27767422672497355,0.4841083661413633,-0.18733119622175184,1.036080707997665,-0.38127720180186453,-1.4520058390430488,-1.7193887069886764,5.213212513282408,-0.3835201634208818,-0.6985862721728221,-1.1660322663162306,0.001818927581047415,0.6125530498969481
Iona College,Yes,4892,3530,913,13,33,3906,1446,10690,6790,570,1150,66.0,83,16.0,14,8107,66,1.0008405719802924,1.0697573036279375,0.7250474053261897,-0.867676873013996,0.7069192316736063,0.986774164535995,0.18868731168658587,0.257019020518055,-0.09532026042061388,-0.5433168502400174,0.09569733284866454,0.525539763472362,2.70805020110221,-0.0992285976201901,0.7215862632869992,Medium,1,1,1.000840571980293,1.0697573036279389,0.7250474053261885,-0.8676768730139961,0.7069192316736068,0.9867741645359952,0.18868731168658556,0.2570190205180566,-0.0953202604206145,-0.5433168502400174,0.09569733284866458,0.5255397634723625,-0.488944521318963,-0.0992285976202304,-0.17237995430517436,0.001818927581047415,0.6125530498969481
Iowa State University,No,8427,7424,3441,26,59,18676,1715,7550,3224,640,2055,81.0,88,19.2,22,8420,65,1.4622764189223336,1.7524482187284518,1.8818021387953203,0.1379929544107909,1.8628468488356875,1.1119706790254364,-0.6598175891537094,0.6937277127016955,1.124639610078442,0.47962441223420943,0.5124477851823425,1.2669625914791942,3.1354942159291497,0.0010838209118694353,0.8809778094220957,Medium,1,0,1.4622764189223343,1.7524482187284531,1.881802138795319,0.13799295441079093,1.862846848835688,1.1119706790254367,-0.6598175891537097,0.6937277127016972,1.1246396100784413,0.4796244122342094,0.5124477851823425,1.2669625914791949,0.20928980457225407,0.00108382091182913,0.9118482155518141,0.001818927581047415,-1.6325116659989423
Ithaca College,Yes,7259,5526,1368,23,52,5612,166,14424,6192,634,1000,58.0,79,11.5,25,9812,75,1.337496771085732,1.485508080166203,1.102855282453151,-0.05311907203067916,1.0108856544435574,-0.4312059738755724,1.0053623407269028,0.6579715733731375,-0.3812772018018639,-1.0041402352396067,-0.20978440474634713,-0.6241261617099947,3.258096538021482,0.3858887802548016,0.7612618818019011,High,2,1,1.3374967710857326,1.4855080801662044,1.1028552824531497,-0.05311907203067917,1.0108856544435578,-0.4312059738755722,1.0053623407269026,0.6579715733731392,-0.38127720180186453,-1.0041402352396067,-0.2097844047463471,-0.6241261617099941,0.4095619963667674,0.3858887802547613,0.0975052704350114,1.4151256580548508,0.6125530498969481
James Madison University,No,11223,5285,2082,32,72,9652,742,7994,4544,500,732,77.0,81,17.9,29,5212,98,1.6981400736744259,1.4447167023299958,1.4712066105639328,0.47565884296982625,1.4229680435778835,0.5169452389445929,-0.5272485502066548,-0.22919460362735344,-1.0090033260641154,0.18658916323670852,-0.060091883356808096,0.9720449849419147,3.4011973816621555,-1.434690226242022,0.47090795687427606,Medium,1,0,1.6981400736744265,1.4447167023299972,1.4712066105639314,0.4756588429698263,1.422968043577884,0.5169452389445931,-0.5272485502066552,-0.2291946036273518,-1.009003326064116,0.18658916323670846,-0.06009188335680806,0.9720449849419153,0.643318740239679,-1.4346902262420624,-1.8775675127115103,0.001818927581047415,-1.6325116659989423
Jamestown College,Yes,472,410,262,14,41,9950,71,7620,3050,400,400,51.0,53,17.0,21,3186,54,-1.2050938203345254,-1.1173315052944133,-0.6008223217387888,-0.768473675269448,1.4446589589039147,-0.9098301087399321,-0.6385830315005429,-1.0385747644412713,-2.1844360203854483,-1.3589412011461273,-1.644788026270866,0.7629678942848166,3.091042453358316,-3.3525774242454416,0.8686440677966102,Medium,1,1,-1.2050938203345247,-1.1173315052944124,-0.60082232173879,-0.7684736752694481,1.4446589589039152,-0.9098301087399319,-0.6385830315005432,-1.0385747644412697,-2.1844360203854487,-1.3589412011461273,-1.644788026270866,0.7629678942848171,0.13667737956055104,-3.352577424245482,0.8279504779719628,0.001818927581047415,0.6125530498969481
Jersey City State College,No,2957,1423,691,10,30,3817,1394,3946,4800,400,1500,63.0,67,14.9,10,8367,26,0.5571094015963325,0.18634413241450923,0.45077324829741877,-1.2041414384332418,0.6867583438378482,0.9601733636324574,-1.996145086481559,-1.0385747644412713,0.45655088685874945,-0.7230390518843525,-0.9851988400469104,0.25759334859915606,2.3978952727983707,-0.01549415709420524,0.48123097734190057,Low,0,0,0.557109401596333,0.18634413241451034,0.4507732482974175,-1.204141438433242,0.6867583438378487,0.9601733636324576,-1.9961450864815593,-1.0385747644412697,0.45655088685874884,-0.7230390518843525,-0.9851988400469104,0.25759334859915667,-0.9955858819980911,-0.015494157094245545,-1.8073472917499656,-1.4114878028927562,-1.6325116659989423
John Brown University,Yes,605,405,284,24,53,961,99,6398,3672,400,1350,68.0,68,13.3,19,8118,75,-0.9527023898514454,-1.1307532519471901,-0.5073055606423006,0.012544204192919125,-0.7251727925500134,-0.7272538841097257,-1.0295573619161016,-1.0385747644412713,0.23641393778204187,-0.4188949777661247,-0.9283307329438812,-0.14633148248231995,2.995732273553991,-0.09560237440084632,0.6694214876033058,Low,0,1,-0.9527023898514448,-1.1307532519471892,-0.5073055606423018,0.012544204192919118,-0.7251727925500129,-0.7272538841097255,-1.0295573619161018,-1.0385747644412697,0.23641393778204123,-0.4188949777661248,-0.9283307329438812,-0.14633148248231936,-0.019012808716357025,-0.09560237440088662,-0.5272200988545818,-1.4114878028927562,0.6125530498969481
John Carroll University,Yes,2421,2109,820,27,57,3168,392,11700,5550,600,450,89.0,90,14.5,28,7738,89,0.37626843104435376,0.5757371751646516,0.6206688972225548,0.19803987368047163,0.5199550357387706,0.09569071633753531,0.42601925753919184,0.44960143907769445,-1.9594513468010926,1.109844838622803,0.6902976719925955,0.15826329539749684,3.367295829986474,-0.22544524127610763,0.8711276332094176,Medium,1,1,0.37626843104435437,0.5757371751646528,0.6206688972225536,0.19803987368047166,0.5199550357387711,0.09569071633753555,0.42601925753919156,0.44960143907769606,-1.9594513468010932,1.109844838622803,0.6902976719925955,0.15826329539749742,0.5879401964775927,-0.22544524127614793,0.8448444202640208,0.001818927581047415,0.6125530498969481
Johns Hopkins University,Yes,8474,3446,911,75,94,3566,1569,18800,6740,500,1040,96.0,97,3.3,38,56233,90,1.4669018009650459,1.0470485612856932,0.7229338988428079,2.064866071252274,0.6266647980513351,1.0464170386782825,1.8010243793763914,-0.22919460362735344,-0.3013291939537432,1.7095488044453089,1.3645882269351624,-3.368264127883562,3.6635616461296463,3.108130276017775,0.40665565258437575,High,2,1,1.4669018009650465,1.0470485612856946,0.7229338988428067,2.0648660712522746,0.6266647980513357,1.0464170386782827,1.8010243793763911,-0.2291946036273518,-0.3013291939537438,1.7095488044453089,1.3645882269351624,-3.3682641278835614,1.0718935453228027,3.1081302760177345,-2.314630581478578,1.4151256580548508,0.6125530498969481
Johnson State College,No,833,669,279,3,13,1224,345,7656,4690,500,624,80.0,91,14.4,15,6564,36,-0.6342094485939099,-0.5909396810092457,-0.5278077451432035,-2.488799584590381,-0.44573211413542213,0.014517362745066114,-0.6277122745785015,-0.22919460362735344,-1.324627391081862,0.404985518976676,0.7816568116943878,0.1332649014169342,2.772588722239781,-0.697672014633064,0.8031212484993998,Medium,1,0,-0.6342094485939094,-0.5909396810092447,-0.5278077451432047,-2.4887995845903816,-0.4457321141354216,0.014517362745066351,-0.6277122745785019,-0.2291946036273518,-1.3246273910818627,0.40498551897667595,0.7816568116943878,0.13326490141693478,-0.3835201634208818,-0.6976720146331044,0.38224499249865346,0.001818927581047415,-1.6325116659989423
Judson College,Yes,313,228,137,10,30,552,67,9414,4554,500,1700,34.0,55,10.6,30,7840,56,-1.6328680933613913,-1.7721467208264676,-1.3963882427162337,-1.2041414384332418,-1.4243111611824886,-0.9410669533097701,-0.1332486173638105,-0.22919460362735344,0.7203062079769135,-2.0321527652664386,-1.5654940694465738,-0.8738990280930917,3.4339872044851463,-0.18964120311044533,0.7284345047923323,Medium,1,1,-1.6328680933613906,-1.7721467208264667,-1.396388242716235,-1.204141438433242,-1.4243111611824881,-0.9410669533097699,-0.1332486173638108,-0.2291946036273518,0.7203062079769128,-2.0321527652664386,-1.5654940694465738,-0.8738990280930912,0.696881263144984,-0.18964120311048563,-0.12579620169026018,0.001818927581047415,0.6125530498969481
Juniata College,Yes,1005,859,298,36,55,1075,43,14850,4460,450,420,97.0,97,12.7,37,12067,80,-0.45069336043131636,-0.3289803431940338,-0.4520441593235879,0.6753287453312369,-0.5938356927536875,-1.1741414143251225,1.089272315915407,-0.6142542982610626,-2.0914770740150415,1.7988961457720525,1.3645882269351624,-0.3026284436876273,3.6375861597263857,0.8579254784571593,0.854726368159204,High,2,1,-0.45069336043131575,-0.3289803431940328,-0.45204415932358916,0.675328745331237,-0.593835692753687,-1.1741414143251223,1.0892723159154067,-0.6142542982610609,-2.091477074015042,1.7988961457720525,1.3645882269351624,-0.3026284436876267,1.0294623131395182,0.857925478457119,0.7332781921928017,1.4151256580548508,0.6125530498969481
Kansas State University,No,5880,4075,2833,25,55,14914,2246,6995,3120,600,2000,76.0,86,18.5,22,6122,54,1.1589707698934746,1.2043511962865618,1.726657382994416,0.07620224590010746,1.7200285066603578,1.314263708837389,-0.8329406479372058,0.44960143907769445,1.0664517666868942,0.11563079124223473,0.3410143789166372,1.109161442390268,3.1354942159291497,-0.9108018261537892,0.6930272108843537,Low,0,0,1.1589707698934753,1.2043511962865632,1.7266573829944147,0.07620224590010746,1.7200285066603582,1.3142637088373892,-0.8329406479372061,0.44960143907769606,1.0664517666868936,0.11563079124223467,0.3410143789166373,1.1091614423902687,0.20928980457225407,-0.9108018261538295,-0.36664702724720666,-1.4114878028927562,-1.6325116659989423
Kansas Wesleyan University,Yes,589,575,148,16,40,474,258,8400,3250,500,1400,63.0,55,12.4,14,6535,68,-0.9797328219317022,-0.7518231830046478,-1.2974184996284115,-0.5849046607537626,-1.6317497499030567,-0.1663968709524976,-0.4101964618018934,-0.22919460362735344,0.3122051961280074,-0.7230390518843525,-1.5654940694465738,-0.3818525909118409,2.70805020110221,-0.7109709598010424,0.9762308998302207,Medium,1,1,-0.9797328219317016,-0.7518231830046468,-1.2974184996284128,-0.5849046607537627,-1.6317497499030562,-0.16639687095249736,-0.4101964618018937,-0.2291946036273518,0.3122051961280068,-0.7230390518843525,-1.5654940694465738,-0.38185259091184026,-0.488944521318963,-0.7109709598010827,1.5597877480467763,0.001818927581047415,0.6125530498969481
Keene State College,No,3121,2446,822,5,19,3480,776,7870,4157,500,1150,73.0,73,16.1,13,6195,61,0.6054687712860036,0.7197234302125608,0.6230548367897505,-1.991623129577312,0.604878279725936,0.547533550641871,-0.5637749949193023,-0.22919460362735344,-0.09532026042061388,-0.09172176908837011,-0.6232192944825511,0.5495374102901839,2.6390573296152584,-0.8739904057177789,0.7837231656520346,Medium,1,0,0.6054687712860042,0.719723430212562,0.6230548367897493,-1.9916231295773121,0.6048782797259366,0.5475335506418713,-0.5637749949193026,-0.2291946036273518,-0.0953202604206145,-0.09172176908837017,-0.6232192944825511,0.5495374102901844,-0.601645107695158,-0.8739904057178192,0.2502935284824449,0.001818927581047415,-1.6325116659989423
Kentucky Wesleyan College,Yes,584,497,175,20,49,662,121,8000,4150,500,1300,57.0,65,11.3,32,7058,62,-0.9883416514249677,-0.9083204915153342,-1.0866681945585988,-0.2637884142137961,-1.18575138999386,-0.6141072663851711,-0.5254906116708954,-0.22919460362735344,0.15797762169666751,-1.057594035693021,-1.094880026424442,-0.6789541283407586,3.4965075614664802,-0.4842230257759462,0.851027397260274,Medium,1,1,-0.9883416514249671,-0.9083204915153332,-1.0866681945586,-0.2637884142137962,-1.1857513899938597,-0.6141072663851709,-0.5254906116708957,-0.2291946036273518,0.15797762169666688,-1.057594035693021,-1.094880026424442,-0.6789541283407581,0.7990089285165864,-0.4842230257759865,0.7081167043639434,0.001818927581047415,0.6125530498969481
Kenyon College,Yes,2212,1538,408,44,75,1445,1,19240,3690,750,480,95.0,95,11.1,46,14067,88,0.2937651679720222,0.2641011301722436,-0.1010953144601699,1.0296888476949615,-0.26237602409833405,-2.789154165730728,1.8739898195901719,1.302364976162053,-1.8353370255996986,1.6211201473361683,1.1635803366973685,-0.7341609556836688,3.8501476017100584,1.1752178457107427,0.6952983725135624,High,2,1,0.2937651679720228,0.26410113017224474,-0.10109531446017116,1.0296888476949617,-0.2623760240983335,-2.7891541657307277,1.8739898195901716,1.3023649761620546,-1.8353370255996992,1.6211201473361683,1.1635803366973685,-0.7341609556836682,1.3766836801623437,1.1752178457107023,-0.35119791795379873,1.4151256580548508,0.6125530498969481
Keuka College,Yes,461,381,174,10,43,738,55,9600,4550,600,750,55.0,94,13.3,43,7863,51,-1.2293061614043843,-1.1977443345419088,-1.0937862967632563,-1.2041414384332418,-1.0475479310975058,-1.0460501389834256,-0.08460505394541408,0.44960143907769445,-0.9606431574714017,-1.1617342104568764,1.0656043502924986,-0.14633148248231995,3.784189633918261,-0.18166686350770186,0.8264642082429501,Medium,1,1,-1.2293061614043836,-1.1977443345419079,-1.0937862967632577,-1.204141438433242,-1.0475479310975053,-1.0460501389834254,-0.08460505394541437,0.44960143907769606,-0.9606431574714024,-1.1617342104568764,1.0656043502924986,-0.14633148248231936,1.2689406411191924,-0.18166686350774217,0.54103066925182,0.001818927581047415,0.6125530498969481
King's College,Yes,1456,1053,381,20,45,500,541,10910,5160,400,1795,66.0,72,15.6,37,7649,87,-0.09554990380802064,-0.11891890621367879,-0.17614250196571232,-0.2637884142137961,-1.5582463889076321,0.30505375137088064,0.24159926935404838,-1.0385747644412713,0.8356583924338064,-0.5433168502400174,-0.6870519494859656,0.4289597985788314,3.6375861597263857,-0.25728594737651944,0.7232142857142857,Medium,1,1,-0.09554990380802005,-0.11891890621367772,-0.17614250196571357,-0.2637884142137962,-1.5582463889076317,0.30505375137088087,0.24159926935404807,-1.0385747644412697,0.8356583924338057,-0.5433168502400174,-0.6870519494859656,0.428959798578832,1.0294623131395182,-0.25728594737655974,-0.16130566699430954,0.001818927581047415,0.6125530498969481
King College,Yes,355,300,142,34,65,509,44,8664,3350,600,3000,65.0,68,10.7,25,8954,65,-1.5003813704474793,-1.4625966848321048,-1.3503066037864992,0.5776799288914051,-1.5338815582074639,-1.1623087972167594,-0.3360655425039277,0.44960143907769445,1.948436777056238,-0.6041457749675595,-0.9283307329438812,-0.8457496768946355,3.258096538021482,0.15958778625130107,0.8450704225352113,Medium,1,1,-1.5003813704474787,-1.462596684832104,-1.3503066037865006,0.5776799288914052,-1.5338815582074634,-1.1623087972167592,-0.33606554250392795,0.44960143907769606,1.9484367770562374,-0.6041457749675595,-0.9283307329438812,-0.845749676894635,0.4095619963667674,0.15958778625126077,0.667595610487579,0.001818927581047415,0.6125530498969481
Knox College,Yes,1040,845,286,48,77,967,24,15747,4062,400,800,88.0,95,12.7,33,13224,79,-0.4174943155970008,-0.34606102635435604,-0.49922096412837047,1.1890885687490669,-0.7177958874864886,-1.4654695858923672,1.2609193153211102,-1.0385747644412713,-0.831740799103585,1.0278491213014884,1.1635803366973685,-0.3026284436876273,3.5263605246161616,1.0505242584351244,0.8125,High,2,1,-0.4174943155970002,-0.34606102635435504,-0.49922096412837175,1.189088568749067,-0.717795887486488,-1.465469585892367,1.26091931532111,-1.0385747644412697,-0.8317407991035857,1.0278491213014884,1.1635803366973685,-0.3026284436876267,0.8477740600370556,1.050524258435084,0.4460420182607379,1.4151256580548508,0.6125530498969481
La Roche College,Yes,361,321,185,10,41,650,819,8842,4782,600,1100,57.0,73,14.2,14,7022,52,-1.4828377687198897,-1.3871799636443718,-1.0179681978804955,-1.2041414384332418,-1.2093394471407262,0.5845340400620087,-0.286917227340688,0.44960143907769445,-0.18659120676503163,-1.057594035693021,-0.6232192944825511,0.0830645638304953,2.70805020110221,-0.4989918908026202,0.889196675900277,Medium,1,1,-1.482837768719889,-1.387179963644371,-1.0179681978804969,-1.204141438433242,-1.2093394471407257,0.5845340400620089,-0.28691722734068825,0.44960143907769606,-0.18659120676503227,-1.057594035693021,-0.6232192944825511,0.08306456383049589,-0.488944521318963,-0.4989918908026605,0.9677553622983834,0.001818927581047415,0.6125530498969481
La Salle University,Yes,2929,1834,622,20,56,2738,1662,12600,5610,450,3160,90.0,90,15.1,9,9084,84,0.5485658966797334,0.438673799389733,0.3441178844144213,-0.2637884142137961,0.3845610229975339,1.0887766844638758,0.6264060545068413,-0.6142542982610626,2.0633893891520207,1.1927597836517578,0.6902976719925955,0.30686892312721825,2.302585092994046,0.19598482610711032,0.6261522703994538,Medium,1,1,0.548565896679734,0.4386737993897341,0.34411788441442004,-0.2637884142137962,0.3845610229975345,1.088776684463876,0.626406054506841,-0.6142542982610609,2.0633893891520203,1.1927597836517578,0.6902976719925955,0.30686892312721886,-1.1512760702749985,0.19598482610707002,-0.8215500386640247,0.001818927581047415,0.6125530498969481
Lafayette College,Yes,4010,2402,572,36,59,2018,226,18730,5740,600,1000,93.0,96,10.5,38,15365,92,0.8275444896739671,0.7021712312004494,0.25791678489339354,0.6753287453312369,0.08698338202383421,-0.24713524716120827,1.7893131283006505,0.44960143907769445,-0.3812772018018639,1.4470191871641125,1.2632379969775114,-0.9021518863751771,3.6635616461296463,1.346212792772698,0.599002493765586,High,2,1,0.8275444896739677,0.7021712312004507,0.25791678489339226,0.675328745331237,0.08698338202383477,-0.24713524716120802,1.7893131283006503,0.44960143907769606,-0.38127720180186453,1.4470191871641125,1.2632379969775114,-0.9021518863751765,1.0718935453228027,1.3462127927726575,-1.0062308033942615,1.4151256580548508,0.6125530498969481
LaGrange College,Yes,544,399,177,15,35,600,363,6987,3585,750,1500,77.0,83,12.5,12,9067,75,-1.0601969514929066,-1.1470951659243145,-1.0725717045288303,-0.6744109272506594,-1.3136683698393052,0.04671874992599485,-0.8355010027325963,1.302364976162053,0.45655088685874945,0.18658916323670852,0.09569733284866454,-0.3553625238528725,2.5649493574615367,0.1912709949874446,0.7334558823529411,Low,0,1,-1.060196951492906,-1.1470951659243136,-1.0725717045288317,-0.6744109272506595,-1.3136683698393048,0.04671874992599508,-0.8355010027325966,1.3023649761620546,0.45655088685874884,0.18658916323670846,0.09569733284866458,-0.35536252385287187,-0.7227012651918747,0.1912709949874043,-0.09163931486211319,-1.4114878028927562,0.6125530498969481
Lake Forest College,Yes,979,638,271,31,70,968,20,16880,3970,920,1320,91.0,94,10.7,19,15687,77,-0.4761687026879971,-0.6411715894848897,-0.5615090171957878,0.4228593760746721,-0.7165718278770374,-1.5531623993304813,1.4687804455716031,2.1048997275333035,0.18968183155468982,1.2765938761615636,1.0656043502924986,-0.8457496768946355,2.995732273553991,1.3852206655387842,0.651685393258427,High,2,1,-0.4761687026879965,-0.6411715894848887,-0.561509017195789,0.42285937607467217,-0.7165718278770369,-1.553162399330481,1.468780445571603,2.1048997275333052,0.18968183155468918,1.2765938761615636,1.0656043502924986,-0.845749676894635,-0.019012808716357025,1.3852206655387438,-0.6478662283278471,1.4151256580548508,0.6125530498969481
Lakeland College,Yes,497,452,231,24,47,887,1957,9400,4005,500,1000,49.0,65,17.2,25,4054,57,-1.152245604817201,-1.0110570163081176,-0.7492100445198907,0.012544204192919125,-0.8210469405406026,1.210291736108052,-0.13693542017306337,-0.22919460362735344,-0.3812772018018639,-1.4520058390430488,-1.094880026424442,0.8097944922590647,3.258096538021482,-2.349811146653059,0.9094567404426559,Medium,1,1,-1.1522456048172003,-1.0110570163081167,-0.7492100445198919,0.012544204192919118,-0.821046940540602,1.2102917361080523,-0.13693542017306368,-0.2291946036273518,-0.38127720180186453,-1.4520058390430488,-1.094880026424442,0.8097944922590653,0.4095619963667674,-2.3498111466530993,1.1055702792912185,0.001818927581047415,0.6125530498969481
Lamar University,No,2336,1725,1043,10,27,5438,4058,4752,3040,508,1463,48.0,82,18.4,12,5879,26,0.34367262029983897,0.3781450787454281,0.8520208470820072,-1.2041414384332418,0.9854141914094664,1.7772331821266985,-1.643243433158621,-0.17072831115449827,0.4042113238446866,-1.4971529459749755,0.01703484187169807,1.0864302146786262,2.5649493574615367,-1.0383815588320007,0.7384417808219178,Low,0,0,0.3436726202998396,0.3781450787454292,0.852020847082006,-1.204141438433242,0.985414191409467,1.7772331821266987,-1.6432434331586212,-0.17072831115449663,0.404211323844686,-1.4971529459749755,0.017034841871698108,1.0864302146786269,-0.7227012651918747,-1.038381558832041,-0.05772376724875687,-1.4114878028927562,-1.6325116659989423
Lambuth University,Yes,831,538,224,15,35,840,325,5170,3430,600,1590,61.0,61,16.1,10,5531,60,-0.6365758919898609,-0.823028675633187,-0.785908258461157,-0.6744109272506594,-0.8871538761426646,-0.023088318734798538,-1.4755979450908108,0.44960143907769445,0.5790362131451418,-0.8382454790951654,-1.2983753500580535,0.5495374102901839,2.3978952727983707,-1.2359551504696173,0.6474127557160048,Low,0,1,-0.6365758919898603,-0.823028675633186,-0.7859082584611582,-0.6744109272506595,-0.887153876142664,-0.0230883187347983,-1.475597945090811,0.44960143907769606,0.5790362131451411,-0.8382454790951654,-1.2983753500580535,0.5495374102901844,-0.9955858819980911,-1.2359551504696578,-0.6769299653666755,-1.4114878028927562,0.6125530498969481
Lander University,No,1166,1009,510,9,33,2074,341,4938,2987,528,1702,67.0,77,17.0,11,6119,51,-0.30718818103579604,-0.16270585447152697,0.13809099411659145,-1.3330274833513367,0.114497934841232,0.007156298798464337,-1.5674959760606653,-0.027998330041182934,0.7227955341928407,-0.481566548430211,-0.35347352257287784,0.7629678942848166,2.4849066497880004,-0.9123291000186962,0.8653516295025729,Low,0,0,-0.3071881810357954,-0.1627058544715259,0.1380909941165902,-1.333027483351337,0.11449793484123255,0.007156298798464575,-1.5674959760606655,-0.027998330041181307,0.72279553419284,-0.48156654843021107,-0.3534735225728778,0.7629678942848171,-0.8534518760234878,-0.9123291000187365,0.8055543444726024,-1.4114878028927562,-1.6325116659989423
Lawrence University,Yes,1243,947,324,50,77,1129,74,17163,3891,525,975,76.0,92,10.1,57,13965,77,-0.24590443840849815,-0.22800038427872385,-0.35694402272284825,1.265104344999401,-0.5374191334014482,-0.8874268200608982,1.5192604133823406,-0.04910428867699247,-0.4327620824410535,0.11563079124223473,0.8746535950171559,-1.0162263078285314,4.060443010546419,1.160749966800788,0.7618664521319388,High,2,1,-0.24590443840849754,-0.2280003842787228,-0.35694402272284953,1.2651043449994013,-0.5374191334014476,-0.887426820060898,1.5192604133823404,-0.04910428867699084,-0.43276208244105413,0.11563079124223467,0.8746535950171559,-1.0162263078285307,1.720203458036234,1.1607499668007475,0.10161773560886084,1.4151256580548508,0.6125530498969481
Le Moyne College,Yes,1470,1199,425,21,76,1820,558,11040,4840,400,900,89.0,92,13.3,28,8118,94,-0.08650841345958996,0.013490503044310766,-0.056724244689151,-0.19109950858549485,-0.018321482131393306,0.3255137691295418,0.27253661788993777,-1.0385747644412713,-0.5948985251933547,1.109844838622803,0.8746535950171559,-0.14633148248231995,3.367295829986474,-0.09560237440084632,0.8156462585034013,Medium,1,1,-0.08650841345958936,0.013490503044311847,-0.05672424468915226,-0.19109950858549488,-0.018321482131392758,0.325513769129542,0.2725366178899375,-1.0385747644412697,-0.5948985251933554,1.109844838622803,0.8746535950171559,-0.14633148248231936,0.5879401964775927,-0.09560237440088662,0.4674437938363918,0.001818927581047415,0.6125530498969481
Lebanon Valley College,Yes,1386,1060,320,28,56,965,502,13850,4755,400,1125,84.0,84,12.3,30,8196,85,-0.14220238783805744,-0.11213352692396523,-0.3709898985871448,0.25645415555414425,-0.720248642080641,0.25583455751090806,0.8896850314583712,-1.0385747644412713,-0.14048620595181638,0.7090601660532498,0.17590711389826053,-0.4084259016153437,3.4339872044851463,-0.07010481753836477,0.7647907647907648,High,2,1,-0.14220238783805683,-0.11213352692396417,-0.3709898985871461,0.2564541555541443,-0.7202486420806404,0.2558345575109083,0.8896850314583709,-1.0385747644412697,-0.14048620595181702,0.7090601660532498,0.17590711389826055,-0.4084259016153431,0.696881263144984,-0.07010481753840507,0.12150977028102074,1.4151256580548508,0.6125530498969481
Lehigh University,Yes,6397,4304,1092,40,84,4298,132,18700,5580,750,1130,96.0,99,12.5,43,14665,91,1.2307082788860357,1.2552556029029869,0.895212614307999,0.8591123720558881,0.7894931175105226,-0.5643449338659922,1.7842852180989537,1.302364976162053,-0.1313791743861618,1.7095488044453089,1.572409762644023,-0.3553625238528725,3.784189633918261,1.2568956011838268,0.6728153822104112,High,2,1,1.2307082788860364,1.2552556029029882,0.8952126143079978,0.8591123720558882,0.7894931175105232,-0.5643449338659919,1.7842852180989535,1.3023649761620546,-0.13137917438616245,1.7095488044453089,1.572409762644023,-0.35536252385287187,1.2689406411191924,1.2568956011837864,-0.5041338296779814,1.4151256580548508,0.6125530498969481
Lenoir-Rhyne College,Yes,979,743,259,25,46,1188,166,10100,4000,400,1000,88.0,92,12.0,20,8539,66,-0.4761687026879971,-0.48045051584179016,-0.6142741022699756,0.07620224590010746,-0.4794221042759238,-0.4312059738755724,0.04316040253595542,-1.0385747644412713,-0.3812772018018639,1.0278491213014884,0.8746535950171559,-0.48865480430561903,3.044522437723423,0.03772636208700348,0.7589376915219612,Medium,1,1,-0.4761687026879965,-0.48045051584178916,-0.6142741022699768,0.07620224590010746,-0.47942210427592324,-0.4312059738755722,0.04316040253595513,-1.0385747644412697,-0.38127720180186453,1.0278491213014884,0.8746535950171559,-0.4886548043056184,0.060686441260878146,0.03772636208696317,0.08169544466493703,0.001818927581047415,0.6125530498969481
Lesley College,Yes,244,198,82,12,33,1134,336,11700,5300,550,805,71.0,88,27.8,18,8694,58,-1.8985032876567225,-1.9335771763314702,-2.0847712336406725,-0.972731667786928,-0.5323622676062977,-0.0021552485639602073,0.42601925753919184,0.12366360034857365,-0.8192639038935713,-0.2253537109704769,0.5124477851823425,3.0516779923242545,2.9444389791664403,0.0842896411392743,0.8114754098360656,Medium,1,1,-1.8985032876567218,-1.9335771763314693,-2.084771233640674,-0.9727316677869281,-0.5323622676062971,-0.0021552485639599697,0.42601925753919156,0.12366360034857528,-0.819263903893572,-0.22535371097047696,0.5124477851823425,3.051677992324255,-0.10280094841912382,0.084289641139234,0.43907245465945055,0.001818927581047415,0.6125530498969481
LeTourneau University,Yes,477,417,204,29,54,1532,77,8840,4240,600,1400,58.0,70,20.8,23,6863,56,-1.194287588545789,-1.098832194022219,-0.8985167296087098,0.3133361961439687,-0.199363245882124,-0.8658275684892794,-0.2874658280935898,0.44960143907769445,0.3122051961280074,-1.0041402352396067,-0.8104772611976783,1.6194758578441073,3.1780538303479458,-0.5656447474459453,0.8742138364779874,Medium,1,1,-1.1942875885457884,-1.098832194022218,-0.898516729608711,0.31333619614396874,-0.19936324588212345,-0.8658275684892792,-0.28746582809359006,0.44960143907769606,0.3122051961280068,-1.0041402352396067,-0.8104772611976783,1.619475857844108,0.2788113855351543,-0.5656447474459856,0.8658376824716167,0.001818927581047415,0.6125530498969481
Lewis and Clark College,Yes,2774,2092,482,35,64,1763,59,15800,4790,450,950,75.0,98,12.3,21,12999,69,0.49962859239283186,0.5678334844081292,0.0783364601866623,0.6270233788095004,-0.05125068153107312,-1.0089401426438158,1.2708579877093604,-0.6142542982610626,-0.48548409270739684,0.045592781487855547,1.467641878959388,-0.4084259016153437,3.091042453358316,1.015149877180327,0.7541456380677721,High,2,1,0.49962859239283247,0.5678334844081304,0.07833646018666103,0.6270233788095005,-0.051250681531072574,-1.0089401426438156,1.2708579877093602,-0.6142542982610609,-0.48548409270739745,0.04559278148785549,1.467641878959388,-0.4084259016153431,0.13667737956055104,1.0151498771802865,0.04909848784711079,1.4151256580548508,0.6125530498969481
Lewis University,Yes,1154,1050,395,12,31,2192,1423,10560,4520,500,1200,36.0,48,14.3,10,7701,61,-0.3171288144353537,-0.12184170308296166,-0.13649015834151082,-0.972731667786928,0.16961992260165215,0.9751165585370247,0.1570841743525925,-0.22919460362735344,-0.007652219861956637,-1.9668257993943357,-1.8227310098814986,0.10819887684225446,2.3978952727983707,-0.2386134490568481,0.9098786828422877,Medium,1,1,-0.31712881443535307,-0.12184170308296059,-0.13649015834151207,-0.9727316677869281,0.1696199226016527,0.975116558537025,0.1570841743525922,-0.2291946036273518,-0.007652219861957268,-1.9668257993943357,-1.8227310098814986,0.10819887684225504,-0.9955858819980911,-0.2386134490568884,1.1084404555761647,0.001818927581047415,0.6125530498969481
Lincoln Memorial University,Yes,787,562,363,21,55,925,605,5950,2890,600,1300,67.0,72,14.6,35,5177,53,-0.6902417843019256,-0.7762683419391353,-0.22966727240360338,-0.19109950858549485,-0.7706458792310533,0.37928809431096844,-1.185171529100312,0.44960143907769445,0.15797762169666751,-0.481566548430211,-0.6870519494859656,0.18319470580243435,3.58351893845611,-1.4576384330448136,0.7141041931385006,Low,0,1,-0.6902417843019251,-0.7762683419391343,-0.22966727240360463,-0.19109950858549488,-0.7706458792310528,0.37928809431096866,-1.1851715291003122,0.44960143907769606,0.15797762169666688,-0.48156654843021107,-0.6870519494859656,0.18319470580243494,0.9411429344911897,-1.457638433044854,-0.223275195743967,-1.4114878028927562,0.6125530498969481
Lincoln University,No,1660,1091,326,15,41,1196,33,4818,3400,350,1400,71.0,72,12.6,8,10912,45,0.0277941705422539,-0.08264908118535863,-0.3499958886795415,-0.6744109272506594,-0.47182884466474734,-1.308458762070803,-1.6161459436838903,-1.5119094047906834,0.3122051961280074,-0.2253537109704769,-0.6870519494859656,-0.32895477682173246,2.1972245773362196,0.6349582592619684,0.6572289156626506,Low,0,0,0.027794170542254505,-0.08264908118535756,-0.3499958886795428,-0.6744109272506595,-0.4718288446647468,-1.3084587620708028,-1.6161459436838905,-1.5119094047906818,0.3122051961280068,-0.22535371097047696,-0.6870519494859656,-0.32895477682173185,-1.3233835886260938,0.6349582592619281,-0.6101575587237623,-1.4114878028927562,-1.6325116659989423
Lindenwood College,Yes,810,484,356,6,33,2155,191,9200,4800,1000,4200,65.0,85,24.1,9,3480,100,-0.6617988572958574,-0.936944104223787,-0.2513150654117488,-1.7978331880954055,0.15273295403977155,-0.34821085385716555,-0.1900024498689417,2.4385556137203848,2.7007350628016034,-0.6041457749675595,0.25767565625110594,2.3148101285408176,2.302585092994046,-2.9699278841050303,0.5975308641975309,Medium,1,1,-0.6617988572958569,-0.936944104223786,-0.2513150654117501,-1.7978331880954057,0.1527329540397721,-0.3482108538571653,-0.190002449868942,2.4385556137203865,2.700735062801603,-0.6041457749675595,0.257675656251106,2.314810128540818,-1.1512760702749985,-2.9699278841050707,-1.0162412604854265,0.001818927581047415,0.6125530498969481
Linfield College,Yes,1561,1188,458,48,72,1548,840,13380,4210,500,900,89.0,91,17.8,34,8747,81,-0.029901556313497266,0.0041309531350746205,0.023839847497081405,1.1890885687490669,-0.18824947626118485,0.6019717972126885,0.7925984055207709,-0.22919460362735344,-0.5948985251933547,1.109844838622803,0.7816568116943878,0.9490194931800552,3.5553480614894135,0.09991863367331265,0.7610506085842409,High,2,1,-0.029901556313496662,0.0041309531350757,0.023839847497080142,1.189088568749067,-0.1882494762611843,0.6019717972126887,0.7925984055207705,-0.2291946036273518,-0.5948985251933554,1.109844838622803,0.7816568116943878,0.9490194931800557,0.8951255085680089,0.09991863367327235,0.09606812787834532,1.4151256580548508,0.6125530498969481
Livingstone College,Yes,900,473,217,22,47,621,11,4400,3400,800,900,53.0,93,10.4,16,9268,92,-0.5582726644819487,-0.9618136529865032,-0.8239537231262345,-0.12094221917214973,-1.2686048897713658,-1.8298731617089106,-1.7921050607552145,1.5536080293455437,-0.5948985251933547,-1.2621836217050806,0.9692990979140862,-0.930509623619824,2.833213344056216,0.24614908350617346,0.5255555555555556,Low,0,1,-0.5582726644819481,-0.9618136529865022,-0.8239537231262357,-0.12094221917214976,-1.2686048897713653,-1.8298731617089103,-1.7921050607552147,1.5536080293455452,-0.5948985251933554,-1.2621836217050806,0.9692990979140862,-0.9305096236198235,-0.28448920152158647,0.24614908350613315,-1.5058384759967054,-1.4114878028927562,0.6125530498969481
Lock Haven University of Pennsylvania,No,3570,2215,651,17,41,3390,325,7352,3620,225,500,47.0,55,16.1,14,6374,63,0.7250671282097543,0.6235319762496301,0.3905293849393613,-0.49946894118390567,0.581364229561163,-0.023088318734798538,-0.7205902212326216,-3.0213190425447043,-1.7565250578392297,-1.5413763808804528,-1.5654940694465738,0.5495374102901839,2.70805020110221,-0.7864932022860808,0.6204481792717087,Medium,1,0,0.7250671282097548,0.6235319762496313,0.39052938493936,-0.4994689411839057,0.5813642295611635,-0.0230883187347983,-0.720590221232622,-3.0213190425447025,-1.7565250578392304,-1.5413763808804528,-1.5654940694465738,0.5495374102901844,-0.488944521318963,-0.7864932022861211,-0.8603509439447266,0.001818927581047415,-1.6325116659989423
Longwood College,No,2747,1870,724,12,47,2874,118,7920,3962,550,2200,74.0,80,18.4,23,5553,62,0.4908045494124063,0.4578234048506132,0.497522156913909,-0.972731667786928,0.4300363145060855,-0.6283861383961893,-0.5490014173684451,0.12366360034857365,1.271398499406051,-0.023524770795469573,-0.1356944211524122,1.0864302146786262,3.1780538303479458,-1.222901675340174,0.6807426283218057,Medium,1,0,0.4908045494124069,0.4578234048506143,0.4975221569139077,-0.9727316677869281,0.43003631450608604,-0.6283861383961891,-0.5490014173684454,0.12366360034857528,1.2713984994060503,-0.023524770795469628,-0.13569442115241218,1.0864302146786269,0.2788113855351543,-1.2229016753402144,-0.4502103704245131,0.001818927581047415,-1.6325116659989423
Loras College,Yes,1641,1283,527,20,39,1663,170,11200,4000,500,1200,61.0,62,14.2,24,7578,70,0.017012522122773332,0.08207090016784709,0.17255324566150462,-0.2637884142137961,-0.11228069362080104,-0.4172001723840956,0.3102865577817636,-0.22919460362735344,-0.007652219861956637,-0.8382454790951654,-1.2494530951634284,0.0830645638304953,3.2188758248682006,-0.2830995943554468,0.7818403412553321,Medium,1,1,0.017012522122773936,0.08207090016784818,0.17255324566150337,-0.2637884142137962,-0.11228069362080048,-0.4172001723840954,0.31028655778176334,-0.2291946036273518,-0.007652219861957268,-0.8382454790951654,-1.2494530951634284,0.08306456383049589,0.34549454598816776,-0.2830995943554871,0.23748600324476013,0.001818927581047415,0.6125530498969481
Louisiana College,Yes,2013,1053,212,33,61,912,158,5150,3036,500,1655,64.0,74,10.5,11,7547,59,0.20703776683242356,-0.11891890621367879,-0.8520063483370274,0.5272445442404744,-0.787599765986733,-0.46015470852972556,-1.483412153110486,-0.22919460362735344,0.663567218360223,-0.6640532127193101,-0.5579571392876599,-0.9021518863751771,2.4849066497880004,-0.29448765566036084,0.5230998509687034,Low,0,1,0.20703776683242417,-0.11891890621367772,-0.8520063483370286,0.5272445442404745,-0.7875997659867324,-0.46015470852972534,-1.4834121531104862,-0.2291946036273518,0.6635672183602224,-0.6640532127193101,-0.5579571392876599,-0.9021518863751765,-0.8534518760234878,-0.29448765566040114,-1.522542900757448,-1.4114878028927562,0.6125530498969481
Louisiana State University at Baton Rouge,No,5996,4993,3079,29,57,16269,3757,5925,2980,600,2242,83.0,87,15.9,11,6741,37,1.1756399776950166,1.3925420180348922,1.7936697003254418,0.3133361961439687,1.7760773564528631,1.7153704089318045,-1.194078940490222,0.44960143907769445,1.3122353651936907,0.6316618234008086,0.4259346495311623,0.5014836937996878,2.4849066497880004,-0.618423850368644,0.8327218145430287,Low,0,0,1.1756399776950173,1.3925420180348935,1.7936697003254405,0.31333619614396874,1.7760773564528636,1.7153704089318047,-1.1940789404902221,0.44960143907769606,1.31223536519369,0.6316618234008086,0.42593464953116233,0.5014836937996884,-0.8534518760234878,-0.6184238503686843,0.5835967475096299,-1.4114878028927562,-1.6325116659989423
Louisiana Tech University,No,2397,2144,1525,22,45,6720,1822,3957,2325,618,1656,66.0,77,20.0,13,4546,45,0.3671908445799653,0.5917971570827535,1.2004317073307227,-0.12094221917214973,1.1532738143769357,1.1568916363031037,-1.9910237931069654,0.5611600807556327,0.6648435230856837,-0.5433168502400174,-0.35347352257287784,1.444591078122857,2.6390573296152584,-1.9171361761020171,0.8944513975803087,Low,0,0,0.3671908445799659,0.5917971570827547,1.2004317073307214,-0.12094221917214976,1.153273814376936,1.1568916363031039,-1.9910237931069656,0.5611600807556344,0.6648435230856831,-0.5433168502400174,-0.3534735225728778,1.4445910781228577,-0.601645107695158,-1.9171361761020576,1.0034995244474834,-1.4114878028927562,-1.6325116659989423
Loyola College,Yes,4076,3137,738,25,54,3010,184,12990,6300,600,900,86.0,88,14.7,27,9448,80,0.8418690104731877,0.9581025241597567,0.5166178783283493,0.07620224590010746,0.4729612707959354,-0.3704128641720285,0.7103218447492516,0.44960143907769445,-0.5948985251933547,0.8666156952783766,0.5124477851823425,0.20805976907672294,3.332204510175204,0.29375830838224215,0.7696270853778214,High,2,1,0.8418690104731883,0.9581025241597579,0.516617878328348,0.07620224590010746,0.472961270795936,-0.3704128641720283,0.7103218447492513,0.44960143907769606,-0.5948985251933554,0.8666156952783766,0.5124477851823425,0.20805976907672352,0.5306181538634841,0.29375830838220185,0.1544078451544627,1.4151256580548508,0.6125530498969481
Loyola Marymount University,Yes,3768,2662,753,42,64,3558,436,13592,5916,545,1328,84.0,88,14.2,10,11677,84,0.7727685615890175,0.8012592518394407,0.5366193510238092,0.9459121453121648,0.6246652935773102,0.16408930983399242,0.8366635243852356,0.08966532253072854,0.20223912342600642,0.7090601660532498,0.5124477851823425,0.0830645638304953,2.3978952727983707,0.786451849161053,0.7064755838641189,High,2,1,0.7727685615890181,0.8012592518394419,0.536619351023808,0.9459121453121649,0.6246652935773107,0.16408930983399267,0.8366635243852353,0.08966532253073016,0.20223912342600578,0.7090601660532498,0.5124477851823425,0.08306456383049589,-0.9955858819980911,0.7864518491610127,-0.27516723941048915,1.4151256580548508,0.6125530498969481
Loyola University,Yes,1891,1698,719,24,80,2740,761,11100,5870,600,750,77.0,88,11.7,14,9456,53,0.1491912856009392,0.3625190035018934,0.490598805630253,0.012544204192919125,0.3852495882633531,0.5341906841493281,0.2867347034270165,0.44960143907769445,-0.9606431574714017,0.18658916323670852,0.5124477851823425,-0.5696679334896119,2.70805020110221,0.29584177984523086,0.8979375991538868,Medium,1,1,0.1491912856009398,0.36251900350189453,0.4905988056302517,0.012544204192919118,0.38524958826335365,0.5341906841493284,0.28673470342701624,0.44960143907769606,-0.9606431574714024,0.18658916323670846,0.5124477851823425,-0.5696679334896113,-0.488944521318963,0.29584177984519056,1.0272136927551896,0.001818927581047415,0.6125530498969481
Loyola University Chicago,Yes,3579,2959,868,25,55,5244,3417,11500,5330,700,2000,75.0,95,6.2,15,13009,65,0.7272963270741717,0.9025045295958042,0.6761538930754052,0.07620224590010746,0.9558168568558418,1.6398731002288558,0.3801236666635978,1.0360807079976635,1.0664517666868942,0.045592781487855547,1.1635803366973685,-2.240907965439047,2.772588722239781,1.0167420859984386,0.8267672534227438,Medium,1,1,0.7272963270741722,0.9025045295958054,0.676153893075404,0.07620224590010746,0.9558168568558424,1.639873100228856,0.38012366666359754,1.036080707997665,1.0664517666868936,0.04559278148785549,1.1635803366973685,-2.2409079654390465,-0.3835201634208818,1.0167420859983982,0.5430920716827448,0.001818927581047415,0.6125530498969481
Luther College,Yes,1549,1392,587,38,72,2269,85,13240,3560,600,400,73.0,85,13.8,38,8949,77,-0.03716058612695644,0.16423050717643012,0.2846623599541042,0.7690207208177235,0.20367492016670652,-0.8117346098511219,0.7632467647761073,0.44960143907769445,-2.1844360203854483,-0.09172176908837011,0.25767565625110594,-0.0181691230182655,3.6635616461296463,0.15817163376040977,0.8986442866365397,High,2,1,-0.03716058612695584,0.16423050717643123,0.28466235995410294,0.7690207208177237,0.20367492016670707,-0.8117346098511217,0.763246764776107,0.44960143907769606,-2.1844360203854487,-0.09172176908837017,0.257675656251106,-0.018169123018264913,1.0718935453228027,0.15817163376036947,1.0320207888312147,1.4151256580548508,0.6125530498969481
Lycoming College,Yes,1286,1005,363,16,37,1363,74,13900,4300,500,900,75.0,81,14.0,32,8024,72,-0.21342887018169596,-0.16678732253452072,-0.22966727240360338,-0.5849046607537626,-0.32615267296916617,-0.8874268200608982,0.8998852924398955,-0.22919460362735344,-0.5948985251933547,0.045592781487855547,-0.060091883356808096,0.03258838544133381,3.4965075614664802,-0.12683687517030173,0.78149300155521,High,2,1,-0.21342887018169535,-0.16678732253451967,-0.22966727240360463,-0.5849046607537627,-0.3261526729691656,-0.887426820060898,0.8998852924398951,-0.2291946036273518,-0.5948985251933554,0.04559278148785549,-0.06009188335680806,0.03258838544133439,0.7990089285165864,-0.12683687517034203,0.23512329646065694,1.4151256580548508,0.6125530498969481
Lynchburg College,Yes,1756,1500,366,3,21,1524,280,12450,5400,450,870,62.0,66,12.4,24,8832,70,0.08031965650631273,0.23911562836029177,-0.22053657682010477,-2.488799584590381,-0.20497332035690585,-0.11597494630920409,0.5936765164083418,-0.6142542982610626,-0.663280949444848,-0.7811031790800594,-1.0407110988557453,-0.3818525909118409,3.2188758248682006,0.12468138665974937,0.8542141230068337,Medium,1,1,0.08031965650631333,0.23911562836029288,-0.22053657682010602,-2.4887995845903816,-0.2049733203569053,-0.11597494630920385,0.5936765164083415,-0.6142542982610609,-0.6632809494448486,-0.7811031790800594,-1.0407110988557453,-0.38185259091184026,0.34549454598816776,0.12468138665970907,0.7297937500279595,0.001818927581047415,0.6125530498969481
Lyndon State College,No,535,502,223,6,20,959,150,7320,4640,500,600,48.0,65,12.6,15,7114,51,-1.0771458379492982,-0.8975239579175871,-0.7912587178688802,-1.7978331880954055,-0.7276442458726138,-0.4904558228650689,-0.730512630509906,-0.22919460362735344,-1.4016057555673218,-1.4971529459749755,-1.094880026424442,-0.32895477682173246,2.772588722239781,-0.46147871894795844,0.9383177570093458,Low,0,0,-1.0771458379492975,-0.8975239579175861,-0.7912587178688815,-1.7978331880954057,-0.7276442458726132,-0.49045582286506867,-0.7305126305099063,-0.2291946036273518,-1.4016057555673225,-1.4971529459749755,-1.094880026424442,-0.32895477682173185,-0.3835201634208818,-0.46147871894799875,1.3018914012771496,-1.4114878028927562,-1.6325116659989423
Macalester College,Yes,2939,1496,452,56,86,1723,113,15909,4772,500,700,85.0,91,11.9,37,14213,77,0.5516271679143121,0.23644628872197665,0.009699900467654704,1.4803479884652575,-0.07514372951015756,-0.6529279200826904,1.2912292689885556,-0.22919460362735344,-1.0977621251970406,0.7873781516832565,0.7816568116943878,-0.5155706927336406,3.6375861597263857,1.1956475168054082,0.5090166723375298,High,2,1,0.5516271679143127,0.23644628872197776,0.009699900467653443,1.4803479884652577,-0.075143729510157,-0.6529279200826902,1.2912292689885554,-0.2291946036273518,-1.0977621251970413,0.7873781516832565,0.7816568116943878,-0.5155706927336401,1.0294623131395182,1.1956475168053677,-1.6183408233154262,1.4151256580548508,0.6125530498969481
MacMurray College,Yes,740,558,177,12,29,628,63,9620,3750,550,950,49.0,55,10.8,33,10642,59,-0.7512440275450156,-0.7839117239769355,-1.0725717045288303,-0.972731667786928,-1.253994926957381,-0.9740319705249556,-0.07941154917988634,0.12366360034857365,-0.48548409270739684,-1.4520058390430488,-1.5654940694465738,-0.8177024914772081,3.5263605246161616,0.5775159700154033,0.754054054054054,Medium,1,1,-0.7512440275450151,-0.7839117239769345,-1.0725717045288317,-0.9727316677869281,-1.2539949269573805,-0.9740319705249554,-0.07941154917988663,0.12366360034857528,-0.48548409270739745,-1.4520058390430488,-1.5654940694465738,-0.8177024914772075,0.8477740600370556,0.577515970015363,0.04847550645324447,0.001818927581047415,0.6125530498969481
Malone College,Yes,874,758,428,21,46,1605,246,9858,3700,450,1200,42.0,45,17.6,16,4796,55,-0.5869970398481862,-0.45949140721084963,-0.04910670659024408,-0.19109950858549485,-0.14976598885196743,-0.19555710302836565,-0.018146215060422285,-0.6142542982610626,-0.007652219861956637,-1.7486330391850395,-1.9161399642376822,0.9028169700855416,2.833213344056216,-1.723950287391872,0.8672768878718535,Medium,1,1,-0.5869970398481856,-0.45949140721084863,-0.049106706590245346,-0.19109950858549488,-0.14976598885196687,-0.1955571030283654,-0.018146215060422577,-0.6142542982610609,-0.007652219861957268,-1.7486330391850395,-1.9161399642376822,0.9028169700855422,-0.28448920152158647,-1.7239502873919124,0.8186505180705277,0.001818927581047415,0.6125530498969481
Manchester College,Yes,1004,802,239,23,63,909,51,10440,3850,525,1450,63.0,72,11.8,20,7940,64,-0.451660045662864,-0.40047895592682986,-0.7088084289611851,-0.05311907203067916,-0.7915540595069023,-1.0856771595189671,0.12768438698895676,-0.04910428867699247,0.3855304303022255,-0.7230390518843525,-0.6870519494859656,-0.5425747226939661,3.044522437723423,-0.1552298965786931,0.798804780876494,Medium,1,1,-0.4516600456628634,-0.40047895592682886,-0.7088084289611863,-0.05311907203067917,-0.7915540595069017,-1.085677159518967,0.12768438698895646,-0.04910428867699084,0.3855304303022249,-0.7230390518843525,-0.6870519494859656,-0.5425747226939656,0.060686441260878146,-0.1552298965787334,0.3528831103630511,0.001818927581047415,0.6125530498969481
Manhattan College,Yes,2432,1730,563,20,63,2578,254,12370,6800,500,1800,92.0,92,13.6,25,10062,79,0.38039678032778906,0.3810100868936626,0.2414781323028332,-0.2637884142137961,0.32739949409217656,-0.17597858877416256,0.5761147458728345,-0.22919460362735344,0.8415717373866589,1.3613470368188663,0.8746535950171559,-0.06921364143108524,3.258096538021482,0.44616760207494505,0.7113486842105263,Medium,1,1,0.3803967803277897,0.3810100868936637,0.24147813230283194,-0.2637884142137962,0.3273994940921771,-0.1759785887741623,0.5761147458728342,-0.2291946036273518,0.8415717373866582,1.3613470368188663,0.8746535950171559,-0.06921364143108466,0.4095619963667674,0.44616760207490475,-0.24201897779794065,0.001818927581047415,0.6125530498969481
Manhattanville College,Yes,962,750,212,21,54,830,150,14700,6550,450,400,97.0,97,11.3,24,11291,70,-0.49322123543859764,-0.47061383620089015,-0.8520063483370274,-0.19109950858549485,-0.9018018714840295,-0.4904558228650689,1.0599091241292744,-0.6142542982610626,-2.1844360203854483,1.7988961457720525,1.3645882269351624,-0.6789541283407586,3.2188758248682006,0.7119907719024896,0.7796257796257796,High,2,1,-0.493221235438597,-0.47061383620088915,-0.8520063483370286,-0.19109950858549488,-0.9018018714840289,-0.49045582286506867,1.0599091241292742,-0.6142542982610609,-2.1844360203854487,1.7988961457720525,1.3645882269351624,-0.6789541283407581,0.34549454598816776,0.7119907719024493,0.22242190379365073,1.4151256580548508,0.6125530498969481
Mankato State University,No,3073,2672,1547,9,29,9649,1792,4300,2643,450,1660,57.0,68,19.0,11,5801,68,0.5916024099162774,0.8048609400425857,1.213174774235727,-1.3330274833513367,1.4227455438033358,1.1445420441442986,-1.8358154428499396,-0.6142542982610626,0.66994161620873,-1.057594035693021,-0.9283307329438812,1.222108344767349,2.4849066497880004,-1.0810716245337821,0.8695086234949561,Low,0,0,0.591602409916278,0.8048609400425869,1.2131747742357257,-1.333027483351337,1.4227455438033363,1.1445420441442988,-1.8358154428499398,-0.6142542982610609,0.6699416162087294,-1.057594035693021,-0.9283307329438812,1.2221083447673498,-0.8534518760234878,-1.0810716245338226,0.8338314400762042,-1.4114878028927562,-1.6325116659989423
Marian College of Fond du Lac,Yes,824,670,337,15,41,1160,653,9400,3400,500,1100,37.0,37,8.4,21,5352,59,-0.6449068227399252,-0.5893609926995769,-0.3126400049294782,-0.6744109272506594,-0.5064976273717406,0.43045216020189175,-0.13693542017306337,-0.22919460362735344,-0.18659120676503163,-1.9327735892457512,-2.1196483779539492,-1.5221214688076337,3.091042453358316,-1.3452225459391844,0.8131067961165048,Medium,1,1,-0.6449068227399246,-0.5893609926995759,-0.31264000492947946,-0.6744109272506595,-0.5064976273717401,0.430452160201892,-0.13693542017306368,-0.2291946036273518,-0.18659120676503227,-1.9327735892457512,-2.1196483779539492,-1.522121468807633,0.13667737956055104,-1.3452225459392249,0.45016962388868464,0.001818927581047415,0.6125530498969481
Marietta College,Yes,1611,960,342,27,60,1089,210,13850,3920,470,810,80.0,97,13.2,30,10223,96,-0.000286788212737428,-0.21393812235772391,-0.2961222342619692,0.19803987368047163,-0.5788827269964539,-0.2914502513632972,0.8896850314583712,-0.4559627308877755,-0.8068585572048644,0.404985518976676,1.3645882269351624,-0.17218743851993448,3.4339872044851463,0.4837783977991974,0.595903165735568,High,2,1,-0.0002867882127368244,-0.21393812235772286,-0.2961222342619705,0.19803987368047166,-0.5788827269964534,-0.291450251363297,0.8896850314583709,-0.4559627308877739,-0.8068585572048651,0.40498551897667595,1.3645882269351624,-0.1721874385199339,0.696881263144984,0.4837783977991571,-1.0273133440888897,1.4151256580548508,0.6125530498969481
Marist College,Yes,4731,3171,830,12,31,3557,658,10700,5925,550,1200,74.0,81,17.6,34,8408,69,0.9718457680889685,0.9683381052168885,0.6325320777817226,-0.972731667786928,0.6244149702319841,0.43558507267420293,0.19110784129153285,0.12366360034857365,-0.007652219861956637,-0.023524770795469573,-0.060091883356808096,0.9028169700855416,3.5553480614894135,-0.002655564812574758,0.6702599873176919,Medium,1,1,0.971845768088969,0.9683381052168897,0.6325320777817214,-0.9727316677869281,0.6244149702319847,0.43558507267420316,0.19110784129153255,0.12366360034857528,-0.007652219861957268,-0.023524770795469628,-0.06009188335680806,0.9028169700855422,0.8951255085680089,-0.0026555648126150634,-0.5215163772156444,0.001818927581047415,0.6125530498969481
Marquette University,Yes,5152,4600,1685,36,71,7016,804,11610,4760,600,1950,75.0,94,13.5,25,9982,77,1.0455687360586747,1.3169222819079065,1.2886172608896456,0.6753287453312369,1.1865130994910422,0.5718300632983053,0.40543054269898315,0.44960143907769445,1.0122534250473663,0.045592781487855547,1.0656043502924986,-0.09484535878691201,3.258096538021482,0.42713189464387874,0.8928571428571429,Medium,1,1,1.0455687360586754,1.3169222819079078,1.2886172608896442,0.675328745331237,1.1865130994910427,0.5718300632983055,0.4054305426989829,0.44960143907769606,1.0122534250473656,0.04559278148785549,1.0656043502924986,-0.09484535878691143,0.4095619963667674,0.42713189464383844,0.9926549349902808,0.001818927581047415,0.6125530498969481
Marshall University,Yes,4226,3666,2007,14,60,7703,2339,5094,4010,700,1560,77.0,86,16.6,10,6203,50,0.8735199901734554,1.1053261131554908,1.4399664595028223,-0.768473675269448,1.2574811092636031,1.3451608388976657,-1.5053985439238686,1.0360807079976635,0.5389373745605943,0.18658916323670852,0.3410143789166372,0.6686666659070798,2.3978952727983707,-0.8699969464508326,0.8674869853289162,Low,0,1,0.8735199901734559,1.1053261131554921,1.439966459502821,-0.7684736752694481,1.2574811092636036,1.345160838897666,-1.5053985439238688,1.036080707997665,0.5389373745605937,0.18658916323670846,0.3410143789166373,0.6686666659070803,-0.9955858819980911,-0.8699969464508729,0.8200796627578476,-1.4114878028927562,0.6125530498969481
Mary Baldwin College,Yes,499,441,199,26,52,846,377,11200,7400,600,1300,66.0,79,6.8,50,10819,90,-1.1481415823516226,-1.0378370230910239,-0.9286672526447329,0.1379929544107909,-0.8784667292253117,0.07078414185244891,0.3102865577817636,0.44960143907769445,0.15797762169666751,-0.5433168502400174,-0.20978440474634713,-2.036203154870672,3.9318256327243257,0.6154223597226628,0.8837675350701403,Medium,1,1,-1.148141582351622,-1.037837023091023,-0.9286672526447342,0.13799295441079093,-0.8784667292253111,0.07078414185244915,0.31028655778176334,0.44960143907769606,0.15797762169666688,-0.5433168502400174,-0.2097844047463471,-2.0362031548706714,1.5101056089930909,0.6154223597226225,0.930824749797983,0.001818927581047415,0.6125530498969481
Mary Washington College,No,4350,2178,756,39,78,2997,736,6490,4942,650,2102,75.0,80,17.6,30,5358,84,0.8987879679441562,0.6071321007088007,0.5405644989846419,0.8144962912549336,0.46896128451325036,0.511416589976082,-0.9984940856865023,0.7526774068770612,1.1732322498985348,0.045592781487855547,-0.1356944211524122,0.9028169700855416,3.4339872044851463,-1.3414689669260036,0.5006896551724138,Low,0,0,0.8987879679441567,0.607132100708802,0.5405644989846407,0.8144962912549337,0.4689612845132509,0.5114165899760822,-0.9984940856865027,0.7526774068770629,1.1732322498985341,0.04559278148785549,-0.13569442115241218,0.9028169700855422,0.696881263144984,-1.341468966926044,-1.674983642838923,-1.4114878028927562,-1.6325116659989423
Marymount College Tarrytown,Yes,478,327,117,9,34,731,370,11510,6450,575,1075,71.0,93,10.3,30,10502,77,-1.192140926635304,-1.3665988771657833,-1.602296443437941,-1.3330274833513367,-1.0595363505064501,0.058854027802434455,0.38243084587087894,0.28972012752516596,-0.23367680842349908,-0.2253537109704769,0.9692990979140862,-0.9589736432806009,3.4339872044851463,0.5468378860030478,0.6841004184100419,Medium,1,1,-1.1921409266353034,-1.3665988771657824,-1.6022964434379423,-1.333027483351337,-1.0595363505064497,0.05885402780243469,0.38243084587087867,0.28972012752516757,-0.23367680842349972,-0.22535371097047696,0.9692990979140862,-0.9589736432806003,0.696881263144984,0.5468378860030075,-0.4273696948026918,0.001818927581047415,0.6125530498969481
Marymount Manhattan College,Yes,695,535,239,21,30,988,785,10200,7000,350,1100,63.0,76,11.7,20,10622,68,-0.813677452142826,-0.8290300689495343,-0.7088084289611851,-0.19109950858549485,-0.6924095012304675,0.5554281226120905,0.06821195754654148,-1.5119094047906834,-0.18659120676503163,-0.7230390518843525,-0.4230962065588109,-0.5696679334896119,3.044522437723423,0.573171596148469,0.7697841726618705,Medium,1,1,-0.8136774521428255,-0.8290300689495333,-0.7088084289611863,-0.19109950858549488,-0.692409501230467,0.5554281226120907,0.06821195754654119,-1.5119094047906818,-0.18659120676503227,-0.7230390518843525,-0.42309620655881086,-0.5696679334896113,0.060686441260878146,0.5731715961484287,0.15547639905598495,0.001818927581047415,0.6125530498969481
Marymount University,Yes,941,772,214,10,30,1247,776,11390,5280,500,750,77.0,82,10.6,17,8575,55,-0.5147380558031105,-0.4403258503027566,-0.8406946366679483,-1.2041414384332418,-0.4248340389123247,0.547533550641871,0.3546572622011375,-0.22919460362735344,-0.9606431574714017,0.18658916323670852,0.01703484187169807,-0.8738990280930917,2.8903717578961645,0.048656713840758904,0.820403825717322,Medium,1,1,-0.5147380558031099,-0.4403258503027556,-0.8406946366679495,-1.204141438433242,-0.42483403891232413,0.5475335506418713,0.35465726220113725,-0.2291946036273518,-0.9606431574714024,0.18658916323670846,0.017034841871698108,-0.8738990280930912,-0.1911203270674524,0.048656713840718596,0.4998061651063757,0.001818927581047415,0.6125530498969481
Maryville College,Yes,1464,888,176,26,52,624,128,11200,4208,500,1642,80.0,90,11.1,43,8317,51,-0.09037197783414273,-0.29452658494305894,-1.0795968539072518,0.1379929544107909,-1.2623190197425331,-0.5819923517098765,0.3102865577817636,-0.22919460362735344,0.6469099571202959,0.404985518976676,0.6902976719925955,-0.7341609556836688,3.784189633918261,-0.03128291531012249,0.6065573770491803,Medium,1,1,-0.09037197783414214,-0.29452658494305795,-1.0795968539072531,0.13799295441079093,-1.2623190197425327,-0.5819923517098763,0.31028655778176334,-0.2291946036273518,0.6469099571202952,0.40498551897667595,0.6902976719925955,-0.7341609556836682,1.2689406411191924,-0.0312829153101628,-0.9548402655980351,0.001818927581047415,0.6125530498969481
Maryville University,Yes,549,397,169,26,51,1343,1751,9250,4550,425,1350,52.0,58,13.1,13,5925,61,-1.0509103946993723,-1.1526009240046486,-1.1300989309821179,0.1379929544107909,-0.34241972986956043,1.1273594474557256,-0.17666519467420225,-0.8209747619128162,0.23641393778204187,-1.3110239587515067,-1.4375163915219222,-0.1981197138629203,2.6390573296152584,-1.0136125893860912,0.7231329690346083,Medium,1,1,-1.0509103946993716,-1.1526009240046478,-1.1300989309821192,0.13799295441079093,-0.3424197298695599,1.1273594474557258,-0.17666519467420255,-0.8209747619128145,0.23641393778204123,-1.3110239587515067,-1.4375163915219222,-0.1981197138629197,-0.601645107695158,-1.0136125893861316,-0.1618588069626659,0.001818927581047415,0.6125530498969481
Marywood College,Yes,1107,859,323,13,51,1452,402,11040,4500,600,700,65.0,76,11.8,30,9034,66,-0.35715990450885043,-0.3289803431940338,-0.36043666606446545,-0.867676873013996,-0.2571368633454987,0.11182218825857136,0.27253661788993777,0.44960143907769445,-1.0977621251970406,-0.6041457749675595,-0.4230962065588109,-0.5425747226939661,3.4339872044851463,0.18208158879143505,0.7759710930442638,Medium,1,1,-0.3571599045088498,-0.3289803431940328,-0.3604366660644667,-0.8676768730139961,-0.2571368633454981,0.1118221882585716,0.2725366178899375,0.44960143907769606,-1.0977621251970413,-0.6041457749675595,-0.42309620655881086,-0.5425747226939656,0.696881263144984,0.18208158879139474,0.19756165091474817,0.001818927581047415,0.6125530498969481
Massachusetts Institute of Technology,Yes,6411,2140,1078,96,99,4481,28,20100,5975,725,1600,99.0,99,10.1,35,33541,94,1.2325633952787982,0.5899759721036429,0.8831038348529832,2.594031774135042,0.8249568972013425,-1.3900837948934839,2.0134989748534267,1.1712232060564816,0.5922469197566411,1.9803465843944406,1.572409762644023,-1.0162263078285314,3.58351893845611,2.550003006545821,0.33380127905163,High,2,1,1.2325633952787989,0.5899759721036442,0.8831038348529819,2.5940317741350425,0.824956897201343,-1.3900837948934837,2.013498974853426,1.1712232060564831,0.5922469197566405,1.9803465843944406,1.572409762644023,-1.0162263078285307,0.9411429344911897,2.5500030065457806,-2.810207454887759,1.4151256580548508,0.6125530498969481
Mayville State University,No,233,233,153,5,12,658,58,4486,2516,600,1900,68.0,68,15.7,11,6971,51,-1.948238590127767,-1.7474639410272363,-1.255200248358367,-1.991623129577312,-1.19355576674551,-1.0179999910485702,-1.7550331807304491,0.44960143907769445,0.9567527520563348,-0.4188949777661247,-0.9283307329438812,0.4531942340637835,2.4849066497880004,-0.5201155153614888,1.0,Low,0,0,-1.9482385901277663,-1.7474639410272355,-1.2552002483583684,-1.9916231295773121,-1.1935557667455094,-1.01799999104857,-1.7550331807304493,0.44960143907769606,0.9567527520563341,-0.4188949777661248,-0.9283307329438812,0.4531942340637841,-0.8534518760234878,-0.5201155153615291,1.7214721572963374,-1.4114878028927562,-1.6325116659989423
McKendree College,Yes,1002,555,119,16,43,836,684,7680,3740,500,800,70.0,74,17.7,21,6652,52,-0.45359651860739053,-0.7896828045621708,-1.5799407526309897,-0.5849046607537626,-0.8929874370094173,0.46172263461915913,-0.6204837466933623,-0.22919460362735344,-0.831740799103585,-0.29078845475452025,-0.5579571392876599,0.9259436201670271,3.091042453358316,-0.6578652682482058,0.5538922155688623,Medium,1,1,-0.4535965186073899,-0.7896828045621698,-1.579940752630991,-0.5849046607537627,-0.8929874370094167,0.46172263461915936,-0.6204837466933626,-0.2291946036273518,-0.8317407991035857,-0.2907884547545203,-0.5579571392876599,0.9259436201670277,0.13667737956055104,-0.6578652682482461,-1.3130841814869652,0.001818927581047415,0.6125530498969481
McMurry University,Yes,578,411,187,25,50,880,477,6930,3452,400,1525,57.0,64,11.0,11,6383,32,-0.9987772257402141,-1.114668160682745,-1.004742218081847,0.07620224590010746,-0.8306185257214158,0.22243802574620308,-0.8537995141224842,-1.0385747644412713,0.4912429215254467,-1.057594035693021,-1.1477182127095475,-0.7619093999483375,2.4849066497880004,-0.7821940639936997,0.7110726643598616,Low,0,1,-0.9987772257402135,-1.1146681606827442,-1.0047422180818484,0.07620224590010746,-0.8306185257214153,0.22243802574620333,-0.8537995141224846,-1.0385747644412697,0.4912429215254461,-1.057594035693021,-1.1477182127095475,-0.761909399948337,-0.8534518760234878,-0.78219406399374,-0.24389654599266006,-1.4114878028927562,0.6125530498969481
McPherson College,Yes,420,293,93,11,32,336,80,7950,3750,600,2740,54.0,54,9.8,45,9754,48,-1.3253506687769674,-1.4889969490245858,-1.9108913384819266,-1.0845174670653985,-2.126558364539047,-0.844973801065171,-0.5401666615228499,0.44960143907769445,1.7489351584252335,-1.212420327353753,-1.6057345224000523,-1.1029394439418776,3.828641396489095,0.3715645121770091,0.6976190476190476,Medium,1,1,-1.3253506687769667,-1.488996949024585,-1.910891338481928,-1.0845174670653988,-2.1265583645390467,-0.8449738010651707,-0.5401666615228502,0.44960143907769606,1.7489351584252328,-1.212420327353753,-1.6057345224000523,-1.102939443941877,1.341553066130896,0.3715645121769688,-0.3354120034340899,0.001818927581047415,0.6125530498969481
Mercer University,Yes,2286,1668,564,37,70,2943,1260,11985,4081,400,1500,93.0,95,9.2,15,8995,91,0.3238986748372385,0.3448420525063507,0.24331956480508943,0.7226458157909567,0.45211664038069677,0.8872642803522207,0.49053837892447655,-1.0385747644412713,0.45655088685874945,1.4470191871641125,1.1635803366973685,-1.2795288599936459,2.772588722239781,0.17115440621968844,0.7296587926509186,Medium,1,1,0.3238986748372391,0.3448420525063518,0.24331956480508818,0.7226458157909568,0.4521166403806973,0.8872642803522209,0.49053837892447627,-1.0385747644412697,0.45655088685874884,1.4470191871641125,1.1635803366973685,-1.2795288599936452,-0.3835201634208818,0.17115440621964814,-0.11746823564387977,0.001818927581047415,0.6125530498969481
Mercyhurst College,Yes,1557,1074,397,15,40,1805,433,9813,4050,425,1000,45.0,63,16.7,29,7307,78,-0.0323145616647638,-0.09870534304071148,-0.13095805731968937,-0.6744109272506594,-0.026863925151016786,0.15962811472572183,-0.02965490558042674,-0.8209747619128162,-0.3812772018018639,-1.6270516236131045,-1.199238322126377,0.6923240937679691,3.4011973816621555,-0.38516164600145436,0.6897880539499036,Medium,1,1,-0.032314561664763194,-0.09870534304071041,-0.13095805731969062,-0.6744109272506595,-0.026863925151016238,0.15962811472572208,-0.02965490558042703,-0.8209747619128145,-0.38127720180186453,-1.6270516236131045,-1.199238322126377,0.6923240937679697,0.643318740239679,-0.38516164600149466,-0.38868072526994696,0.001818927581047415,0.6125530498969481
Meredith College,Yes,857,772,376,25,58,1721,470,6720,3250,450,1520,77.0,82,13.9,33,6881,82,-0.6062784637407711,-0.4403258503027566,-0.19071311222389062,0.07620224590010746,-0.07635609236432782,0.2128043540403945,-0.9220812277039356,-0.6142542982610626,0.4843468548929518,0.18658916323670852,0.01703484187169807,0.007245147886748601,3.5263605246161616,-0.5579800636071001,0.9008168028004667,Low,0,1,-0.6062784637407705,-0.4403258503027556,-0.19071311222389187,0.07620224590010746,-0.07635609236432726,0.21280435404039474,-0.922081227703936,-0.6142542982610609,0.4843468548929512,0.18658916323670846,0.017034841871698108,0.007245147886749187,0.8477740600370556,-0.5579800636071404,1.0467988826606254,-1.4114878028927562,0.6125530498969481
Merrimack College,Yes,1981,1541,514,18,36,1927,1084,12500,6200,375,1000,73.0,75,16.8,22,8707,80,0.19223640522195304,0.26604548818571827,0.14631774839282874,-0.4176946998854468,0.04022595914366602,0.7800662444554317,0.6046150057754334,-1.2683636766655946,-0.3812772018018639,-0.09172176908837011,-0.4912534379026085,0.7159264724323372,3.1354942159291497,0.08813674575466239,0.7778899545683998,Medium,1,1,0.19223640522195365,0.2660454881857194,0.1463177483928275,-0.41769469988544683,0.04022595914366657,0.7800662444554319,0.604615005775433,-1.268363676665593,-0.38127720180186453,-0.09172176908837017,-0.49125343790260845,0.7159264724323378,0.20928980457225407,0.08813674575462209,0.21061431129084868,0.001818927581047415,0.6125530498969481
Mesa State College,No,1584,1456,891,6,18,3471,911,5016,3798,540,2256,48.0,48,28.8,12,3871,59,-0.016154254822691855,0.20932546780361416,0.7014998546487842,-1.7978331880954055,0.6025604095471383,0.6581529004723548,-1.5362886608469797,0.055394205642346685,1.325690347526628,-1.4971529459749755,-1.8227310098814986,3.244143832516816,2.5649493574615367,-2.532041574074912,0.9191919191919192,Low,0,0,-0.016154254822691252,0.20932546780361527,0.701499854648783,-1.7978331880954057,0.6025604095471389,0.658152900472355,-1.53628866084698,0.055394205642348315,1.3256903475266273,-1.4971529459749755,-1.8227310098814986,3.2441438325168166,-0.7227012651918747,-2.5320415740749525,1.1717918280150017,-1.4114878028927562,-1.6325116659989423
Messiah College,Yes,1742,1382,607,30,64,2258,53,10300,5080,475,1200,68.0,75,14.1,30,7762,89,0.0728542970814316,0.15698458651118333,0.3191217612566358,0.36877700770497285,0.19889686756655067,-1.065526666446129,0.09310267904364704,-0.4173081667300912,-0.007652219861956637,-0.4188949777661247,-0.4912534379026085,0.0578612934555406,3.4339872044851463,-0.21695551051769296,0.7933409873708381,Medium,1,1,0.07285429708143219,0.15698458651118444,0.31912176125663455,0.3687770077049729,0.19889686756655123,-1.0655266664461287,0.09310267904364675,-0.4173081667300896,-0.007652219861957268,-0.4188949777661248,-0.49125343790260845,0.05786129345554118,0.696881263144984,-0.21695551051773326,0.3157167801732887,0.001818927581047415,0.6125530498969481
Miami University at Oxford,No,9239,7788,3290,35,39,13606,807,8856,3960,500,1382,81.0,89,17.6,20,7846,85,1.5385405048171208,1.7952129435883322,1.8464035855152212,0.6270233788095004,1.659698476369616,0.5743878482457943,-0.2830793027641169,-0.22919460362735344,0.2852133726225246,0.47962441223420943,0.6005650532112241,0.9028169700855416,3.044522437723423,-0.18755746504191112,0.8429483710358264,Medium,1,0,1.5385405048171215,1.7952129435883335,1.8464035855152199,0.6270233788095005,1.6596984763696165,0.5743878482457945,-0.2830793027641172,-0.2291946036273518,0.285213372622524,0.4796244122342094,0.6005650532112241,0.9028169700855422,0.060686441260878146,-0.18755746504195142,0.6531607921467731,0.001818927581047415,-1.6325116659989423
Michigan State University,No,18114,15096,6180,23,57,26640,4120,10658,3734,504,600,93.0,95,14.0,9,10520,71,2.081408724531053,2.372235673275162,2.3220483843764255,-0.05311907203067916,2.074511025351843,1.7894598445809415,0.18093160634185956,-0.1998603901518706,-1.4016057555673218,1.4470191871641125,1.1635803366973685,0.03258838544133381,2.302585092994046,0.5508174598984341,0.8333885392514078,Medium,1,0,2.0814087245310535,2.3722356732751635,2.322048384376424,-0.05311907203067917,2.0745110253518435,1.7894598445809418,0.18093160634185926,-0.19986039015186896,-1.4016057555673225,1.4470191871641125,1.1635803366973685,0.03258838544133439,-1.1512760702749985,0.5508174598983938,0.588132005042997,0.001818927581047415,-1.6325116659989423
Michigan Technological University,No,2618,2288,1032,42,77,5524,414,8127,3978,900,1200,82.0,82,17.0,25,7473,65,0.4473198364862798,0.6550463572675379,0.8420027079457448,0.9459121453121648,0.9981257653310153,0.13070930320260493,-0.4884823808240123,2.017544989660185,-0.007652219861956637,0.5551832097645348,0.01703484187169807,0.7629678942848166,3.258096538021482,-0.3219660797371309,0.8739495798319328,Medium,1,0,0.44731983648628043,0.6550463572675391,0.8420027079457436,0.9459121453121649,0.9981257653310158,0.13070930320260518,-0.4884823808240126,2.0175449896601867,-0.007652219861957268,0.5551832097645348,0.017034841871698108,0.7629678942848171,0.4095619963667674,-0.3219660797371712,0.8640401310539175,0.001818927581047415,-1.6325116659989423
MidAmerica Nazarene College,Yes,331,331,225,15,36,1100,166,6840,3720,1100,4913,33.0,33,15.4,20,5524,49,-1.5738845470875875,-1.3531012221057364,-0.7805852790794978,-0.6744109272506594,-0.5672974061145424,-0.4312059738755724,-0.8828942952654918,2.8243582690774582,3.0577741500794393,-2.063427107509237,-2.1983538567064675,0.38030884250552255,3.044522437723423,-1.2401253356461923,1.0,Low,0,1,-1.5738845470875868,-1.3531012221057355,-0.780585279079499,-0.6744109272506595,-0.5672974061145418,-0.4312059738755722,-0.8828942952654921,2.82435826907746,3.057774150079439,-2.063427107509237,-2.1983538567064675,0.38030884250552316,0.060686441260878146,-1.2401253356462327,1.7214721572963374,-1.4114878028927562,0.6125530498969481
Millersville University of Penn.,No,6011,3075,960,22,60,5146,1532,7844,3830,450,1258,72.0,74,16.8,20,7832,71,1.1777701862323615,0.9391285863696565,0.7732316603798223,-0.12094221917214973,0.9403535579303818,1.0289323140850861,-0.5714816336528199,-0.6142542982610626,0.08990169468117087,-0.15899811554781332,-0.5579571392876599,0.7159264724323372,3.044522437723423,-0.19242334963793725,0.5115621360838463,Medium,1,0,1.1777701862323622,0.9391285863696577,0.773231660379821,-0.12094221917214976,0.9403535579303823,1.0289323140850863,-0.5714816336528202,-0.6142542982610609,0.08990169468117025,-0.15899811554781337,-0.5579571392876599,0.7159264724323378,0.060686441260878146,-0.19242334963797755,-1.6010258303560954,0.001818927581047415,-1.6325116659989423
Milligan College,Yes,610,461,189,26,52,685,49,8200,3300,550,1000,63.0,69,12.0,16,8128,64,-0.9444124019590651,-0.9896593149135583,-0.9916783978958601,0.1379929544107909,-1.1419646671461605,-1.106552791365331,-0.4673816430927015,0.12366360034857365,-0.3812772018018639,-0.7230390518843525,-0.8700943318940553,-0.48865480430561903,2.833213344056216,-0.09231237800894343,0.7557377049180328,Medium,1,1,-0.9444124019590645,-0.9896593149135573,-0.9916783978958613,0.13799295441079093,-1.14196466714616,-1.1065527913653308,-0.4673816430927018,0.12366360034857528,-0.38127720180186453,-0.7230390518843525,-0.8700943318940553,-0.4886548043056184,-0.28448920152158647,-0.09231237800898373,0.05992819474941463,0.001818927581047415,0.6125530498969481
Millikin University,Yes,1444,1261,456,29,62,1788,95,11910,4378,450,965,60.0,77,11.4,25,8149,75,-0.10337429751099657,0.06458389666121375,0.01915039086089075,0.3133361961439687,-0.03665058865724942,-0.7502317576043798,0.473658251857913,-0.6142542982610626,-0.4536989837265303,-0.8944658348300512,-0.35347352257287784,-0.6514933665420358,3.258096538021482,-0.0854236641170937,0.8732686980609419,Medium,1,1,-0.10337429751099597,0.06458389666121485,0.019150390860889488,0.31333619614396874,-0.03665058865724887,-0.7502317576043795,0.4736582518579127,-0.6142542982610609,-0.4536989837265309,-0.8944658348300512,-0.3534735225728778,-0.6514933665420353,0.4095619963667674,-0.08542366411713401,0.8594085730174283,0.001818927581047415,0.6125530498969481
Millsaps College,Yes,905,834,319,32,61,1073,179,11320,4402,550,1350,82.0,89,12.7,38,11218,58,-0.5528508724705755,-0.35969519973086544,-0.37453302538023464,0.47565884296982625,-0.5959912019559986,-0.38674238750608864,0.3383671391568183,0.12366360034857365,0.23641393778204187,0.5551832097645348,0.6005650532112241,-0.3026284436876273,3.6635616461296463,0.6974659964935775,0.9215469613259668,Medium,1,1,-0.552850872470575,-0.35969519973086445,-0.3745330253802359,0.4756588429698263,-0.5959912019559981,-0.3867423875060884,0.33836713915681804,0.12366360034857528,0.23641393778204123,0.5551832097645348,0.6005650532112241,-0.3026284436876267,1.0718935453228027,0.6974659964935372,1.1878115171694712,0.001818927581047415,0.6125530498969481
Milwaukee School of Engineering,Yes,1217,1088,496,36,69,1773,884,11505,3255,1000,2075,35.0,46,16.7,23,7140,67,-0.26613095122405567,-0.08546301746196662,0.10870013355891134,0.6753287453312369,-0.04538054254823846,0.6372692488918638,0.3812774209451592,2.4385556137203848,1.1454418178382195,-1.9999522593221113,-1.886083615874445,0.6923240937679691,3.1780538303479458,-0.45101249528195636,0.8940016433853739,Medium,1,1,-0.26613095122405506,-0.08546301746196555,0.10870013355891008,0.675328745331237,-0.04538054254823791,0.637269248891864,0.38127742094515893,2.4385556137203865,1.1454418178382189,-1.9999522593221113,-1.886083615874445,0.6923240937679697,0.2788113855351543,-0.45101249528199666,1.0004401641521368,0.001818927581047415,0.6125530498969481
Mississippi College,Yes,594,385,307,36,57,1695,721,5580,2830,600,700,77.0,79,16.5,18,6170,61,-0.9712020358050991,-1.1862710237772571,-0.4180771590723108,0.6753287453312369,-0.09227483353597289,0.49741520841155135,-1.3196045030486936,0.44960143907769445,-1.0977621251970406,0.18658916323670852,-0.20978440474634713,0.6449537276656453,2.9444389791664403,-0.8865214022492528,0.6481481481481481,Low,0,1,-0.9712020358050986,-1.1862710237772562,-0.4180771590723121,0.675328745331237,-0.09227483353597234,0.49741520841155157,-1.3196045030486938,0.44960143907769606,-1.0977621251970413,0.18658916323670846,-0.2097844047463471,0.6449537276656458,-0.10280094841912382,-0.8865214022492931,-0.6719276097828123,-1.4114878028927562,0.6125530498969481
Mississippi State University,No,4255,3277,1609,18,57,10094,1621,9866,3084,480,1479,77.0,77,15.9,20,6223,53,0.8795000394353131,0.9995115899350743,1.2479916555317558,-0.4176946998854468,1.454858597136689,1.0703723111886714,-0.01610384090631533,-0.3790064844169328,0.42699333868338246,0.18658916323670852,-0.35347352257287784,0.5014836937996878,3.044522437723423,-0.860047960483083,0.7701527614571093,Medium,1,0,0.8795000394353136,0.9995115899350755,1.2479916555317545,-0.41769469988544683,1.4548585971366894,1.0703723111886716,-0.01610384090631562,-0.3790064844169312,0.42699333868338185,0.18658916323670846,-0.3534735225728778,0.5014836937996884,0.060686441260878146,-0.8600479604831233,0.1579836484338965,0.001818927581047415,-1.6325116659989423
Mississippi University for Women,No,480,405,380,19,46,1673,1014,4386,2217,600,1500,49.0,54,15.8,8,5704,63,-1.1878620189628872,-1.1307532519471901,-0.17903891351558132,-0.33923404372499033,-0.1059788029369545,0.7330114910364498,-1.7981849544271413,0.44960143907769445,0.45655088685874945,-1.4520058390430488,-1.6057345224000523,0.47736869024981116,2.1972245773362196,-1.135412102655193,0.84375,Low,0,0,-1.1878620189628866,-1.1307532519471892,-0.17903891351558257,-0.3392340437249904,-0.10597880293695394,0.73301149103645,-1.7981849544271415,0.44960143907769606,0.45655088685874884,-1.4520058390430488,-1.6057345224000523,0.47736869024981177,-1.3233835886260938,-1.1354121026552335,0.6586137081000044,-1.4114878028927562,-1.6325116659989423
Missouri Southern State College,No,1576,1326,913,13,50,3689,2200,3840,2852,200,400,52.0,54,20.3,9,4172,100,-0.020911496682945112,0.1153428213793999,0.7250474053261897,-0.867676873013996,0.6567357707654795,1.298552701911596,-2.045983328948151,-3.4094059453370256,-2.1844360203854483,-1.3110239587515067,-1.6057345224000523,1.5104862816404492,2.302585092994046,-2.2388964552218096,0.8413705583756346,Low,0,0,-0.020911496682944508,0.115342821379401,0.7250474053261885,-0.8676768730139961,0.6567357707654801,1.2985527019115963,-2.0459833289481515,-3.409405945337024,-2.1844360203854487,-1.3110239587515067,-1.6057345224000523,1.5104862816404498,-1.1512760702749985,-2.23889645522185,0.6424280464371165,-1.4114878028927562,-1.6325116659989423
Missouri Valley College,Yes,1310,983,316,5,35,1057,175,8550,5050,400,900,35.0,67,17.4,16,4333,27,-0.19580567781889344,-0.18955042569140323,-0.3852397606700431,-1.991623129577312,-0.6134135048771967,-0.40010470410549714,-0.3678919688749011,-1.0385747644412713,-0.5948985251933547,-1.9999522593221113,-0.9851988400469104,0.8564097284492161,2.833213344056216,-2.0951376739895426,0.750381679389313,Medium,1,1,-0.19580567781889283,-0.18955042569140218,-0.3852397606700444,-1.9916231295773121,-0.6134135048771961,-0.4001047041054969,-0.3678919688749014,-1.0385747644412697,-0.5948985251933554,-1.9999522593221113,-0.9851988400469104,0.8564097284492167,-0.28448920152158647,-2.095137673989583,0.023494934030623405,0.001818927581047415,0.6125530498969481
Monmouth College IL,Yes,601,503,204,28,57,671,11,13000,4100,400,460,91.0,91,11.6,43,11087,56,-0.9593874737028985,-0.8953784504068224,-0.8985167296087098,0.25645415555414425,-1.1683997786233546,-1.8298731617089106,0.7124516289319573,-1.0385747644412713,-1.917250244236632,1.2765938761615636,0.7816568116943878,-0.5968513856813783,3.784189633918261,0.6710319849315836,0.8369384359400999,High,2,1,-0.9593874737028979,-0.8953784504068214,-0.898516729608711,0.2564541555541443,-1.1683997786233542,-1.8298731617089103,0.712451628931957,-1.0385747644412697,-1.9172502442366326,1.2765938761615636,0.7816568116943878,-0.5968513856813777,1.2689406411191924,0.6710319849315433,0.6122794462548401,1.4151256580548508,0.6125530498969481
Monmouth College,Yes,2707,1881,478,14,34,1893,847,12480,5290,530,1740,70.0,85,14.2,15,9492,54,0.4775593922429145,0.4635961371870447,0.06947392560761273,-0.768473675269448,0.022060575332045113,0.6076971359324965,0.6002430654648441,-0.013985659270390745,0.7695852833887381,-0.29078845475452025,0.25767565625110594,0.0830645638304953,2.772588722239781,0.3051838641850551,0.6948651643886221,Medium,1,1,0.4775593922429151,0.4635961371870458,0.06947392560761147,-0.7684736752694481,0.02206057533204566,0.6076971359324967,0.6002430654648437,-0.013985659270389118,0.7695852833887374,-0.2907884547545203,0.257675656251106,0.08306456383049589,-0.3835201634208818,0.3051838641850148,-0.35414472701525984,0.001818927581047415,0.6125530498969481
Montana College of Mineral Sci. & Tech.,No,572,544,320,45,72,1470,416,6073,3400,550,1400,71.0,71,16.4,31,6112,74,-1.0093296631551862,-0.8111325013565079,-0.3709898985871448,1.0705183742130715,-0.243804911068682,0.13380907960697694,-1.141701429010402,0.12366360034857365,0.3122051961280074,-0.2253537109704769,-0.7494672137091747,0.621184811174139,3.4657359027997265,-0.9158972344651213,0.951048951048951,Low,0,0,-1.0093296631551856,-0.8111325013565069,-0.3709898985871461,1.0705183742130717,-0.24380491106868143,0.1338090796069772,-1.1417014290104022,0.12366360034857528,0.3122051961280068,-0.22535371097047696,-0.7494672137091747,0.6211848111741396,0.7487430981377603,-0.9158972344651616,1.388492727058605,-1.4114878028927562,-1.6325116659989423
Montana State University,No,3500,2836,1779,15,42,8730,993,5552,3710,550,2300,75.0,83,17.6,8,6324,37,0.7075203691427387,0.8619543866720829,1.3360352926046493,-0.6744109272506594,1.3503142996474369,0.7183237382392701,-1.3300133807260348,0.12366360034857365,1.3674797929882332,0.045592781487855547,0.09569733284866454,0.9028169700855416,2.1972245773362196,-0.810548917765444,0.8102857142857143,Low,0,0,0.7075203691427393,0.8619543866720841,1.336035292604648,-0.6744109272506595,1.3503142996474373,0.7183237382392703,-1.330013380726035,0.12366360034857528,1.3674797929882325,0.04559278148785549,0.09569733284866458,0.9028169700855422,-1.3233835886260938,-0.8105489177654843,0.43097979566641265,-1.4114878028927562,-1.6325116659989423
Montclair State University,No,5220,2128,865,19,53,6411,3186,3648,4834,700,950,82.0,87,21.5,9,6717,58,1.0568678491204706,0.5844905015256147,0.67279085712551,-0.33923404372499033,1.1166147503392896,1.5846146929017697,-2.1386086248808036,1.0360807079976635,-0.48548409270739684,0.5551832097645348,0.4259346495311623,1.7703640987717493,2.302585092994046,-0.6289803295052762,0.4076628352490421,Low,0,0,1.0568678491204713,0.5844905015256159,0.6727908571255088,-0.3392340437249904,1.11661475033929,1.58461469290177,-2.138608624880804,1.036080707997665,-0.48548409270739745,0.5551832097645348,0.42593464953116233,1.77036409877175,-1.1512760702749985,-0.6289803295053165,-2.3077794288064197,-1.4114878028927562,-1.6325116659989423
Montreat-Anderson College,Yes,263,223,103,10,24,316,20,8438,3372,500,2958,42.0,50,11.1,4,11989,15,-1.8180119564571469,-1.7974151391746043,-1.7722654573757635,-1.2041414384332418,-2.2187906689819967,-1.5531623993304813,-0.399432688473765,-0.22919460362735344,1.9173214267991034,-1.7486330391850395,-1.7549633934685398,-0.7341609556836688,1.6094379124341003,0.843918068692289,0.8479087452471483,Medium,1,1,-1.8180119564571462,-1.7974151391746034,-1.7722654573757648,-1.204141438433242,-2.2187906689819963,-1.553162399330481,-0.3994326884737653,-0.2291946036273518,1.9173214267991028,-1.7486330391850395,-1.7549633934685398,-0.7341609556836682,-2.2835393318336408,0.8439180686922487,0.6869027162535193,0.001818927581047415,0.6125530498969481
Moorhead State University,No,2442,2164,1189,12,37,5983,1075,4426,2664,600,1000,75.0,81,18.1,19,4795,60,0.3841324796354727,0.600848923345449,0.9744759552621539,-0.972731667786928,1.062118021903138,0.7741724525366295,-1.7808474609993439,0.44960143907769445,-0.3812772018018639,0.045592781487855547,-0.060091883356808096,1.0179463816947247,2.995732273553991,-1.7246919599680883,0.8861588861588862,Low,0,0,0.3841324796354733,0.6008489233454503,0.9744759552621527,-0.9727316677869281,1.0621180219031385,0.7741724525366297,-1.780847460999344,0.44960143907769606,-0.38127720180186453,0.04559278148785549,-0.06009188335680806,1.0179463816947254,-0.019012808716357025,-1.7246919599681287,0.9470914231398609,-1.4114878028927562,-1.6325116659989423
Moravian College,Yes,1232,955,303,23,58,1241,485,14990,4730,550,1250,86.0,92,15.2,28,9566,74,-0.25440589504460465,-0.219322452119008,-0.4330298633553561,-0.05311907203067916,-0.43024014216572104,0.23329315280482474,1.116502677554239,0.12366360034857365,0.0766966911087716,0.8666156952783766,0.8746535950171559,0.33141144399481504,3.367295829986474,0.324216497175727,0.7751623376623377,High,2,1,-0.25440589504460404,-0.21932245211900694,-0.43302986335535737,-0.05311907203067917,-0.4302401421657205,0.233293152804825,1.1165026775542388,0.12366360034857528,0.07669669110877098,0.8666156952783766,0.8746535950171559,0.33141144399481565,0.5879401964775927,0.3242164971756867,0.19206025897226356,1.4151256580548508,0.6125530498969481
Morehouse College,Yes,3708,1678,722,41,66,2852,153,7050,5490,250,600,71.0,74,17.8,10,8122,83,0.7586031155182641,0.35077187920667363,0.4947594539164044,0.9029060992795953,0.422860001934078,-0.47892596256981107,-0.81539007164612,-2.669140356407314,-1.4016057555673218,-0.2253537109704769,-0.5579571392876599,0.9490194931800552,2.3978952727983707,-0.0942856261425818,0.4525350593311758,Low,0,1,0.7586031155182646,0.35077187920667474,0.49475945391640314,0.9029060992795954,0.4228600019340786,-0.47892596256981085,-0.8153900716461203,-2.669140356407312,-1.4016057555673225,-0.22535371097047696,-0.5579571392876599,0.9490194931800557,-0.9955858819980911,-0.0942856261426221,-2.0025453648068874,-1.4114878028927562,0.6125530498969481
Morningside College,Yes,586,533,239,16,36,950,228,10520,3678,500,1000,48.0,68,13.0,32,8111,56,-0.9848886661914771,-0.8330510211553155,-0.7088084289611851,-0.5849046607537626,-0.738844056458232,-0.24179621121322845,0.14730874547157527,-0.22919460362735344,-0.3812772018018639,-1.4971529459749755,-0.9283307329438812,-0.22412911897517096,3.4965075614664802,-0.09790909341634715,0.909556313993174,Medium,1,1,-0.9848886661914765,-0.8330510211553145,-0.7088084289611863,-0.5849046607537627,-0.7388440564582315,-0.2417962112132282,0.14730874547157496,-0.2291946036273518,-0.38127720180186453,-1.4971529459749755,-0.9283307329438812,-0.22412911897517038,0.7990089285165864,-0.09790909341638745,1.1062476078639207,0.001818927581047415,0.6125530498969481
Morris College,Yes,882,730,330,2,13,926,12,4515,2550,850,2100,53.0,60,18.6,34,6990,60,-0.5780621872609615,-0.4989843367402049,-0.33624596009207475,-2.839672107326026,-0.7693537765588417,-1.7906089740186033,-1.7426375422051703,1.791524160627867,1.171185067075423,-1.2621836217050806,-1.3460179845367914,1.1318449172048743,3.5553480614894135,-0.5122181507519811,0.8276643990929705,Low,0,1,-0.5780621872609609,-0.4989843367402039,-0.336245960092076,-2.8396721073260265,-0.7693537765588412,-1.790608974018603,-1.7426375422051705,1.7915241606278685,1.1711850670754222,-1.2621836217050806,-1.3460179845367914,1.131844917204875,0.8951255085680089,-0.5122181507520214,0.5491947203596109,-1.4114878028927562,0.6125530498969481
Mount Holyoke College,Yes,1800,1314,526,47,79,1891,40,19300,5700,750,750,79.0,91,9.0,51,18359,84,0.10337309901163495,0.10617500687093187,0.17056176206817786,1.1501937769220454,0.020979657316502958,-1.211189781762898,1.8838544256866507,1.302364976162053,-0.9606431574714017,0.33126661926272183,0.7816568116943878,-1.3393806834015403,3.9512437185814275,1.6671874383742766,0.73,High,2,1,0.10337309901163555,0.10617500687093297,0.1705617620681766,1.1501937769220456,0.020979657316503506,-1.2111897817628978,1.8838544256866505,1.3023649761620546,-0.9606431574714024,0.3312666192627218,0.7816568116943878,-1.3393806834015396,1.5418252579254095,1.6671874383742362,-0.11514724291492597,1.4151256580548508,0.6125530498969481
Mount Marty College,Yes,279,276,126,17,37,600,435,6844,2980,500,500,45.0,55,11.7,38,5073,44,-1.754926579361327,-1.5560260296854829,-1.5049785784373977,-0.49946894118390567,-1.3136683698393052,0.16260532684295703,-0.8815958708025662,-0.22919460362735344,-1.7565250578392297,-1.6270516236131045,-1.5654940694465738,-0.5696679334896119,3.6635616461296463,-1.5272630165548007,0.989247311827957,Low,0,1,-1.7549265793613262,-1.556026029685482,-1.504978578437399,-0.4994689411839057,-1.3136683698393048,0.16260532684295728,-0.8815958708025665,-0.2291946036273518,-1.7565250578392304,-1.6270516236131045,-1.5654940694465738,-0.5696679334896113,1.0718935453228027,-1.527263016554841,1.6483292102548692,-1.4114878028927562,0.6125530498969481
Mount Mary College,Yes,235,217,121,12,32,931,487,8950,3119,550,1125,51.0,51,10.7,26,7016,78,-1.939010881156301,-1.8285491441647383,-1.5580142916271795,-0.972731667786928,-0.762918678127185,0.23598171116388988,-0.2574130404925574,0.12366360034857365,-0.14048620595181638,-1.3589412011461273,-1.7193887069886764,-0.8457496768946355,3.295836866004329,-0.5014647257943613,0.9234042553191489,Medium,1,1,-1.9390108811563003,-1.8285491441647375,-1.5580142916271809,-0.9727316677869281,-0.7629186781271844,0.23598171116389013,-0.2574130404925577,0.12366360034857528,-0.14048620595181702,-1.3589412011461273,-1.7193887069886764,-0.845749676894635,0.47121122188858366,-0.5014647257944016,1.2004453770945605,0.001818927581047415,0.6125530498969481
Mount Mercy College,Yes,368,317,159,20,49,806,542,10500,3555,500,2285,44.0,50,11.3,30,6695,64,-1.4627613637733374,-1.4011305062357349,-1.2065910270951223,-0.2637884142137961,-0.937852556386227,0.30627321086797704,0.1424118724317926,-0.22919460362735344,1.353317189374605,-1.6685031175609324,-1.7549633934685398,-0.6789541283407586,3.4339872044851463,-0.6387083356340859,0.8614130434782609,Medium,1,1,-1.4627613637733368,-1.401130506235734,-1.2065910270951237,-0.2637884142137962,-0.9378525563862264,0.30627321086797726,0.1424118724317923,-0.2291946036273518,1.3533171893746043,-1.6685031175609324,-1.7549633934685398,-0.6789541283407581,0.696881263144984,-0.6387083356341262,0.7787629240961116,0.001818927581047415,0.6125530498969481
Mount Saint Clare College,Yes,325,284,95,16,33,364,88,9900,3650,500,1200,32.0,37,13.6,43,6525,21,-1.5931551764561336,-1.5239487761268307,-1.8818309731328413,-0.5849046607537626,-2.0081082349258432,-0.7926275114108617,-0.007435867506012867,-0.22919460362735344,-0.007652219861956637,-2.09377507001977,-2.1196483779539492,-0.06921364143108524,3.784189633918261,-0.7155779285019673,0.8738461538461538,Medium,1,1,-1.593155176456133,-1.5239487761268298,-1.8818309731328426,-0.5849046607537627,-2.008108234925843,-0.7926275114108615,-0.007435867506013159,-0.2291946036273518,-0.007652219861957268,-2.09377507001977,-2.1196483779539492,-0.06921364143108466,1.2689406411191924,-0.7155779285020076,0.8633365970836673,0.001818927581047415,0.6125530498969481
Mount Saint Mary's College,Yes,1321,1159,328,15,36,1243,79,12850,6200,550,900,77.0,82,12.8,36,8536,80,-0.18784379648640645,-0.02099533213374005,-0.34309674815841246,-0.6744109272506594,-0.4284345741882338,-0.8518455715140616,0.6803911120003983,0.12366360034857365,-0.5948985251933547,0.18658916323670852,0.01703484187169807,-0.2763826353397781,3.6109179126442243,0.03681229130161449,0.8773656320968963,Medium,1,1,-0.18784379648640584,-0.020995332133738973,-0.34309674815841373,-0.6744109272506595,-0.4284345741882332,-0.8518455715140614,0.6803911120003979,0.12366360034857528,-0.5948985251933554,0.18658916323670846,0.017034841871698108,-0.27638263533977747,0.9858994490492295,0.03681229130157418,0.8872771231352794,0.001818927581047415,0.6125530498969481
Mount Saint Mary College,Yes,1170,695,238,14,48,1170,429,7470,4600,250,1400,74.0,75,15.3,23,6898,88,-0.3038990065097767,-0.5506922294520958,-0.7137726584357241,-0.768473675269448,-0.4967372078913952,0.1536363248892522,-0.6842446310366418,-2.669140356407314,0.3122051961280074,-0.023524770795469573,-0.4912534379026085,0.35589122750062535,3.1780538303479458,-0.550769536746762,0.594017094017094,Medium,1,1,-0.3038990065097761,-0.5506922294520948,-0.7137726584357253,-0.7684736752694481,-0.49673720789139464,0.15363632488925244,-0.6842446310366421,-2.669140356407312,0.3122051961280068,-0.023524770795469628,-0.49125343790260845,0.35589122750062596,0.2788113855351543,-0.5507695367468023,-1.04014295856422,0.001818927581047415,0.6125530498969481
Mount St. Mary's College,Yes,657,537,113,37,90,1039,466,12474,5678,630,1278,53.0,71,11.9,19,10613,72,-0.8698747126236699,-0.8250251559955902,-1.648360233005829,0.7226458157909567,-0.6334019862108409,0.2072411880542442,0.5989305859128776,0.6339700079371658,0.12257708755112048,-1.2621836217050806,-0.7494672137091747,-0.5155706927336406,2.995732273553991,0.5712125094579696,0.817351598173516,Medium,1,1,-0.8698747126236693,-0.8250251559955892,-1.6483602330058302,0.7226458157909568,-0.6334019862108403,0.20724118805424446,0.5989305859128773,0.6339700079371675,0.12257708755111986,-1.2621836217050806,-0.7494672137091747,-0.5155706927336401,-0.019012808716357025,0.5712125094579293,0.4790440157700305,0.001818927581047415,0.6125530498969481
Mount Union College,Yes,1310,1086,458,26,61,1365,144,12250,3530,400,1150,85.0,87,16.7,35,7215,81,-0.19580567781889344,-0.0873435875664249,0.023839847497081405,0.1379929544107909,-0.3245419831399542,-0.5141529033467143,0.5496316382343792,-1.0385747644412713,-0.09532026042061388,0.7873781516832565,0.4259346495311623,0.6923240937679691,3.58351893845611,-0.4211479982872879,0.8290076335877863,Medium,1,1,-0.19580567781889283,-0.08734358756642382,0.023839847497080142,0.13799295441079093,-0.32454198313995364,-0.514152903346714,0.5496316382343789,-1.0385747644412697,-0.0953202604206145,0.7873781516832565,0.42593464953116233,0.6923240937679697,0.9411429344911897,-0.4211479982873282,0.5583317964048392,0.001818927581047415,0.6125530498969481
Mount Vernon Nazarene College,Yes,510,485,334,18,36,1114,94,7400,3346,600,600,57.0,57,19.8,7,6869,58,-1.1258803468589633,-0.9347132659851795,-0.3226869377964278,-0.4176946998854468,-0.5527550530507132,-0.7561123349498996,-0.7057596657603669,0.44960143907769445,-1.4016057555673218,-1.057594035693021,-1.481398373568703,1.4004471709358843,2.0794415416798357,-0.5630864110405575,0.9509803921568627,Medium,1,1,-1.1258803468589627,-0.9347132659851785,-0.3226869377964291,-0.41769469988544683,-0.5527550530507126,-0.7561123349498994,-0.7057596657603672,0.44960143907769606,-1.4016057555673225,-1.057594035693021,-1.481398373568703,1.400447170935885,-1.515783424979524,-0.5630864110405978,1.3880263693131738,0.001818927581047415,0.6125530498969481
Muhlenberg College,Yes,2519,1836,462,30,61,1656,352,16975,4565,600,850,76.0,86,12.8,39,10888,83,0.4123590373836647,0.43974817010699846,0.03314829915986404,0.36877700770497285,-0.11671956519865997,0.02721611181237335,1.4857875891230328,0.44960143907769445,-0.7100928488284425,0.11563079124223473,0.3410143789166372,-0.2763826353397781,3.6888794541139363,0.6299413831866391,0.7288606589916634,High,2,1,0.4123590373836653,0.43974817010699957,0.033148299159862775,0.3687770077049729,-0.11671956519865942,0.02721611181237359,1.4857875891230325,0.44960143907769606,-0.7100928488284431,0.11563079124223467,0.3410143789166373,-0.27638263533977747,1.113250452842285,0.6299413831865988,-0.12289737550517488,1.4151256580548508,0.6125530498969481
Murray State University,No,2225,1910,1190,29,55,5968,955,4738,3110,700,940,72.0,76,20.2,27,5972,52,0.2991364833453459,0.47864381138903817,0.9752538183779567,0.3133361961439687,1.0601225176168765,0.6910194270697844,-1.6490231242923845,1.0360807079976635,-0.5069333484712395,-0.15899811554781332,-0.4230962065588109,1.4885635747884411,3.332204510175204,-0.9886096335545125,0.8584269662921349,Low,0,0,0.29913648334534654,0.4786438113890393,0.9752538183779554,0.31333619614396874,1.060122517616877,0.6910194270697846,-1.6490231242923847,1.036080707997665,-0.5069333484712402,-0.15899811554781337,-0.42309620655881086,1.4885635747884418,0.5306181538634841,-0.9886096335545528,0.7584507489458626,-1.4114878028927562,-1.6325116659989423
Muskingum College,Yes,1109,922,375,24,46,1115,70,13240,3914,600,800,73.0,85,13.4,27,9333,73,-0.3554195960124613,-0.25563281229782325,-0.1936540537124959,0.012544204192919125,-0.5517248463097829,-0.9174876980877469,0.7632467647761073,0.44960143907769445,-0.831740799103585,-0.09172176908837011,0.25767565625110594,-0.12055104982347017,3.332204510175204,0.26350460425086797,0.8313796212804329,High,2,1,-0.3554195960124607,-0.25563281229782225,-0.19365405371249714,0.012544204192919118,-0.5517248463097824,-0.9174876980877467,0.763246764776107,0.44960143907769606,-0.8317407991035857,-0.09172176908837017,0.257675656251106,-0.12055104982346959,0.5306181538634841,0.26350460425082767,0.5744667542321615,1.4151256580548508,0.6125530498969481
National-Louis University,Yes,513,347,279,23,48,2508,505,9090,4500,650,500,62.0,65,18.3,2,7905,71,-1.1198984330443544,-1.300801620612584,-0.5278077451432035,-0.05311907203067916,0.30101458253036645,0.2597408629272594,-0.21951294018390313,0.7526774068770612,-1.7565250578392297,-0.7811031790800594,-1.094880026424442,1.0636508731902279,1.0986122886681098,-0.16719745956234294,0.6764132553606238,Medium,1,1,-1.1198984330443538,-1.3008016206125832,-0.5278077451432047,-0.05311907203067917,0.301014582530367,0.2597408629272596,-0.21951294018390344,0.7526774068770629,-1.7565250578392304,-0.7811031790800594,-1.094880026424442,1.0636508731902286,-3.1179783991407715,-0.16719745956238324,-0.4796600384662045,0.001818927581047415,0.6125530498969481
Nazareth College of Rochester,Yes,947,798,266,36,68,1274,471,10850,5150,550,800,77.0,93,13.6,24,8797,61,-0.5085382375766302,-0.4056989336412542,-0.5831604232555239,0.6753287453312369,-0.4008930082861614,0.2141884772793757,0.22723878076167214,0.12366360034857365,-0.831740799103585,0.18658916323670852,0.9692990979140862,-0.06921364143108524,3.2188758248682006,0.11452965754145421,0.8426610348468849,Medium,1,1,-0.5085382375766296,-0.4056989336412532,-0.5831604232555251,0.675328745331237,-0.40089300828616087,0.21418847727937596,0.22723878076167184,0.12366360034857528,-0.8317407991035857,0.18658916323670846,0.9692990979140862,-0.06921364143108466,0.34549454598816776,0.1145296575414139,0.6512062468912446,0.001818927581047415,0.6125530498969481
New Jersey Institute of Technology,No,1879,1216,483,27,62,3311,1646,8832,5376,700,1850,92.0,98,13.5,19,12529,72,0.1432863527713615,0.02777617634095254,0.08053884296811355,0.19803987368047163,0.560088179033114,1.081643693841068,-0.28966104686054833,1.0360807079976635,0.8998829173445196,1.3613470368188663,1.467641878959388,-0.09484535878691201,2.995732273553991,0.9381177434833984,0.6471527408195848,Medium,1,0,0.14328635277136212,0.027776176340953623,0.08053884296811228,0.19803987368047166,0.5600881790331146,1.0816436938410683,-0.2896610468605486,1.036080707997665,0.899882917344519,1.3613470368188663,1.467641878959388,-0.09484535878691143,-0.019012808716357025,0.9381177434833581,-0.678698663155967,0.001818927581047415,-1.6325116659989423
New Mexico Institute of Mining and Tech.,No,787,601,233,40,73,1017,411,5376,3214,600,1100,99.0,100,13.7,11,9241,34,-0.6902417843019256,-0.704658133297705,-0.7389599951340856,0.8591123720558881,-0.658413398648475,0.12603424105220834,-1.396243482107757,0.44960143907769445,-0.18659120676503163,1.9803465843944406,1.6789026453905742,-0.043655143285563025,2.4849066497880004,0.23888457237644356,0.7636594663278272,Low,0,0,-0.6902417843019251,-0.704658133297704,-0.7389599951340868,0.8591123720558882,-0.6584133986484745,0.1260342410522086,-1.3962434821077572,0.44960143907769606,-0.18659120676503227,1.9803465843944406,1.6789026453905742,-0.04365514328556244,-0.8534518760234878,0.23888457237640326,0.11381434544968615,-1.4114878028927562,-1.6325116659989423
New York University,Yes,13594,7244,2505,70,86,12408,2814,17748,7262,450,1000,87.0,98,7.8,16,21227,71,1.8531923324207482,1.7304646339978464,1.6260515946453886,1.9228546444162875,1.5978864097108838,1.487533450801441,1.621901635050351,-0.6142542982610626,-0.3812772018018639,0.9467727128282987,1.467641878959388,-1.7100169908089125,2.833213344056216,1.906902132288849,0.5328821538914227,High,2,1,1.8531923324207489,1.7304646339978478,1.6260515946453873,1.9228546444162877,1.5978864097108842,1.4875334508014413,1.6219016350503508,-0.6142542982610609,-0.38127720180186453,0.9467727128282987,1.467641878959388,-1.7100169908089118,-0.28448920152158647,1.9069021322888087,-1.4560007995477826,1.4151256580548508,0.6125530498969481
Newberry College,Yes,872,722,154,14,36,601,36,10194,2600,500,1500,57.0,63,11.4,32,5788,83,-0.5892444638969404,-0.5105660135598494,-1.2469475588600374,-0.768473675269448,-1.3114791435161282,-1.2646921583279365,0.06671342579414018,-0.22919460362735344,0.45655088685874945,-1.057594035693021,-1.199238322126377,-0.6514933665420358,3.4965075614664802,-1.0882727843289697,0.8279816513761468,Medium,1,1,-0.5892444638969399,-0.5105660135598484,-1.2469475588600387,-0.7684736752694481,-1.3114791435161277,-1.2646921583279362,0.06671342579413989,-0.2291946036273518,0.45655088685874884,-1.057594035693021,-1.199238322126377,-0.6514933665420353,0.7990089285165864,-1.08827278432901,0.5513527636856955,0.001818927581047415,0.6125530498969481
Niagara University,Yes,2220,1796,467,65,99,1919,334,10320,4762,450,650,68.0,100,14.2,20,7788,65,0.2970745868425797,0.41801933703118976,0.044653990490006075,1.7730824130587477,0.03598708911959886,-0.005914869171841798,0.0980617514579351,-0.6142542982610626,-1.2442682362821473,-0.4188949777661247,1.6789026453905742,0.0830645638304953,3.044522437723423,-0.20780387195287592,0.809009009009009,Medium,1,1,0.2970745868425803,0.4180193370311909,0.04465399049000481,1.773082413058748,0.03598708911959941,-0.005914869171841561,0.0980617514579348,-0.6142542982610609,-1.244268236282148,-0.4188949777661248,1.6789026453905742,0.08306456383049589,0.060686441260878146,-0.20780387195291622,0.42229527092734204,0.001818927581047415,0.6125530498969481
North Adams State College,No,1563,1005,240,1,19,1380,136,5542,4330,500,1000,65.0,71,14.2,17,6562,57,-0.028697539858578695,-0.16678732253452072,-0.70386809948523,-3.361268809322709,-0.312552781871274,-0.5471730267600206,-1.333739193520609,-0.22919460362735344,-0.3812772018018639,-0.6041457749675595,-0.7494672137091747,0.0830645638304953,2.8903717578961645,-0.6985862721727818,0.6429942418426103,Low,0,0,-0.02869753985857809,-0.16678732253451967,-0.7038680994852312,-3.3612688093227097,-0.31255278187127344,-0.5471730267600203,-1.3337391935206093,-0.2291946036273518,-0.38127720180186453,-0.6041457749675595,-0.7494672137091747,0.08306456383049589,-0.1911203270674524,-0.6985862721728221,-0.7069859961073378,-1.4114878028927562,-1.6325116659989423
North Carolina A. & T. State University,No,4809,3089,1429,12,33,6162,871,6806,1780,600,1651,72.0,72,16.7,9,7090,44,0.9860229682318564,0.943448554237716,1.1422315903373355,-0.972731667786928,1.0854704640690527,0.6270083601755231,-0.8939510962294311,0.44960143907769445,0.6584548487670904,-0.15899811554781332,-0.6870519494859656,0.6923240937679691,2.302585092994046,-0.4711923484974091,0.6423372842586816,Low,0,0,0.986022968231857,0.9434485542377172,1.1422315903373341,-0.9727316677869281,1.0854704640690531,0.6270083601755233,-0.8939510962294315,0.44960143907769606,0.6584548487670897,-0.15899811554781337,-0.6870519494859656,0.6923240937679697,-1.1512760702749985,-0.4711923484974494,-0.711454814787928,-1.4114878028927562,-1.6325116659989423
North Carolina State University at Raleigh,No,10634,7064,3176,39,78,16505,5481,8400,6540,600,1300,92.0,98,17.5,21,9670,62,1.6541376960742733,1.7078890940909786,1.8184138345458303,0.8144962912549336,1.7852572252903813,2.02307212187992,-0.4101964618018934,0.44960143907769445,0.15797762169666751,1.3613470368188663,1.467641878959388,0.8796391417393972,3.091042453358316,0.3505845073372769,0.6642843708858379,Medium,1,0,1.654137696074274,1.7078890940909799,1.818413834545829,0.8144962912549337,1.7852572252903818,2.0230721218799204,-0.4101964618018937,0.44960143907769606,0.15797762169666688,1.3613470368188663,1.467641878959388,0.8796391417393977,0.13667737956055104,0.3505845073372366,-0.5621642774636598,0.001818927581047415,-1.6325116659989423
North Carolina Wesleyan College,Yes,812,689,195,7,24,646,84,8242,4230,600,1295,77.0,77,12.7,11,10090,52,-0.6593666169243517,-0.559835511988431,-0.953423763628853,-1.626781013821947,-1.2173203479373085,-0.818238842087875,-0.4552973717633608,0.44960143907769445,0.14998102334749946,0.18658916323670852,-0.35347352257287784,-0.3026284436876273,2.4849066497880004,0.45277504800637824,0.8485221674876847,Medium,1,1,-0.6593666169243512,-0.55983551198843,-0.9534237636288542,-1.6267810138219472,-1.217320347937308,-0.8182388420878748,-0.4552973717633611,0.44960143907769606,0.14998102334749883,0.18658916323670846,-0.3534735225728778,-0.3026284436876267,-0.8534518760234878,0.45277504800633794,0.6910753947257052,0.001818927581047415,0.6125530498969481
North Central College,Yes,1127,884,308,30,64,1310,766,11718,7398,450,1800,73.0,87,16.4,33,8871,76,-0.33990669332484136,-0.29920671217251155,-0.4143740774807145,0.36877700770497285,-0.36991663740425107,0.5386644382875547,0.4301245042866015,-0.6142542982610626,0.8415717373866589,-0.09172176908837011,0.4259346495311623,0.621184811174139,3.5263605246161616,0.13592047314028677,0.7843833185448092,Medium,1,1,-0.33990669332484075,-0.29920671217251055,-0.41437407748071575,0.3687770077049729,-0.3699166374042505,0.538664438287555,0.4301245042866012,-0.6142542982610609,0.8415717373866582,-0.09172176908837017,0.42593464953116233,0.6211848111741396,0.8477740600370556,0.13592047314024647,0.25478408259346536,0.001818927581047415,0.6125530498969481
North Dakota State University,No,2968,2297,1610,13,47,7368,1128,5834,2744,600,2000,79.0,83,17.0,24,6310,42,0.5604420603138844,0.6588570811915525,1.248540472861032,-0.867676873013996,1.22388340114082,0.8082604696171831,-1.2267120141059193,0.44960143907769445,1.0664517666868942,0.33126661926272183,0.09569733284866454,0.7629678942848166,3.2188758248682006,-0.8173371527370108,0.773921832884097,Low,0,0,0.560442060313885,0.6588570811915537,1.2485404728610308,-0.8676768730139961,1.2238834011408204,0.8082604696171833,-1.2267120141059196,0.44960143907769606,1.0664517666868936,0.3312666192627218,0.09569733284866458,0.7629678942848171,0.34549454598816776,-0.8173371527370511,0.18362198066940585,-1.4114878028927562,-1.6325116659989423
North Park College,Yes,465,361,176,19,39,879,156,12580,4345,400,970,76.0,79,13.1,24,10889,74,-1.2204306503346214,-1.2571122558723753,-1.0795968539072518,-0.33923404372499033,-0.8319934696566977,-0.4675980676605615,0.6220569582239497,-1.0385747644412713,-0.44320555168159087,0.11563079124223473,-0.20978440474634713,-0.1981197138629203,3.2188758248682006,0.6301507601355211,0.7763440860215054,Medium,1,1,-1.2204306503346207,-1.2571122558723744,-1.0795968539072531,-0.3392340437249904,-0.8319934696566972,-0.4675980676605613,0.6220569582239494,-1.0385747644412697,-0.4432055516815915,0.11563079124223467,-0.2097844047463471,-0.1981197138629197,0.34549454598816776,0.6301507601354808,0.20009885883380166,0.001818927581047415,0.6125530498969481
Northeast Missouri State University,No,6040,4577,1620,36,72,5640,266,4856,3416,400,1100,69.0,72,15.7,13,6601,76,1.1818724668938685,1.3122847393220163,1.2540071153144128,0.6753287453312369,1.01489455626989,-0.14762845649391362,-1.6006548393595166,-1.0385747644412713,-0.18659120676503163,-0.3553022448597683,-0.6870519494859656,0.4531942340637835,2.6390573296152584,-0.6808353813309562,0.7577814569536424,Low,0,0,1.1818724668938692,1.3122847393220176,1.2540071153144114,0.675328745331237,1.0148945562698903,-0.14762845649391337,-1.6006548393595168,-1.0385747644412697,-0.18659120676503227,-0.35530224485976836,-0.6870519494859656,0.4531942340637841,-0.601645107695158,-0.6808353813309965,0.07383039711171765,-1.4114878028927562,-1.6325116659989423
Northeastern University,Yes,11901,8492,2517,16,42,11160,10221,13380,7425,600,1750,73.0,82,12.9,17,9563,46,1.7458225566784142,1.8721718110754157,1.6299945273267813,-0.5849046607537626,1.5252359346605335,2.5565749719739888,0.7925984055207709,0.44960143907769445,0.7817410839239779,-0.09172176908837011,0.01703484187169807,-0.250216479237428,2.8903717578961645,0.32344932414554345,0.7135534829005966,High,2,1,1.745822556678415,1.872171811075417,1.62999452732678,-0.5849046607537627,1.525235934660534,2.556574971973989,0.7925984055207705,0.44960143907769606,0.7817410839239772,-0.09172176908837017,0.017034841871698108,-0.2502164792374274,-0.1911203270674524,0.32344932414550315,-0.2270212887322241,1.4151256580548508,0.6125530498969481
Northern Arizona University,No,5891,4931,1973,23,48,11249,2682,6746,3728,620,2342,78.0,83,21.7,7,6157,41,1.160566545852691,1.3810440707199747,1.4253575518626802,-0.05311907203067916,1.5307384634333823,1.4502857346707392,-0.9135519513977952,0.5733801243165285,1.4066848532197307,0.25846780349494175,0.09569733284866454,1.813122382800205,2.0794415416798357,-0.8930685147799061,0.8370395518587677,Low,0,0,1.1605665458526917,1.381044070719976,1.4253575518626789,-0.05311907203067917,1.5307384634333827,1.4502857346707394,-0.9135519513977955,0.5733801243165302,1.40668485321973,0.2584678034949417,0.09569733284866458,1.8131223828002057,-1.515783424979524,-0.8930685147799464,0.6129672664692677,-1.4114878028927562,-1.6325116659989423
Northern Illinois University,No,10706,7219,2397,12,37,14826,1979,7799,3296,470,1750,73.0,78,17.3,11,6086,56,1.6596550505598722,1.7273652337053007,1.589554102739831,-0.972731667786928,1.7161752868027165,1.2186775488287007,-0.5848598009901799,-0.4559627308877755,0.7817410839239779,-0.09172176908837011,-0.28237352323745246,0.8331283179455142,2.4849066497880004,-0.9292056824217569,0.6742947879693629,Medium,1,0,1.6596550505598728,1.727365233705302,1.5895541027398297,-0.9727316677869281,1.716175286802717,1.218677548828701,-0.5848598009901802,-0.4559627308877739,0.7817410839239772,-0.09172176908837017,-0.2823735232374524,0.8331283179455148,-0.8534518760234878,-0.9292056824217972,-0.49407047664955506,0.001818927581047415,-1.6325116659989423
Northwest Missouri State University,No,2729,2535,1257,8,29,4787,472,3735,3136,250,1630,62.0,65,21.7,23,5284,54,0.48487000768861377,0.7542171399110092,1.0257194132825462,-1.473054451276509,0.8804819321715972,0.21556995474047796,-2.096250590745348,-2.669140356407314,0.6314252882116098,-0.7811031790800594,-1.094880026424442,1.813122382800205,3.1780538303479458,-1.3882216068549977,0.9289116892634665,Low,0,0,0.4848700076886144,0.7542171399110105,1.025719413282545,-1.4730544512765091,0.8804819321715978,0.21556995474047821,-2.0962505907453486,-2.669140356407312,0.6314252882116091,-0.7811031790800594,-1.094880026424442,1.8131223828002057,0.2788113855351543,-1.3882216068550381,1.2379085623816553,-1.4114878028927562,-1.6325116659989423
Northwest Nazarene College,Yes,616,514,385,29,52,1115,60,9840,2820,450,822,59.0,59,14.8,20,6261,58,-0.934560110357687,-0.8720744828559028,-0.1646439174336218,0.3133361961439687,-0.5517248463097829,-1.000017635415509,-0.02274554130217709,-0.6142542982610626,-0.7773725993882712,-0.9497641272340495,-1.392393977623881,0.23285911133526874,3.044522437723423,-0.8412800877601745,0.8344155844155844,Medium,1,1,-0.9345601103576865,-0.8720744828559018,-0.16464391743362305,0.31333619614396874,-0.5517248463097824,-1.0000176354155088,-0.02274554130217738,-0.6142542982610609,-0.7773725993882719,-0.9497641272340495,-1.392393977623881,0.23285911133526932,0.060686441260878146,-0.8412800877602148,0.5951182682778857,0.001818927581047415,0.6125530498969481
Northwestern College,Yes,860,811,366,22,56,1040,52,9900,3075,300,1800,68.0,68,14.9,34,6357,68,-0.6028462066853549,-0.3888350767159994,-0.22053657682010477,-0.12094221917214973,-0.6322804739620878,-1.0755146028246894,-0.007435867506012867,-2.0483080496073764,0.8415717373866589,-0.4188949777661247,-0.9283307329438812,0.25759334859915606,3.5553480614894135,-0.7946393967190323,0.9430232558139535,Medium,1,1,-0.6028462066853544,-0.3888350767159984,-0.22053657682010602,-0.12094221917214976,-0.6322804739620872,-1.0755146028246891,-0.007435867506013159,-2.0483080496073747,0.8415717373866582,-0.4188949777661248,-0.9283307329438812,0.25759334859915667,0.8951255085680089,-0.7946393967190726,1.333899587914977,0.001818927581047415,0.6125530498969481
Northwestern University,Yes,12289,5200,1902,85,98,7450,45,16404,5520,759,1585,96.0,100,6.8,25,26385,92,1.7718161746322707,1.4298532960161197,1.3938918616479632,2.3289850936935363,1.232277037423518,-1.1507160945452137,1.3826050488587693,1.348644739234655,0.5724019853709625,1.7095488044453089,1.6789026453905742,-2.036203154870672,3.258096538021482,2.2325855168767723,0.4231426478964928,High,2,1,1.7718161746322714,1.429853296016121,1.3938918616479619,2.328985093693537,1.2322770374235184,-1.1507160945452135,1.3826050488587691,1.3486447392346566,0.5724019853709619,1.7095488044453089,1.6789026453905742,-2.0362031548706714,0.4095619963667674,2.232585516876732,-2.202481190954777,1.4151256580548508,0.6125530498969481
Norwich University,Yes,1743,1625,626,8,29,1862,382,14134,5270,500,800,71.0,74,13.1,22,9209,63,0.07338966804017792,0.31890323650928254,0.3506662289640162,-1.473054451276509,0.005147973043358322,0.07918403546691419,0.9473048279223203,-0.22919460362735344,-0.831740799103585,-0.2253537109704769,-0.5579571392876599,-0.1981197138629203,3.1354942159291497,0.23023227463147655,0.9323006310958118,High,2,1,0.07338966804017852,0.31890323650928365,0.35066622896401495,-1.4730544512765091,0.005147973043358871,0.07918403546691442,0.94730482792232,-0.2291946036273518,-0.8317407991035857,-0.22535371097047696,-0.5579571392876599,-0.1981197138629197,0.20928980457225407,0.23023227463143625,1.2609611413278519,1.4151256580548508,0.6125530498969481
Notre Dame College,Yes,379,324,107,15,37,500,311,9990,4900,400,600,44.0,47,12.1,26,4948,33,-1.4320261129623757,-1.3768384831447789,-1.7211042636819223,-0.6744109272506594,-1.5582463889076321,-0.05067400576780651,0.015414767758354089,-1.0385747644412713,-1.4016057555673218,-1.6685031175609324,-1.854952083311673,-0.4618260387652622,3.295836866004329,-1.613917093602642,0.8548812664907651,Medium,1,1,-1.432026112962375,-1.376838483144778,-1.7211042636819236,-0.6744109272506595,-1.5582463889076317,-0.05067400576780627,0.015414767758353796,-1.0385747644412697,-1.4016057555673225,-1.6685031175609324,-1.854952083311673,-0.46182603876526157,0.47121122188858366,-1.6139170936026823,0.7343318561957851,0.001818927581047415,0.6125530498969481
Oakland University,No,3041,2581,1173,16,56,6441,3982,9114,4030,400,650,88.0,90,19.7,13,6637,53,0.5822284608944138,0.7715413028371239,0.9619265316638673,-0.5849046607537626,1.1202673821558273,1.7620138884653844,-0.2130543614146971,-1.0385747644412713,-1.2442682362821473,1.0278491213014884,0.6902976719925955,1.3783101875984967,2.6390573296152584,-0.6645929172857231,0.8487339690891155,Medium,1,0,0.5822284608944144,0.7715413028371251,0.9619265316638661,-0.5849046607537627,1.1202673821558278,1.7620138884653846,-0.2130543614146974,-1.0385747644412697,-1.244268236282148,1.0278491213014884,0.6902976719925955,1.3783101875984973,-0.601645107695158,-0.6645929172857634,0.6925161315041627,0.001818927581047415,-1.6325116659989423
Oberlin College,Yes,4778,2767,678,50,89,2587,120,19670,5820,575,1119,77.0,96,10.1,47,16593,83,0.9804181849709411,0.8383749509058088,0.43164503537072224,1.265104344999401,0.3307284197318863,-0.6188310905150496,1.9442453259620027,0.28972012752516596,-0.15146424330855543,0.18658916323670852,1.2632379969775114,-1.0162263078285314,3.871201010907891,1.488648750592255,0.5791125994139807,High,2,1,0.9804181849709417,0.83837495090581,0.43164503537072096,1.2651043449994013,0.3307284197318869,-0.6188310905150494,1.9442453259620025,0.28972012752516757,-0.15146424330855607,0.18658916323670846,1.2632379969775114,-1.0162263078285307,1.4110746470937963,1.4886487505922146,-1.1415277138917084,1.4151256580548508,0.6125530498969481
Occidental College,Yes,2324,1319,370,52,81,1686,35,16560,5140,558,1152,91.0,93,10.5,30,16196,79,0.3389685687368415,0.11000576441484455,-0.20849570810955184,1.338890288558631,-0.09785464923877889,-1.2789032854925582,1.4110262795548678,0.17750483412362061,-0.09174636889231523,1.2765938761615636,0.9692990979140862,-0.9021518863751771,3.4339872044851463,1.444426685734165,0.5675559380378657,High,2,1,0.3389685687368421,0.11000576441484565,-0.2084957081095531,1.3388902885586311,-0.09785464923877833,-1.278903285492558,1.4110262795548676,0.17750483412362225,-0.09174636889231585,1.2765938761615636,0.9692990979140862,-0.9021518863751765,0.696881263144984,1.4444266857341246,-1.2201395230955787,1.4151256580548508,0.6125530498969481
Oglethorpe University,Yes,792,649,186,56,87,769,377,12900,4340,600,4110,91.0,95,13.1,27,8568,67,-0.683983350223143,-0.623054329810861,-1.0113347036172096,1.4803479884652575,-0.9960743700299988,0.07078414185244891,0.6911051395485793,0.44960143907769445,2.6517364723655192,1.2765938761615636,1.1635803366973685,-0.1981197138629203,3.332204510175204,0.04653691630324647,0.8194444444444444,Medium,1,1,-0.6839833502231425,-0.62305432981086,-1.011334703617211,1.4803479884652577,-0.9960743700299982,0.07078414185244915,0.691105139548579,0.44960143907769606,2.651736472365519,1.2765938761615636,1.1635803366973685,-0.1981197138629197,0.5306181538634841,0.04653691630320616,0.4932801715583525,0.001818927581047415,0.6125530498969481
Ohio Northern University,Yes,2936,2342,669,35,62,2502,66,15990,4080,600,825,73.0,78,14.5,31,9979,83,0.5507099612573031,0.6776742897967496,0.41815289973165265,0.6270233788095004,0.29871132648458903,-0.9491384422820587,1.3063082494435967,0.44960143907769445,-0.7700634020847932,-0.09172176908837011,-0.28237352323745246,0.15826329539749684,3.4657359027997265,0.42641347989232575,0.797683923705722,High,2,1,0.5507099612573036,0.6776742897967508,0.4181528997316514,0.6270233788095005,0.2987113264845896,-0.9491384422820585,1.3063082494435965,0.44960143907769606,-0.7700634020847938,-0.09172176908837017,-0.2823735232374524,0.15826329539749742,0.7487430981377603,0.42641347989228545,0.34525871027154875,1.4151256580548508,0.6125530498969481
Ohio University,No,11023,8298,3183,21,54,14861,1310,7629,4095,550,2300,79.0,87,20.4,13,8811,64,1.6834822982041728,1.8516655458228621,1.8201656779331732,-0.19109950858549485,1.7177111480100538,0.9152518309651755,-0.6358621845925833,0.12366360034857365,1.3674797929882332,0.33126661926272183,0.4259346495311623,1.532367013874801,2.6390573296152584,0.11859781231464174,0.7527896217000817,Medium,1,0,1.6834822982041735,1.8516655458228635,1.8201656779331719,-0.19109950858549488,1.7177111480100542,0.9152518309651757,-0.6358621845925836,0.12366360034857528,1.3674797929882325,0.3312666192627218,0.42593464953116233,1.5323670138748016,-0.601645107695158,0.11859781231460144,0.03987446574376157,0.001818927581047415,-1.6325116659989423
Ohio Wesleyan University,Yes,2190,1700,458,36,65,1780,48,16732,5650,550,550,93.0,93,12.1,32,12011,75,0.28459763918774733,0.3636855712102511,0.023839847497081405,0.6753287453312369,-0.04129540548053327,-1.1172801877673055,1.44215936800973,0.12366360034857365,-1.5715860926720169,1.4470191871641125,0.9692990979140862,-0.4618260387652622,3.4965075614664802,0.8478830787309939,0.776255707762557,High,2,1,0.28459763918774794,0.3636855712102522,0.023839847497080142,0.675328745331237,-0.041295405480532725,-1.1172801877673053,1.4421593680097298,0.12366360034857528,-1.5715860926720175,1.4470191871641125,0.9692990979140862,-0.46182603876526157,0.7990089285165864,0.8478830787309536,0.19949768392661107,1.4151256580548508,0.6125530498969481
Oklahoma Baptist University,Yes,758,681,484,35,59,1707,705,5390,3140,515,1290,63.0,71,15.1,18,5511,50,-0.7274030357673339,-0.5721598685204015,0.08273597263125328,0.6270233788095004,-0.08489100248516804,0.4821880388185781,-1.3909234819232947,-0.12022466889553905,0.14195578666431385,-0.7230390518843525,-0.7494672137091747,0.30686892312721825,2.9444389791664403,-1.247891630069355,0.8984168865435356,Low,0,1,-0.7274030357673333,-0.5721598685204005,0.08273597263125201,0.6270233788095005,-0.08489100248516748,0.4821880388185783,-1.390923481923295,-0.12022466889553743,0.14195578666431322,-0.7230390518843525,-0.7494672137091747,0.30686892312721886,-0.10280094841912382,-1.2478916300693954,1.0304739465259507,-1.4114878028927562,0.6125530498969481
Oklahoma Christian University,Yes,776,765,351,22,44,1419,228,6400,3150,500,1900,58.0,64,16.2,8,6578,45,-0.7041618001642567,-0.44986175292915004,-0.26708059183727545,-0.12094221917214973,-0.28211010117223767,-0.24179621121322845,-1.0288789635676352,-0.22919460362735344,0.9567527520563348,-1.0041402352396067,-1.1477182127095475,0.5734771377015533,2.1972245773362196,-0.6912842205744242,0.9858247422680413,Low,0,1,-0.7041618001642561,-0.44986175292914904,-0.2670805918372767,-0.12094221917214976,-0.2821101011722371,-0.2417962112132282,-1.0288789635676354,-0.2291946036273518,0.9567527520563341,-1.0041402352396067,-1.1477182127095475,0.5734771377015538,-1.3233835886260938,-0.6912842205744645,1.6250478856166704,-1.4114878028927562,0.6125530498969481
Oklahoma State University,No,4522,3913,2181,29,57,12830,1658,5336,3344,800,3100,84.0,92,15.3,14,6433,48,0.9325862788248893,1.166457170406119,1.5105116828437248,0.3133361961439687,1.6204599530494335,1.0869992575548484,-1.4114938112785376,1.5536080293455437,2.0209274843817377,0.7090601660532498,0.8746535950171559,0.35589122750062535,2.70805020110221,-0.758479108806698,0.8653250773993808,Low,0,0,0.9325862788248899,1.1664571704061204,1.5105116828437235,0.31333619614396874,1.620459953049434,1.0869992575548486,-1.4114938112785378,1.5536080293455452,2.0209274843817373,0.7090601660532498,0.8746535950171559,0.35589122750062596,-0.488944521318963,-0.7584791088067383,0.8053737292583836,-1.4114878028927562,-1.6325116659989423
Otterbein College,Yes,1496,1205,428,26,57,1648,936,12888,4440,420,840,62.0,68,13.9,30,8802,87,-0.06995955266305678,0.01855709477792482,-0.04910670659024408,0.1379929544107909,-0.12182065199204373,0.6769980867983897,0.6885362644273548,-0.8635857370929471,-0.7338825410813482,-0.7811031790800594,-0.9283307329438812,0.007245147886748601,3.4339872044851463,0.11598371557454983,0.80548128342246,Medium,1,1,-0.06995955266305619,0.018557094777925904,-0.049106706590245346,0.13799295441079093,-0.12182065199204317,0.6769980867983899,0.6885362644273545,-0.8635857370929454,-0.7338825410813489,-0.7811031790800594,-0.9283307329438812,0.007245147886749187,0.696881263144984,0.11598371557450952,0.3982986440722399,0.001818927581047415,0.6125530498969481
Ouachita Baptist University,Yes,910,773,450,31,73,1310,61,6530,2800,500,1500,63.0,67,13.3,10,6413,65,-0.5474611200147484,-0.43897112901649094,0.0049384111501467425,0.4228593760746721,-0.36991663740425107,-0.9912281496306629,-0.9850785240587809,-0.22919460362735344,0.45655088685874945,-0.7230390518843525,-0.9851988400469104,-0.14633148248231995,2.3978952727983707,-0.7679308655684326,0.8494505494505494,Low,0,1,-0.5474611200147479,-0.43897112901648994,0.0049384111501454804,0.42285937607467217,-0.3699166374042505,-0.9912281496306626,-0.9850785240587813,-0.2291946036273518,0.45655088685874884,-0.7230390518843525,-0.9851988400469104,-0.14633148248231936,-0.9955858819980911,-0.7679308655684729,0.6973905218509036,-1.4114878028927562,0.6125530498969481
Our Lady of the Lake University,Yes,2308,1336,295,22,46,1202,942,8530,3644,616,1576,56.0,64,14.9,25,7114,37,0.33265580572465553,0.12291516156810543,-0.46363023437733797,-0.12094221917214973,-0.4661744142257779,0.6814533752195652,-0.3735042485964829,0.5489055340783275,0.5604113932980814,-1.1101254032815964,-1.1477182127095475,0.25759334859915606,3.258096538021482,-0.46147871894795844,0.5788561525129983,Medium,1,1,0.33265580572465614,0.12291516156810653,-0.46363023437733925,-0.12094221917214976,-0.4661744142257773,0.6814533752195654,-0.3735042485964832,0.5489055340783292,0.5604113932980808,-1.1101254032815964,-1.1477182127095475,0.25759334859915667,0.4095619963667674,-0.46147871894799875,-1.1432721411267768,0.001818927581047415,0.6125530498969481
Pace University,Yes,8256,3750,1522,37,70,5809,4379,11000,5160,660,1115,90.0,95,13.8,10,10059,62,1.4452112710543799,1.1265972103333675,1.198677597764528,0.7226458157909567,1.0385868662355269,1.8388062589232628,0.26304304288094843,0.8108421981673638,-0.1588132541781993,1.1927597836517578,1.1635803366973685,-0.0181691230182655,2.3978952727983707,0.44545797936702286,0.45421511627906974,Medium,1,1,1.4452112710543805,1.1265972103333688,1.1986775977645268,0.7226458157909568,1.0385868662355273,1.838806258923263,0.26304304288094815,0.8108421981673655,-0.15881325417819994,1.1927597836517578,1.1635803366973685,-0.018169123018264913,-0.9955858819980911,0.44545797936698256,-1.9911171233848068,0.001818927581047415,0.6125530498969481
Pacific Lutheran University,Yes,1603,1392,504,31,68,2580,302,13312,4488,600,1516,78.0,78,11.0,23,9431,83,-0.004958337490482366,0.16423050717643012,0.12561028570683852,0.4228593760746721,0.32814047830372184,-0.06900478214199397,0.7783672242636009,0.44960143907769445,0.478814862371471,0.25846780349494175,-0.28237352323745246,-0.7619093999483375,3.1780538303479458,0.28932188390791724,0.8683718028696195,High,2,1,-0.004958337490481762,0.16423050717643123,0.12561028570683727,0.42285937607467217,0.3281404783037224,-0.06900478214199374,0.7783672242636006,0.44960143907769606,0.47881486237147036,0.2584678034949417,-0.2823735232374524,-0.761909399948337,0.2788113855351543,0.28932188390787694,0.8260984518723025,1.4151256580548508,0.6125530498969481
Pacific Union College,Yes,940,668,385,20,48,1316,139,11925,3825,630,1926,48.0,87,12.3,12,9157,69,-0.5157754807972291,-0.5925208943263431,-0.1646439174336218,-0.2637884142137961,-0.3648548132680999,-0.5345902777664516,0.4770398521241707,0.6339700079371658,0.9857796287849364,-1.4971529459749755,0.4259346495311623,-0.4084259016153437,2.5649493574615367,0.21607293964752916,0.7106382978723405,Medium,1,1,-0.5157754807972286,-0.5925208943263421,-0.16464391743362305,-0.2637884142137962,-0.3648548132680993,-0.5345902777664514,0.47703985212417044,0.6339700079371675,0.9857796287849357,-1.4971529459749755,0.42593464953116233,-0.4084259016153431,-0.7227012651918747,0.21607293964748886,-0.24685123457704145,0.001818927581047415,0.6125530498969481
Pacific University,Yes,943,849,288,41,71,1041,35,14210,3994,450,1100,76.0,76,10.9,22,11216,42,-0.5126667492758132,-0.34115013573944214,-0.49120131580162457,0.9029060992795953,-0.6311602754168676,-1.2789032854925582,0.9625950037563699,-0.6142542982610626,-0.18659120676503163,0.11563079124223473,-0.4230962065588109,-0.7897561601567338,3.1354942159291497,0.697066006440273,0.9003181336161188,High,2,1,-0.5126667492758127,-0.34115013573944114,-0.49120131580162585,0.9029060992795954,-0.631160275416867,-1.278903285492558,0.9625950037563695,-0.6142542982610609,-0.18659120676503227,0.11563079124223467,-0.42309620655881086,-0.7897561601567332,0.20928980457225407,0.6970660064402326,1.043406788222622,1.4151256580548508,0.6125530498969481
Pembroke State University,No,944,774,440,14,34,2174,529,6360,2760,550,1498,77.0,77,15.0,5,6443,48,-0.5116328625522548,-0.4376182802024848,-0.01924088013463567,-0.768473675269448,0.16144840269850644,0.2902595832078523,-1.0424734859036977,0.12366360034857365,0.45375244541360277,0.18658916323670852,-0.35347352257287784,0.2822630870249347,1.791759469228055,-0.7537702079521833,0.8199152542372882,Low,0,0,-0.5116328625522543,-0.4376182802024838,-0.019240880134636932,-0.7684736752694481,0.161448402698507,0.2902595832078525,-1.042473485903698,0.12366360034857528,0.45375244541360216,0.18658916323670846,-0.3534735225728778,0.2822630870249353,-1.9857151375821298,-0.7537702079522236,0.496482758222598,-1.4114878028927562,-1.6325116659989423
Pennsylvania State Univ. Main Campus,No,19315,10344,3450,48,93,28938,2025,10645,4060,512,2394,77.0,96,18.1,19,8992,63,2.1317976993666155,2.0458987263772883,1.8838551573625109,1.1890885687490669,2.1215012615845956,1.2359434360705808,0.17777648132971624,-0.14179539850478484,1.4543323149985459,0.18658916323670852,1.2632379969775114,1.0179463816947247,2.995732273553991,0.17031082718280888,0.5355423246181724,Medium,1,0,2.131797699366616,2.0458987263772896,1.8838551573625095,1.189088568749067,2.121501261584596,1.235943436070581,0.17777648132971594,-0.1417953985047832,1.4543323149985452,0.18658916323670846,1.2632379969775114,1.0179463816947254,-0.019012808716357025,0.17031082718276858,-1.437905535975106,0.001818927581047415,-1.6325116659989423
Pepperdine University,Yes,3821,2037,680,86,96,2488,625,18200,6770,500,700,95.0,98,11.6,13,16185,66,0.7850815367837308,0.5417841529648036,0.4346152405388157,2.3541010837612646,0.293310779140834,0.4010359033805315,1.6996951338517094,-0.22919460362735344,-1.0977621251970406,1.6211201473361683,1.467641878959388,-0.5968513856813783,2.6390573296152584,1.4431776157179905,0.5331065166186862,High,2,1,0.7850815367837314,0.5417841529648049,0.4346152405388144,2.354101083761265,0.29331077914083453,0.40103590338053174,1.6996951338517092,-0.2291946036273518,-1.0977621251970413,1.6211201473361683,1.467641878959388,-0.5968513856813777,-0.601645107695158,1.4431776157179501,-1.454474618297499,1.4151256580548508,0.6125530498969481
Peru State College,No,701,501,458,10,40,959,457,2580,2624,500,900,48.0,100,20.1,24,4870,44,-0.8051063283804659,-0.8996740398309393,0.023839847497081405,-1.2041414384332418,-0.7276442458726138,0.1945650196537428,-2.7232092507461854,-0.22919460362735344,-0.5948985251933547,-1.4971529459749755,1.6789026453905742,1.4665986044009738,3.2188758248682006,-1.669719868488775,0.7146932952924394,Low,0,0,-0.8051063283804654,-0.8996740398309383,0.023839847497080142,-1.204141438433242,-0.7276442458726132,0.19456501965374304,-2.723209250746186,-0.2291946036273518,-0.5948985251933554,-1.4971529459749755,1.6789026453905742,1.4665986044009744,0.34549454598816776,-1.6697198684888155,-0.2192679496527438,-1.4114878028927562,-1.6325116659989423
Pfeiffer College,Yes,838,651,159,11,25,654,162,8640,3700,400,1915,62.0,62,12.2,13,7634,48,-0.6283199062642033,-0.6197955741404289,-1.2065910270951223,-1.0845174670653985,-1.2014181888893445,-0.44551928585790695,-0.34274287756054267,-1.0385747644412713,0.973543576524578,-0.7811031790800594,-1.2494530951634284,-0.43508339754859443,2.6390573296152584,-0.26270867092939665,0.7768496420047732,Medium,1,1,-0.6283199062642028,-0.6197955741404279,-1.2065910270951237,-1.0845174670653988,-1.201418188889344,-0.44551928585790673,-0.34274287756054295,-1.0385747644412697,0.9735435765245773,-0.7811031790800594,-1.2494530951634284,-0.4350833975485938,-0.601645107695158,-0.26270867092943695,0.2035377993032928,0.001818927581047415,0.6125530498969481
Philadelphia Coll. of Textiles and Sci.,Yes,1538,1259,468,19,42,1664,1042,11690,5062,600,1664,48.0,80,12.9,15,8028,68,-0.0438678903910655,0.06297802021240057,0.04693807860461179,-0.33923404372499033,-0.11164842849153982,0.752174465758969,0.4237367718403794,0.44960143907769445,0.675028347717633,-1.4971529459749755,-0.1356944211524122,-0.250216479237428,2.772588722239781,-0.12549626589483595,0.8185955786736021,Medium,1,1,-0.043867890391064895,0.06297802021240166,0.04693807860461053,-0.3392340437249904,-0.11164842849153926,0.7521744657589692,0.4237367718403791,0.44960143907769606,0.6750283477176323,-1.4971529459749755,-0.13569442115241218,-0.2502164792374274,-0.3835201634208818,-0.12549626589487625,0.4875059369550033,0.001818927581047415,0.6125530498969481
Phillips University,Yes,692,576,174,19,50,597,83,10500,3860,600,940,58.0,64,11.6,19,8990,39,-0.8179928307605432,-0.7499673186352173,-1.0937862967632563,-0.33923404372499033,-1.3202628273561654,-0.8248132324389376,0.1424118724317926,0.44960143907769445,-0.5069333484712395,-1.0041402352396067,-1.1477182127095475,-0.5968513856813783,2.995732273553991,0.16974819996112453,0.8323699421965318,Medium,1,1,-0.8179928307605426,-0.7499673186352163,-1.0937862967632577,-0.3392340437249904,-1.320262827356165,-0.8248132324389373,0.1424118724317923,0.44960143907769606,-0.5069333484712402,-1.0041402352396067,-1.1477182127095475,-0.5968513856813777,-0.019012808716357025,0.16974819996108423,0.581203208331948,0.001818927581047415,0.6125530498969481
Piedmont College,Yes,663,562,127,20,40,641,63,5640,3620,600,750,89.0,89,13.2,17,7309,31,-0.8607730933120695,-0.7762683419391353,-1.4946627353887945,-0.2637884142137961,-1.2273816009701404,-0.9740319705249556,-1.2974147564820286,0.44960143907769445,-0.9606431574714017,1.109844838622803,0.6005650532112241,-0.17218743851993448,2.8903717578961645,-0.3843871007626562,0.8476621417797888,Low,0,1,-0.860773093312069,-0.7762683419391343,-1.4946627353887958,-0.2637884142137962,-1.22738160097014,-0.9740319705249554,-1.2974147564820289,0.44960143907769606,-0.9606431574714024,1.109844838622803,0.6005650532112241,-0.1721874385199339,-0.1911203270674524,-0.3843871007626965,0.6852252469486607,-1.4114878028927562,0.6125530498969481
Pikeville College,Yes,404,400,169,28,48,797,100,6000,3000,500,500,48.0,57,13.4,14,5557,61,-1.365592979179022,-1.1443533413753388,-1.1300989309821179,0.25645415555414425,-0.9517104153928455,-0.721640291085043,-1.1674301958517874,-0.22919460362735344,-1.7565250578392297,-1.4971529459749755,-1.481398373568703,-0.12055104982347017,2.70805020110221,-1.2205368832175982,0.9900990099009901,Low,0,1,-1.3655929791790213,-1.144353341375338,-1.1300989309821192,0.2564541555541443,-0.951710415392845,-0.7216402910850428,-1.1674301958517876,-0.2291946036273518,-1.7565250578392304,-1.4971529459749755,-1.481398373568703,-0.12055104982346959,-0.488944521318963,-1.2205368832176386,1.6541227110106291,-1.4114878028927562,0.6125530498969481
Pitzer College,Yes,1133,630,220,37,73,750,30,17688,5900,650,850,100.0,100,10.4,11,14820,73,-0.3347947210987923,-0.6545588138626987,-0.8074776557980349,0.7226458157909567,-1.0273153927462604,-1.3559697713457746,1.6114775799679804,0.7526774068770612,-0.7100928488284425,2.072449535254145,1.6789026453905742,-0.930509623619824,2.4849066497880004,1.2772327683754365,0.556045895851721,High,2,1,-0.3347947210987917,-0.6545588138626977,-0.8074776557980361,0.7226458157909568,-1.02731539274626,-1.3559697713457743,1.6114775799679801,0.7526774068770629,-0.7100928488284431,2.072449535254145,1.6789026453905742,-0.9305096236198235,-0.8534518760234878,1.2772327683753961,-1.2984342148597396,1.4151256580548508,0.6125530498969481
Point Loma Nazarene College,Yes,809,687,428,20,43,1889,217,10178,4190,800,750,71.0,71,16.1,19,7895,54,-0.6630173945723598,-0.5629022028991006,-0.04910670659024408,-0.2637884142137961,0.01989734488485875,-0.27170063894290325,0.0627145062529262,1.5536080293455437,-0.9606431574714017,-0.2253537109704769,-0.7494672137091747,0.5495374102901839,2.995732273553991,-0.17063178502208892,0.8491965389369592,Medium,1,1,-0.6630173945723592,-0.5629022028990996,-0.049106706590245346,-0.2637884142137962,0.019897344884859298,-0.271700638942903,0.0627145062529259,1.5536080293455452,-0.9606431574714024,-0.22535371097047696,-0.7494672137091747,0.5495374102901844,-0.019012808716357025,-0.17063178502212922,0.6956626676393577,0.001818927581047415,0.6125530498969481
Point Park College,Yes,875,744,207,7,38,1173,1402,9700,4830,400,1200,45.0,90,14.5,10,7652,66,-0.5858753958239299,-0.4790392239742091,-0.8808326903592013,-1.626781013821947,-0.4938288954977178,0.9643233998613193,-0.05870817156231771,-1.0385747644412713,-0.007652219861956637,-1.6270516236131045,0.6902976719925955,0.15826329539749684,2.3978952727983707,-0.256203370501499,0.8502857142857143,Medium,1,1,-0.5858753958239293,-0.4790392239742081,-0.8808326903592025,-1.6267810138219472,-0.49382889549771725,0.9643233998613195,-0.058708171562318,-1.0385747644412697,-0.007652219861957268,-1.6270516236131045,0.6902976719925955,0.15826329539749742,-0.9955858819980911,-0.2562033705015393,0.7030715586606741,0.001818927581047415,0.6125530498969481
Polytechnic University,Yes,1132,847,302,58,89,1379,214,16200,4200,436,2486,90.0,90,10.4,14,14329,62,-0.33564469683059606,-0.34360248154220246,-0.4368036329981724,1.548272359906457,-0.31334711031138657,-0.28009340678382877,1.3451696241042976,-0.7287469519120879,1.5363316530663562,1.1927597836517578,0.6902976719925955,-0.930509623619824,2.70805020110221,1.2116499685694821,0.7482332155477032,High,2,1,-0.33564469683059545,-0.34360248154220147,-0.43680363299817365,1.5482723599064572,-0.313347110311386,-0.28009340678382855,1.3451696241042974,-0.7287469519120863,1.5363316530663556,1.1927597836517578,0.6902976719925955,-0.9305096236198235,-0.488944521318963,1.2116499685694417,0.008880451170797382,1.4151256580548508,0.6125530498969481
Prairie View A. and M. University,No,2405,2234,1061,10,22,4564,448,4290,3500,598,1582,75.0,93,19.4,1,5967,35,0.3702274988812812,0.6318400872893457,0.8681541229247397,-1.2041414384332418,0.8404643944816431,0.18166184939151506,-1.8402230679700653,0.4370266767836637,0.5684121414963728,0.045592781487855547,0.9692990979140862,1.3116354267818913,0.6931471805599453,-0.9912550775306529,0.928898128898129,Low,0,0,0.3702274988812818,0.6318400872893469,0.8681541229247385,-1.204141438433242,0.8404643944816437,0.1816618493915153,-1.8402230679700655,0.4370266767836653,0.5684121414963721,0.04559278148785549,0.9692990979140862,1.311635426781892,-3.780309948096807,-0.9912550775306932,1.237816320788867,-1.4114878028927562,-1.6325116659989423
Presbyterian College,Yes,1082,832,302,34,63,1133,30,11859,3635,554,1429,80.0,85,13.4,42,8354,85,-0.37920279380223426,-0.3621947890616811,-0.4368036329981724,0.5776799288914051,-0.5333714638444965,-1.3559697713457746,0.4621398389290514,0.15066888923101077,0.3550234738183746,0.404985518976676,0.25767565625110594,-0.12055104982347017,3.7612001156935624,-0.019585210066804647,0.7689463955637708,Medium,1,1,-0.37920279380223365,-0.3621947890616801,-0.43680363299817365,0.5776799288914052,-0.533371463844496,-1.3559697713457743,0.46213983892905114,0.1506688892310124,0.355023473818374,0.40498551897667595,0.257675656251106,-0.12055104982346959,1.231387019584252,-0.019585210066844952,0.14977759286553063,0.001818927581047415,0.6125530498969481
Princeton University,Yes,13218,2042,1153,90,98,4540,146,19900,5910,675,1575,91.0,96,8.4,54,28320,99,1.8306360473599776,0.5441831674398883,0.9459591983047678,2.4524439222927676,0.8360158508578,-0.5061565996033315,1.981410306111448,0.8966657966142662,0.559075194090509,1.2765938761615636,1.2632379969775114,-1.5221214688076337,4.007333185232471,2.3305301541470484,0.15448630655167198,High,2,1,1.8306360473599783,0.5441831674398895,0.9459591983047666,2.452443922292768,0.8360158508578005,-0.5061565996033313,1.9814103061114479,0.8966657966142678,0.5590751940905083,1.2765938761615636,1.2632379969775114,-1.522121468807633,1.6334479958237178,2.330530154147008,-4.029960629857285,1.4151256580548508,0.6125530498969481
Providence College,Yes,5139,3346,973,20,55,3717,1358,14400,6200,450,1100,66.0,74,18.4,35,8135,96,1.0433904002673353,1.019229849254535,0.786080101594865,-0.2637884142137961,0.6634106276007491,0.9412284493768903,1.0005868453678388,-0.6142542982610626,-0.18659120676503163,-0.5433168502400174,-0.5579571392876599,1.0864302146786262,3.58351893845611,-0.09001309276925232,0.651099435687877,High,2,1,1.043390400267336,1.0192298492545364,0.7860801015948637,-0.2637884142137962,0.6634106276007496,0.9412284493768905,1.0005868453678386,-0.6142542982610609,-0.18659120676503227,-0.5433168502400174,-0.5579571392876599,1.0864302146786269,0.9411429344911897,-0.09001309276929262,-0.6518520840381169,1.4151256580548508,0.6125530498969481
Purdue University at West Lafayette,No,21804,18744,5874,29,60,26213,4065,9556,3990,570,1060,86.0,86,18.2,15,8604,67,2.226298745812437,2.5552800770330193,2.2854148120504365,0.3133361961439687,2.065234685109402,1.7786220096058758,-0.09605583656555074,0.257019020518055,-0.2624172030280087,0.8666156952783766,0.3410143789166372,1.040823052329025,2.772588722239781,0.057410379160673985,0.8596587782058338,Medium,1,0,2.2262987458124375,2.5552800770330206,2.285414812050435,0.31333619614396874,2.0652346851094023,1.778622009605876,-0.09605583656555103,0.2570190205180566,-0.2624172030280093,0.8666156952783766,0.3410143789166373,1.0408230523290256,-0.3835201634208818,0.05741037916063368,0.7668298958277545,0.001818927581047415,-1.6325116659989423
Queens College,Yes,516,392,154,32,62,630,549,11020,4970,610,1900,73.0,75,14.0,36,9315,58,-1.1139539295533878,-1.166496096497294,-1.2469475588600374,0.47565884296982625,-1.2498570790773162,0.3147530959025511,0.2677926601421741,0.5119327663129969,0.9567527520563348,-0.09172176908837011,-0.4912534379026085,0.03258838544133381,3.6109179126442243,0.2587171655003691,0.7596899224806202,Medium,1,1,-1.1139539295533871,-1.166496096497293,-1.2469475588600387,0.4756588429698263,-1.2498570790773158,0.31475309590255135,0.26779266014217384,0.5119327663129986,0.9567527520563341,-0.09172176908837017,-0.49125343790260845,0.03258838544133439,0.9858994490492295,0.2587171655003288,0.08681234085794645,0.001818927581047415,0.6125530498969481
Quincy University,Yes,1025,707,297,22,66,1070,72,10100,4140,450,1080,69.0,71,16.3,32,6880,80,-0.43157344614572807,-0.5326562064282422,-0.45589117864259127,-0.12094221917214973,-0.599233665091418,-0.9022691057091234,0.04316040253595542,-0.6142542982610626,-0.22417915188833787,-0.3553022448597683,-0.7494672137091747,0.5973594417391935,3.4965075614664802,-0.558405067831748,0.6897560975609756,Medium,1,1,-0.43157344614572746,-0.5326562064282412,-0.45589117864259254,-0.12094221917214976,-0.5992336650914174,-0.9022691057091232,0.04316040253595513,-0.6142542982610609,-0.2241791518883385,-0.35530224485976836,-0.7494672137091747,0.5973594417391941,0.7990089285165864,-0.5584050678317883,-0.3888981020250061,0.001818927581047415,0.6125530498969481
Quinnipiac College,Yes,3712,2153,806,17,45,2677,714,12030,6140,1000,500,63.0,73,12.0,33,8847,86,0.7595551039557218,0.5958815755808913,0.6037771096614052,-0.49946894118390567,0.3632603571840616,0.4907911797800222,0.5006331677019721,2.4385556137203848,-1.7565250578392297,-0.7230390518843525,-0.6232192944825511,-0.48865480430561903,3.5263605246161616,0.12901315480587983,0.580010775862069,Medium,1,1,0.7595551039557223,0.5958815755808925,0.603777109661404,-0.4994689411839057,0.36326035718406213,0.4907911797800224,0.5006331677019717,2.4385556137203865,-1.7565250578392304,-0.7230390518843525,-0.6232192944825511,-0.4886548043056184,0.8477740600370556,0.12901315480583952,-1.1354180535607024,0.001818927581047415,0.6125530498969481
Radford University,No,5702,4894,1742,15,37,8077,472,6684,4110,500,900,73.0,83,19.6,9,4519,62,1.1326936085948376,1.3741085076132933,1.3177235712019426,-0.6744109272506594,1.2929472324042721,0.21556995474047796,-0.9339268603208138,-0.22919460362735344,-0.5948985251933547,-0.09172176908837011,0.09569733284866454,1.3561294433902287,2.302585092994046,-1.9389815771081256,0.858295334970186,Low,0,0,1.1326936085948383,1.3741085076132946,1.3177235712019413,-0.6744109272506595,1.2929472324042726,0.21556995474047821,-0.9339268603208142,-0.2291946036273518,-0.5948985251933554,-0.09172176908837017,0.09569733284866458,1.3561294433902293,-1.1512760702749985,-1.938981577108166,0.7575553539845039,-1.4114878028927562,-1.6325116659989423
Ramapo College of New Jersey,No,2088,957,362,6,29,2745,1938,4449,4860,600,1655,74.0,95,17.8,8,7333,47,0.24076178143400673,-0.21716511155336055,-0.23273019513645524,-1.7978331880954055,0.38696832448440305,1.202980792828622,-1.770924973792436,0.44960143907769445,0.663567218360223,-0.023524770795469573,1.1635803366973685,0.9490194931800552,2.1972245773362196,-0.3751179850996949,0.4583333333333333,Low,0,0,0.24076178143400734,-0.2171651115533595,-0.23273019513645649,-1.7978331880954057,0.3869683244844036,1.2029807928286222,-1.7709249737924362,0.44960143907769606,0.6635672183602224,-0.023524770795469628,1.1635803366973685,0.9490194931800557,-1.3233835886260938,-0.3751179850997352,-1.9631037999176166,-1.4114878028927562,-1.6325116659989423
Randolph-Macon College,Yes,1771,1325,306,21,46,1071,27,13840,3735,400,900,77.0,80,10.7,38,11080,74,0.08824773074776611,0.11458223142449972,-0.4217941796662328,-0.19109950858549485,-0.598151614081356,-1.4079726500278762,0.8876420774712049,-1.0385747644412713,-0.5948985251933547,0.18658916323670852,-0.1356944211524122,-0.8457496768946355,3.6635616461296463,0.6696059270201024,0.7481648785996612,High,2,1,0.0882477307477667,0.11458223142450082,-0.42179417966623406,-0.19109950858549488,-0.5981516140813554,-1.407972650027876,0.8876420774712046,-1.0385747644412697,-0.5948985251933554,0.18658916323670846,-0.13569442115241218,-0.845749676894635,1.0718935453228027,0.669605927020062,0.008415603154037641,1.4151256580548508,0.6125530498969481
Randolph-Macon Woman's College,Yes,696,616,169,35,66,653,56,13970,6110,370,920,88.0,97,9.2,24,16358,68,-0.8122434318233116,-0.6784297466018198,-1.1300989309821179,0.6270233788095004,-1.2033929563374506,-1.0365500942946195,0.9141252420783167,-1.3159168026019552,-0.550473254202004,1.0278491213014884,1.3645882269351624,-1.2795288599936459,3.2188758248682006,1.4626718153826486,0.8850574712643678,High,2,1,-0.812243431823311,-0.6784297466018188,-1.1300989309821192,0.6270233788095005,-1.2033929563374501,-1.0365500942946193,0.9141252420783164,-1.3159168026019537,-0.5504732542020047,1.0278491213014884,1.3645882269351624,-1.2795288599936452,0.34549454598816776,1.4626718153826082,0.9395992751289203,1.4151256580548508,0.6125530498969481
Reed College,Yes,1966,1436,327,47,80,1199,61,19960,5490,500,450,90.0,90,11.8,37,15886,68,0.18520972865031457,0.19546474174892456,-0.3465402345852059,1.1501937769220454,-0.4689973181040082,-0.9912281496306629,1.9910590659179963,-0.22919460362735344,-1.9594513468010926,1.1927597836517578,0.6902976719925955,-0.5425747226939661,3.6375861597263857,1.408716170795275,0.7304170905391658,High,2,1,0.18520972865031518,0.19546474174892567,-0.34654023458520716,1.1501937769220456,-0.46899731810400763,-0.9912281496306626,1.991059065917996,-0.2291946036273518,-1.9594513468010932,1.1927597836517578,0.6902976719925955,-0.5425747226939656,1.0294623131395182,1.4087161707952345,-0.11231007041167951,1.4151256580548508,0.6125530498969481
Regis College,Yes,427,385,143,18,38,581,533,12700,5800,450,700,81.0,85,10.3,37,11758,84,-1.3082589769265809,-1.1862710237772571,-1.3413148590529893,-0.4176946998854468,-1.3561288246467438,0.2952242791684142,0.6480837816681111,-0.6142542982610626,-1.0977621251970406,0.47962441223420943,0.25767565625110594,-0.9589736432806009,3.6375861597263857,0.8015967825477367,0.9016393442622951,Medium,1,1,-1.3082589769265802,-1.1862710237772562,-1.3413148590529906,-0.41769469988544683,-1.3561288246467433,0.2952242791684144,0.6480837816681108,-0.6142542982610609,-1.0977621251970413,0.4796244122342094,0.257675656251106,-0.9589736432806003,1.0294623131395182,0.8015967825476964,1.0523940515727441,0.001818927581047415,0.6125530498969481
Rensselaer Polytechnic Institute,Yes,4996,4165,936,53,82,4291,16,17475,5976,1230,1100,94.0,98,15.4,21,15605,70,1.0190310418743462,1.2247136134233187,0.7489755975923599,1.374993777959597,0.7881001855829337,-1.658361763019646,1.574283462969669,3.2825891675076333,-0.18659120676503163,1.5336102495926123,1.467641878959388,0.38030884250552255,3.091042453358316,1.37540489373315,0.8336669335468375,High,2,1,1.019031041874347,1.22471361342332,0.7489755975923587,1.3749937779595973,0.7881001855829343,-1.6583617630196459,1.5742834629696687,3.282589167507635,-0.18659120676503227,1.5336102495926123,1.467641878959388,0.38030884250552316,0.13667737956055104,1.3754048937331096,0.5900257249092726,1.4151256580548508,0.6125530498969481
Rhodes College,Yes,2302,1831,391,58,82,1345,59,15200,4768,550,1500,90.0,96,10.8,47,13388,77,0.3302764072170951,0.4370598923389319,-0.14765192530397117,1.548272359906457,-0.3407797764203208,-1.0089401426438158,1.1570367062804472,0.12366360034857365,0.45655088685874945,1.1927597836517578,1.2632379969775114,-0.8177024914772081,3.871201010907891,1.0757286677847477,0.7953953084274544,High,2,1,0.3302764072170957,0.437059892338933,-0.14765192530397242,1.5482723599064572,-0.34077977642032026,-1.0089401426438156,1.157036706280447,0.12366360034857528,0.45655088685874884,1.1927597836517578,1.2632379969775114,-0.8177024914772075,1.4110746470937963,1.0757286677847073,0.3296908761245627,1.4151256580548508,0.6125530498969481
Rider University,Yes,3586,2424,730,16,31,2748,1309,13250,5420,700,3100,84.0,92,12.3,23,11299,70,0.7290259948552849,0.7109899113681738,0.505757741519337,-0.5849046607537626,0.3879977355418086,0.914701585981765,0.7653500535832432,1.0360807079976635,2.0209274843817377,0.7090601660532498,0.8746535950171559,-0.4084259016153437,3.1780538303479458,0.7135737229763605,0.6759620747350809,High,2,1,0.7290259948552854,0.710989911368175,0.5057577415193357,-0.5849046607537627,0.38799773554180916,0.9147015859817652,0.7653500535832428,1.036080707997665,2.0209274843817373,0.7090601660532498,0.8746535950171559,-0.4084259016153431,0.2788113855351543,0.7135737229763202,-0.4827291017620253,1.4151256580548508,0.6125530498969481
Ripon College,Yes,587,501,211,28,52,735,28,15200,4100,350,650,87.0,90,9.4,49,12472,64,-0.9831669114228417,-0.8996740398309393,-0.8577084571742438,0.25645415555414425,-1.0526687805139832,-1.3900837948934839,1.1570367062804472,-1.5119094047906834,-1.2442682362821473,0.9467727128282987,0.6902976719925955,-1.22018114926161,3.912023005428146,0.9284721944119864,0.8534923339011925,High,2,1,-0.9831669114228412,-0.8996740398309383,-0.857708457174245,0.2564541555541443,-1.0526687805139827,-1.3900837948934837,1.157036706280447,-1.5119094047906818,-1.244268236282148,0.9467727128282987,0.6902976719925955,-1.2201811492616093,1.4777578075468099,0.9284721944119461,0.7248839282713602,1.4151256580548508,0.6125530498969481
Rivier College,Yes,484,386,141,6,28,590,1196,9870,4860,600,1100,59.0,59,12.2,19,6744,81,-1.17936129041712,-1.1834226064130717,-1.3593716842808719,-1.7978331880954055,-1.3358082505847773,0.849941859466046,-0.01508306179876824,0.44960143907769445,-0.18659120676503163,-0.9497641272340495,-1.392393977623881,-0.43508339754859443,2.995732273553991,-0.6171083659278777,0.7975206611570248,Medium,1,1,-1.1793612904171193,-1.1834226064130708,-1.3593716842808732,-1.7978331880954057,-1.3358082505847768,0.8499418594660462,-0.015083061798768534,0.44960143907769606,-0.18659120676503227,-0.9497641272340495,-1.392393977623881,-0.4350833975485938,-0.019012808716357025,-0.617108365927918,0.34414815040389946,0.001818927581047415,0.6125530498969481
Roanoke College,Yes,2227,1790,437,27,54,1460,239,13425,4425,450,1200,85.0,89,13.0,26,9405,72,0.29995985054845514,0.41471543536302363,-0.026618479908630754,0.19803987368047163,-0.25118682063722064,-0.21316481794747633,0.8019899920325411,-0.6142542982610626,-0.007652219861956637,0.7873781516832565,0.6005650532112241,-0.22412911897517096,3.295836866004329,0.282512854252009,0.8037718904355635,High,2,1,0.29995985054845575,0.41471543536302474,-0.026618479908632017,0.19803987368047166,-0.2511868206372201,-0.21316481794747608,0.8019899920325407,-0.6142542982610609,-0.007652219861957268,0.7873781516832565,0.6005650532112241,-0.22412911897517038,0.47121122188858366,0.2825128542519687,0.386670850285873,1.4151256580548508,0.6125530498969481
Rockhurst College,Yes,935,858,345,22,50,1127,754,9490,4100,500,1500,60.0,79,10.7,21,7519,79,-0.5209804276467488,-0.3301904882905373,-0.28634470937288525,-0.12094221917214973,-0.5394495289192724,0.5278827188663587,-0.11329713689841309,-0.22919460362735344,0.45655088685874945,-0.8944658348300512,-0.20978440474634713,-0.8457496768946355,3.091042453358316,-0.3048358347747962,0.9176470588235294,Medium,1,1,-0.5209804276467482,-0.3301904882905363,-0.28634470937288653,-0.12094221917214976,-0.5394495289192719,0.527882718866359,-0.11329713689841338,-0.2291946036273518,0.45655088685874884,-0.8944658348300512,-0.2097844047463471,-0.845749676894635,0.13667737956055104,-0.3048358347748365,1.1612832334846228,0.001818927581047415,0.6125530498969481
Rocky Mountain College,Yes,560,392,270,11,31,743,118,8734,3362,600,625,56.0,78,11.3,27,6422,68,-1.0307954322663384,-1.166496096497294,-0.5658022423181878,-1.0845174670653985,-1.0390693172563112,-0.6283861383961893,-0.3166591231457777,0.44960143907769445,-1.3214798055473607,-1.1101254032815964,-0.28237352323745246,-0.6789541283407586,3.332204510175204,-0.76367195691842,0.7,Medium,1,1,-1.0307954322663377,-1.166496096497293,-0.565802242318189,-1.0845174670653988,-1.0390693172563108,-0.6283861383961891,-0.316659123145778,0.44960143907769606,-1.3214798055473613,-1.1101254032815964,-0.2823735232374524,-0.6789541283407581,0.5306181538634841,-0.7636719569184603,-0.31921606516062206,0.001818927581047415,0.6125530498969481
Roger Williams University,Yes,3304,2804,679,10,20,2111,1489,12520,6050,500,730,44.0,54,16.4,8,7957,61,0.6563121331503674,0.851096158232311,0.43313139933581873,-1.2041414384332418,0.13218509745718282,1.008127569020998,0.6089823530815689,-0.22919460362735344,-1.0144444682729057,-1.6685031175609324,-1.6057345224000523,0.621184811174139,2.1972245773362196,-0.14944639468591667,0.8486682808716707,Medium,1,1,0.656312133150368,0.8510961582323122,0.43313139933581746,-1.204141438433242,0.13218509745718338,1.0081275690209983,0.6089823530815686,-0.2291946036273518,-1.0144444682729064,-1.6685031175609324,-1.6057345224000523,0.6211848111741396,-1.3233835886260938,-0.14944639468595697,0.6920693009318502,0.001818927581047415,0.6125530498969481
Rollins College,Yes,1777,1151,382,31,55,1668,1052,16425,5220,955,750,81.0,85,13.3,23,11561,90,0.09139881122043815,-0.028045122073367786,-0.1732548456615314,0.4228593760746721,-0.10912399167352865,0.7589060467809827,1.386441296986302,2.2538655167427746,-0.9606431574714017,0.47962441223420943,0.25767565625110594,-0.14633148248231995,3.1780538303479458,0.7644783815650266,0.6477208778840743,High,2,1,0.09139881122043875,-0.02804512207336671,-0.17325484566153265,0.42285937607467217,-0.1091239916735281,0.758906046780983,1.3864412969863018,2.2538655167427764,-0.9606431574714024,0.4796244122342094,0.257675656251106,-0.14633148248231936,0.2788113855351543,0.7644783815649863,-0.6748340277684842,1.4151256580548508,0.6125530498969481
Rosary College,Yes,434,321,141,28,53,624,269,10950,4600,550,950,79.0,82,12.9,30,9264,81,-1.2914652580055257,-1.3871799636443718,-1.3593716842808719,0.25645415555414425,-1.2623190197425331,-0.14072124272825168,0.2511441271952387,0.12366360034857365,-0.48548409270739684,0.33126661926272183,0.01703484187169807,-0.250216479237428,3.4339872044851463,0.24507492051540725,0.7396313364055299,Medium,1,1,-1.291465258005525,-1.387179963644371,-1.3593716842808732,0.2564541555541443,-1.2623190197425327,-0.14072124272825143,0.25114412719523843,0.12366360034857528,-0.48548409270739745,0.3312666192627218,0.017034841871698108,-0.2502164792374274,0.696881263144984,0.24507492051536695,-0.0496320603506397,0.001818927581047415,0.6125530498969481
Rowan College of New Jersey,No,3820,1431,695,21,70,5303,3942,4356,4830,800,800,76.0,81,22.1,6,7252,51,0.7848509163200413,0.19196730226027767,0.4565754685833145,-0.19109950858549485,0.9649575131121806,1.7538982837807287,-1.8112563614226775,1.5536080293455437,-0.831740799103585,0.11563079124223473,-0.060091883356808096,1.8981817508098433,1.9459101490553132,-0.40659059527900326,0.37460732984293194,Low,0,0,0.7848509163200419,0.19196730226027878,0.4565754685833132,-0.19109950858549488,0.9649575131121811,1.7538982837807289,-1.8112563614226778,1.5536080293455452,-0.8317407991035857,0.11563079124223467,-0.06009188335680806,1.898181750809844,-1.7339083692537995,-0.40659059527904357,-2.532632697371791,-1.4114878028927562,-1.6325116659989423
Rutgers at New Brunswick,No,48094,26330,4520,36,79,21401,3712,7410,4748,690,2009,90.0,95,19.5,19,10474,77,2.8229880628053405,2.837203180575897,2.091792194818805,0.6753287453312369,1.9459647445151604,1.7057405701743897,-0.7026779268500261,0.9808435903786037,1.0760740166967349,1.1927597836517578,1.1635803366973685,1.333904627868098,2.995732273553991,0.5406264827823861,0.5474695388198112,Medium,1,0,2.822988062805341,2.8372031805758984,2.0917921948188036,0.675328745331237,1.9459647445151609,1.70574057017439,-0.7026779268500264,0.9808435903786054,1.0760740166967342,1.1927597836517578,1.1635803366973685,1.3339046278680986,-0.019012808716357025,0.5406264827823458,-1.356773117481754,0.001818927581047415,-1.6325116659989423
Rutgers State University at Camden,No,3366,1752,232,27,79,2585,1300,7411,4748,690,2009,90.0,95,18.6,12,10134,57,0.6728554579110178,0.39351181502085847,-0.7440722798488417,0.19803987368047163,0.32998987968682814,0.9097322620602099,-0.7023699032627505,0.9808435903786037,1.0760740166967349,1.1927597836517578,1.1635803366973685,1.1318449172048743,2.5649493574615367,0.463101237970699,0.5204991087344029,Medium,1,0,0.6728554579110183,0.3935118150208596,-0.7440722798488429,0.19803987368047166,0.3299898796868287,0.9097322620602101,-0.7023699032627508,0.9808435903786054,1.0760740166967342,1.1927597836517578,1.1635803366973685,1.131844917204875,-0.7227012651918747,0.4631012379706587,-1.5402339142480594,0.001818927581047415,-1.6325116659989423
Rutgers State University at Newark,No,5785,2690,499,26,62,4005,1886,7410,4748,690,2009,90.0,95,17.4,16,11878,58,1.1450543392019052,0.8113078082618262,0.11507806467597285,0.1379929544107909,0.7286976975908535,1.1826364700910974,-0.7026779268500261,0.9808435903786037,1.0760740166967349,1.1927597836517578,1.1635803366973685,0.8564097284492161,2.833213344056216,0.8237403153221823,0.46499567847882456,Medium,1,0,1.145054339201906,0.8113078082618275,0.11507806467597159,0.13799295441079093,0.728697697590854,1.1826364700910976,-0.7026779268500264,0.9808435903786054,1.0760740166967342,1.1927597836517578,1.1635803366973685,0.8564097284492167,-0.28448920152158647,0.823740315322142,-1.9177845690097923,0.001818927581047415,-1.6325116659989423
Sacred Heart University,Yes,2307,1896,509,19,51,1707,1889,11070,5780,400,600,71.0,73,14.8,16,7120,82,0.3322597004438235,0.47141014301706535,0.136022673389802,-0.33923404372499033,-0.08489100248516804,1.183823839266424,0.27964198004126445,-1.0385747644412713,-1.4016057555673218,-0.2253537109704769,-0.6232192944825511,0.23285911133526874,2.833213344056216,-0.45905820531020164,0.8218465539661899,Medium,1,1,0.33225970044382414,0.47141014301706646,0.13602267338980076,-0.3392340437249904,-0.08489100248516748,1.1838238392664242,0.27964198004126417,-1.0385747644412697,-1.4016057555673225,-0.22535371097047696,-0.6232192944825511,0.23285911133526932,-0.28448920152158647,-0.45905820531024194,0.5096200269252782,0.001818927581047415,0.6125530498969481
Saint Ambrose University,Yes,897,718,276,12,48,1345,390,10450,4020,500,1500,56.0,56,14.1,16,7444,70,-0.5615412723540021,-0.5164084127482986,-0.5403135449908201,-0.972731667786928,-0.3407797764203208,0.09241998140341488,0.13014282232927557,-0.22919460362735344,0.45655088685874945,-1.1101254032815964,-1.5240531582747878,0.0578612934555406,2.833213344056216,-0.3328494024428312,0.8004459308807135,Medium,1,1,-0.5615412723540015,-0.5164084127482976,-0.5403135449908213,-0.9727316677869281,-0.34077977642032026,0.09241998140341512,0.13014282232927527,-0.2291946036273518,0.45655088685874884,-1.1101254032815964,-1.5240531582747878,0.05786129345554118,-0.28448920152158647,-0.3328494024428715,0.3640466953127041,0.001818927581047415,0.6125530498969481
Saint Anselm College,Yes,2095,1553,514,15,40,1873,94,12950,5400,450,1120,70.0,82,14.5,29,6719,97,0.2438428325877791,0.27378265355393433,0.14631774839282874,-0.6744109272506594,0.011188250723066999,-0.7561123349498996,0.7017919204959063,-0.6142542982610626,-0.14963079136594287,-0.29078845475452025,0.01703484187169807,0.15826329539749684,3.4011973816621555,-0.6280984021063714,0.7412887828162291,High,2,1,0.24384283258777972,0.27378265355393544,0.1463177483928275,-0.6744109272506595,0.011188250723067547,-0.7561123349498994,0.701791920495906,-0.6142542982610609,-0.1496307913659435,-0.2907884547545203,0.017034841871698108,0.15826329539749742,0.643318740239679,-0.6280984021064117,-0.038357622451748286,1.4151256580548508,0.6125530498969481
Saint Cloud State University,No,3971,3306,1921,10,34,11493,2206,4259,2625,350,1884,70.0,75,18.9,10,4629,58,0.818960614891444,1.0078525506458513,1.4024433992093543,-1.2041414384332418,1.545555892831452,1.3006186600480962,-1.8539297490760829,-1.5119094047906834,0.9387067124852371,-0.29078845475452025,-0.4912534379026085,1.1996123641074883,2.3978952727983707,-1.8512163846354657,0.8325358851674641,Low,0,0,0.8189606148914446,1.0078525506458527,1.402443399209353,-1.204141438433242,1.5455558928314523,1.3006186600480965,-1.853929749076083,-1.5119094047906818,0.9387067124852364,-0.2907884547545203,-0.49125343790260845,1.199612364107489,-0.9955858819980911,-1.851216384635506,0.5823320012198849,-1.4114878028927562,-1.6325116659989423
Saint Francis College IN,Yes,213,166,85,13,36,513,247,8670,3820,450,1000,43.0,78,12.5,4,7440,48,-2.045479161654492,-2.1375127209717535,-2.034794968761236,-0.867676873013996,-1.5232207201768326,-0.19307867368286913,-0.3343981078496482,-0.6142542982610626,-0.3812772018018639,-1.709030311422958,-0.28237352323745246,-0.3553625238528725,1.6094379124341003,-0.33435568318459935,0.7793427230046949,Medium,1,1,-2.0454791616544914,-2.137512720971753,-2.034794968761237,-0.8676768730139961,-1.5232207201768322,-0.19307867368286888,-0.33439810784964846,-0.6142542982610609,-0.38127720180186453,-1.709030311422958,-0.2823735232374524,-0.35536252385287187,-2.2835393318336408,-0.33435568318463965,0.22049646941719708,0.001818927581047415,0.6125530498969481
Saint Francis College,Yes,1046,824,284,21,45,1223,451,10880,5050,400,1235,64.0,64,19.3,24,7344,69,-0.41192355283066173,-0.37225779363163325,-0.5073055606423006,-0.19109950858549485,-0.4466515645670518,0.18598865828906008,0.2344255283436202,-1.0385747644412713,0.05172500657449297,-0.6640532127193101,-1.1477182127095475,1.2893215220075742,3.2188758248682006,-0.37088526166852975,0.7877629063097514,Medium,1,1,-0.4119235528306611,-0.37225779363163225,-0.5073055606423018,-0.19109950858549488,-0.44665156456705124,0.18598865828906033,0.2344255283436199,-1.0385747644412697,0.05172500657449234,-0.6640532127193101,-1.1477182127095475,1.2893215220075749,0.34549454598816776,-0.37088526166857005,0.2777730324223892,0.001818927581047415,0.6125530498969481
Saint John's University,Yes,933,800,444,18,45,1691,72,12247,4081,500,600,76.0,85,12.0,38,9853,70,-0.523070772465956,-0.40308545664203643,-0.009493834337951246,-0.4176946998854468,-0.09475028223172122,-0.9022691057091234,0.5489673813859551,-0.22919460362735344,-1.4016057555673218,0.11563079124223473,0.25767565625110594,-0.48865480430561903,3.6635616461296463,0.39593601073076873,0.857449088960343,Medium,1,1,-0.5230707724659555,-0.40308545664203543,-0.009493834337952508,-0.41769469988544683,-0.09475028223172066,-0.9022691057091232,0.5489673813859548,-0.2291946036273518,-1.4016057555673225,0.11563079124223467,0.257675656251106,-0.4886548043056184,1.0718935453228027,0.3959360107307284,0.7517989397658782,0.001818927581047415,0.6125530498969481
Saint Joseph's College IN,Yes,920,684,225,24,42,815,222,11200,4250,600,950,55.0,60,14.8,19,7360,67,-0.5367762845676514,-0.5675201826286519,-0.7805852790794978,0.012544204192919125,-0.9241820444327371,-0.25794229884583064,0.3102865577817636,0.44960143907769445,-0.48548409270739684,-1.1617342104568764,-1.3460179845367914,0.23285911133526874,2.995732273553991,-0.3647459983174665,0.7434782608695653,Medium,1,1,-0.5367762845676508,-0.5675201826286509,-0.780585279079499,0.012544204192919118,-0.9241820444327365,-0.2579422988458304,0.31028655778176334,0.44960143907769606,-0.48548409270739745,-1.1617342104568764,-1.3460179845367914,0.23285911133526932,-0.019012808716357025,-0.3647459983175068,-0.02346414886251148,0.001818927581047415,0.6125530498969481
Saint Joseph's College,Yes,833,682,217,12,33,716,2196,9985,5180,500,800,53.0,89,27.2,8,4322,85,-0.6342094485939099,-0.5706108825734597,-0.8239537231262345,-0.972731667786928,-1.0857037011407664,1.2971725737137623,0.014148844162083918,-0.22919460362735344,-0.831740799103585,-1.2621836217050806,0.6005650532112241,2.934904988775743,2.1972245773362196,-2.1046961629673464,0.8187274909963985,Medium,1,1,-0.6342094485939094,-0.5706108825734587,-0.8239537231262357,-0.9727316677869281,-1.085703701140766,1.2971725737137625,0.014148844162083625,-0.2291946036273518,-0.8317407991035857,-1.2621836217050806,0.6005650532112241,2.9349049887757435,-1.3233835886260938,-2.104696162967387,0.48840324336676194,0.001818927581047415,0.6125530498969481
Saint Joseph's University,Yes,2519,2003,776,39,71,2473,1314,12750,6350,350,1690,84.0,90,17.4,13,8243,83,0.4123590373836647,0.5253020051089833,0.5664123541785305,0.8144962912549336,0.28748321897180845,0.9174490323886001,0.6588806117068091,-1.5119094047906834,0.7078187571155072,0.7090601660532498,0.6902976719925955,0.8564097284492161,2.6390573296152584,-0.054920864082151154,0.7951568082572449,Medium,1,1,0.4123590373836653,0.5253020051089845,0.5664123541785293,0.8144962912549337,0.287483218971809,0.9174490323886003,0.6588806117068088,-1.5119094047906818,0.7078187571155066,0.7090601660532498,0.6902976719925955,0.8564097284492167,-0.601645107695158,-0.05492086408219146,0.3280685278298941,0.001818927581047415,0.6125530498969481
Saint Joseph College,Yes,292,241,96,20,52,543,712,12200,4600,650,950,87.0,90,11.2,32,8680,76,-1.7064634802962662,-1.7091260628802007,-1.867564216326206,-0.2637884142137961,-1.4463638132448502,0.48888785093970066,0.538546706109194,0.7526774068770612,-0.48548409270739684,0.9467727128282987,0.6902976719925955,-0.7065095991630403,3.4965075614664802,0.08013667059832041,0.8253424657534246,Medium,1,1,-1.7064634802962655,-1.7091260628801999,-1.8675642163262074,-0.2637884142137962,-1.4463638132448497,0.4888878509397009,0.5385467061091936,0.7526774068770629,-0.48548409270739745,0.9467727128282987,0.6902976719925955,-0.7065095991630398,0.7990089285165864,0.08013667059828011,0.5334002469618061,0.001818927581047415,0.6125530498969481
Saint Louis University,Yes,3294,2855,956,44,67,4576,1140,11690,4730,800,6800,84.0,94,4.6,19,18367,67,0.6536126906719798,0.8683396578011112,0.7692378754392731,1.0296888476949615,0.842677986819801,0.8157777044043977,0.4237367718403794,1.5536080293455437,3.81124097304321,0.7090601660532498,1.0656043502924986,-2.828674303956084,2.995732273553991,1.6679355100154267,0.8667273831208258,Medium,1,1,0.6536126906719804,0.8683396578011124,0.7692378754392719,1.0296888476949617,0.8426779868198015,0.8157777044043979,0.4237367718403791,1.5536080293455452,3.8112409730432097,0.7090601660532498,1.0656043502924986,-2.8286743039560838,-0.019012808716357025,1.6679355100153863,0.8149126251585059,0.001818927581047415,0.6125530498969481
Saint Mary's College,Yes,888,734,393,26,60,1433,27,12730,4514,500,1525,74.0,95,9.9,31,11165,98,-0.5714179144605619,-0.49324428126084774,-0.14205466228695451,0.1379929544107909,-0.27142981691844803,-1.4079726500278762,0.6545652233846636,-0.22919460362735344,0.4912429215254467,-0.023524770795469573,1.1635803366973685,-1.0739217798372562,3.4657359027997265,0.6868289478523674,0.8265765765765766,Medium,1,1,-0.5714179144605613,-0.49324428126084674,-0.14205466228695576,0.13799295441079093,-0.2714298169184475,-1.407972650027876,0.6545652233846633,-0.2291946036273518,0.4912429215254461,-0.023524770795469628,1.1635803366973685,-1.0739217798372556,0.7487430981377603,0.6868289478523271,0.541795031701849,0.001818927581047415,0.6125530498969481
Saint Mary's College of Minnesota,Yes,876,802,367,14,35,1263,118,10800,3600,400,820,68.0,74,18.8,19,5081,78,-0.5847551261141801,-0.40047895592682986,-0.21751217949304621,-0.768473675269448,-0.4105714136996246,-0.6283861383961893,0.2152318024408838,-1.0385747644412713,-0.7822591318815699,-0.4188949777661247,-0.5579571392876599,1.1770700285932776,2.995732273553991,-1.5218293455062644,0.9155251141552512,Medium,1,1,-0.5847551261141796,-0.40047895592682886,-0.21751217949304746,-0.7684736752694481,-0.410571413699624,-0.6283861383961891,0.2152318024408835,-1.0385747644412697,-0.7822591318815706,-0.4188949777661248,-0.5579571392876599,1.1770700285932783,-0.019012808716357025,-1.5218293455063048,1.1468491418404205,0.001818927581047415,0.6125530498969481
Saint Mary-of-the-Woods College,Yes,150,130,88,23,50,341,768,10300,4130,500,1700,44.0,58,10.2,37,9678,75,-2.431564402220915,-2.424464721610719,-1.9868129790129117,-0.05311907203067916,-2.1045427544522637,0.5404465746821491,0.09310267904364704,-0.22919460362735344,0.7203062079769135,-1.6685031175609324,-1.4375163915219222,-0.9875453814266576,3.6375861597263857,0.35259469690754,0.8666666666666667,Medium,1,1,-2.4315644022209146,-2.4244647216107187,-1.986812979012913,-0.05311907203067917,-2.1045427544522632,0.5404465746821493,0.09310267904364675,-0.2291946036273518,0.7203062079769128,-1.6685031175609324,-1.4375163915219222,-0.987545381426657,1.0294623131395182,0.35259469690749967,0.8144996139821334,0.001818927581047415,0.6125530498969481
Saint Michael's College,Yes,1910,1380,463,16,64,1715,106,13030,5860,500,750,79.0,88,14.5,34,10190,84,0.1584590373676201,0.15552867634031037,0.0354608921986022,-0.5849046607537626,-0.08000351020340361,-0.6889842338107853,0.7188345309434646,-0.22919460362735344,-0.9606431574714017,0.33126661926272183,0.5124477851823425,0.15826329539749684,3.5553480614894135,0.4761440837603207,0.7225130890052356,High,2,1,0.1584590373676207,0.15552867634031148,0.035460892198600935,-0.5849046607537627,-0.08000351020340306,-0.6889842338107851,0.7188345309434643,-0.2291946036273518,-0.9606431574714024,0.3312666192627218,0.5124477851823425,0.15826329539749742,0.8951255085680089,0.4761440837602804,-0.16607541321359,1.4151256580548508,0.6125530498969481
Saint Olaf College,Yes,2248,1673,745,38,73,2888,105,14350,3750,550,550,82.0,88,10.0,31,12502,83,0.3085576170827415,0.34781170283869484,0.5260096934041589,0.7690207208177235,0.4345682856044261,-0.694309287317495,0.9906210769743672,0.12366360034857365,-1.5715860926720169,0.5551832097645348,0.5124477851823425,-1.0450179270912512,3.4657359027997265,0.9335572542834669,0.7442170818505338,High,2,1,0.3085576170827421,0.34781170283869595,0.5260096934041577,0.7690207208177237,0.4345682856044267,-0.6943092873174947,0.9906210769743669,0.12366360034857528,-1.5715860926720175,0.5551832097645348,0.5124477851823425,-1.0450179270912505,0.7487430981377603,0.9335572542834266,-0.01843847128128937,1.4151256580548508,0.6125530498969481
Saint Peter's College,Yes,1606,1413,530,23,38,1921,1154,9408,5520,500,450,78.0,78,12.1,22,7669,53,-0.0032035816267802666,0.1792674494567033,0.1785016437445358,-0.05311907203067916,0.03704882335510906,0.8244582066396593,-0.13482823435653962,-0.22919460362735344,-1.9594513468010926,0.25846780349494175,-0.28237352323745246,-0.4618260387652622,3.1354942159291497,-0.25008111034790714,0.8798256537982565,Medium,1,1,-0.003203581626779663,0.17926744945670442,0.17850164374453456,-0.05311907203067917,0.03704882335510961,0.8244582066396595,-0.13482823435653993,-0.2291946036273518,-1.9594513468010932,0.2584678034949417,-0.2823735232374524,-0.46182603876526157,0.20928980457225407,-0.25008111034794744,0.9040109141784601,0.001818927581047415,0.6125530498969481
Saint Vincent College,Yes,700,595,278,19,35,1035,182,10850,3936,500,900,62.0,64,12.3,31,8534,88,-0.8065293710478012,-0.7153460613594383,-0.5319590406594228,-0.33923404372499033,-0.637901228517088,-0.37689610893187386,0.22723878076167214,-0.22919460362735344,-0.5948985251933547,-0.7811031790800594,-1.1477182127095475,-0.4084259016153437,3.4657359027997265,0.03620263546184311,0.85,Medium,1,1,-0.8065293710478006,-0.7153460613594373,-0.531959040659424,-0.3392340437249904,-0.6379012285170874,-0.37689610893187364,0.22723878076167184,-0.2291946036273518,-0.5948985251933554,-0.7811031790800594,-1.1477182127095475,-0.4084259016153431,0.7487430981377603,0.0362026354618028,0.7011280460678576,0.001818927581047415,0.6125530498969481
Saint Xavier University,Yes,785,647,295,15,65,1670,726,10860,4624,600,794,87.0,100,13.7,15,8953,55,-0.6927571105204806,-0.6263238401953006,-0.46363023437733797,-0.6744109272506594,-0.10786453887796293,0.502111266263199,0.22963581213625453,0.44960143907769445,-0.8468087346514069,0.9467727128282987,1.6789026453905742,-0.043655143285563025,2.772588722239781,0.1593046533408742,0.824203821656051,Medium,1,1,-0.6927571105204801,-0.6263238401952996,-0.46363023437733925,-0.6744109272506595,-0.10786453887796238,0.5021112662631992,0.22963581213625422,0.44960143907769606,-0.8468087346514076,0.9467727128282987,1.6789026453905742,-0.04365514328556244,-0.3835201634208818,0.1593046533408339,0.5256548549648711,0.001818927581047415,0.6125530498969481
Salem-Teikyo University,Yes,489,384,120,23,52,700,45,10575,3952,400,620,46.0,24,13.0,9,8946,98,-1.1688407472575961,-1.1891273623577001,-1.568924832958633,-0.05311907203067916,-1.1143624265807972,-1.1507160945452137,0.1607436883483082,-1.0385747644412713,-1.3372646171746043,-1.584675991833187,-2.32584996579349,-0.22412911897517096,2.302585092994046,0.15732135635104058,0.7852760736196319,Medium,1,1,-1.1688407472575955,-1.1891273623576992,-1.5689248329586343,-0.05311907203067917,-1.1143624265807968,-1.1507160945452135,0.1607436883483079,-1.0385747644412697,-1.337264617174605,-1.584675991833187,-2.32584996579349,-0.22412911897517038,-1.1512760702749985,0.15732135635100028,0.26085686514922973,0.001818927581047415,0.6125530498969481
Salem College,Yes,335,284,132,28,69,534,216,10475,6300,500,2000,68.0,68,11.2,46,9599,60,-1.5612445059649591,-1.5239487761268307,-1.4444518431149738,0.25645415555414425,-1.4688665677704167,-0.27448654623299,0.1362821565272364,-0.22919460362735344,1.0664517666868942,-0.4188949777661247,-0.9283307329438812,-0.7065095991630403,3.8501476017100584,0.3326309800566425,0.8477611940298507,Medium,1,1,-1.5612445059649585,-1.5239487761268298,-1.444451843114975,0.2564541555541443,-1.4688665677704162,-0.2744865462329898,0.1362821565272361,-0.2291946036273518,1.0664517666868936,-0.4188949777661248,-0.9283307329438812,-0.7065095991630398,1.3766836801623437,0.3326309800566022,0.6858990294823579,0.001818927581047415,0.6125530498969481
Salisbury State University,No,4216,2290,736,20,52,4296,1027,5130,4690,600,1450,73.0,75,17.9,18,5125,56,0.8714476908710376,0.6558945681362286,0.5139156186139102,-0.2637884142137961,0.7890954192905253,0.7419671210529585,-1.4912463226655415,0.44960143907769445,0.3855304303022255,-0.09172176908837011,-0.4912534379026085,0.9720449849419147,2.9444389791664403,-1.492178329737236,0.543168880455408,Low,0,0,0.8714476908710381,0.6558945681362298,0.513915618613909,-0.2637884142137962,0.7890954192905258,0.7419671210529587,-1.4912463226655417,0.44960143907769606,0.3855304303022249,-0.09172176908837017,-0.49125343790260845,0.9720449849419153,-0.10280094841912382,-1.4921783297372764,-1.386027460391916,-1.4114878028927562,-1.6325116659989423
Samford University,Yes,1680,1395,691,34,76,2959,402,8236,3700,569,1650,75.0,75,14.7,17,9533,61,0.03900118363451219,0.16639343476430002,0.45077324829741877,0.5776799288914051,0.45714667286437616,0.11182218825857136,-0.4570212155969449,0.25044882610032415,0.6571749645255123,0.045592781487855547,-0.4912534379026085,0.20805976907672294,2.8903717578961645,0.31575712412915413,0.8303571428571429,Medium,1,1,0.03900118363451279,0.16639343476430113,0.4507732482974175,0.5776799288914052,0.4571466728643767,0.1118221882585716,-0.4570212155969452,0.25044882610032576,0.6571749645255116,0.04559278148785549,-0.49125343790260845,0.20805976907672352,-0.1911203270674524,0.31575712412911383,0.5675115553117477,0.001818927581047415,0.6125530498969481
San Diego State University,No,9402,7020,2151,20,70,16407,5550,8384,5110,612,2400,87.0,93,19.5,7,7930,41,1.5529814262512436,1.702277045311158,1.4988219837842567,-0.2637884142137961,1.7814647934225105,2.0334626565953955,-0.4147381473745046,0.5242920897365386,1.4597682931085838,0.9467727128282987,0.9692990979140862,1.333904627868098,2.0794415416798357,-0.15864088609362917,0.7466496490108487,Medium,1,0,1.5529814262512442,1.7022770453111593,1.4988219837842554,-0.2637884142137962,1.781464793422511,2.033462656595396,-0.4147381473745049,0.5242920897365403,1.4597682931085831,0.9467727128282987,0.9692990979140862,1.3339046278680986,-1.515783424979524,-0.15864088609366947,-0.0018914340999885851,0.001818927581047415,-1.6325116659989423
Santa Clara University,Yes,4019,2779,888,40,73,3891,128,13584,5928,630,1278,88.0,92,13.9,19,10872,100,0.8295126659532778,0.8425205751279091,0.6982369189297523,0.8591123720558881,0.703560793135954,-0.5819923517098765,0.835008919022907,0.6339700079371658,0.12257708755112048,1.0278491213014884,0.8746535950171559,0.007245147886748601,2.995732273553991,0.6265873133132985,0.6914655386912167,High,2,1,0.8295126659532783,0.8425205751279103,0.698236918929751,0.8591123720558882,0.7035607931359545,-0.5819923517098763,0.8350089190229066,0.6339700079371675,0.12257708755111986,1.0278491213014884,0.8746535950171559,0.007245147886749187,-0.019012808716357025,0.6265873133132582,-0.3772699807534504,1.4151256580548508,0.6125530498969481
Sarah Lawrence College,Yes,1380,768,263,57,82,1000,105,19300,6694,600,700,89.0,93,6.1,18,14779,83,-0.14631823813228156,-0.44576356091520575,-0.5963778309034824,1.514531847671769,-0.6781964875177117,-0.694309287317495,1.8838544256866507,0.44960143907769445,-1.0977621251970406,1.109844838622803,0.9692990979140862,-2.2757615951837606,2.9444389791664403,1.2718852721740321,0.5565217391304348,High,2,1,-0.14631823813228095,-0.44576356091520475,-0.5963778309034836,1.5145318476717693,-0.6781964875177111,-0.6943092873174947,1.8838544256866505,0.44960143907769606,-1.0977621251970413,1.109844838622803,0.9692990979140862,-2.27576159518376,-0.10280094841912382,1.2718852721739917,-1.2951973889443846,1.4151256580548508,0.6125530498969481
Savannah Coll. of Art and Design,Yes,1109,688,386,20,65,1897,208,8325,5000,1200,1600,14.0,98,16.1,26,6874,55,-0.3554195960124613,-0.5613676660185737,-0.1617907933309757,-0.2637884142137961,0.024218241171374073,-0.2972019675334946,-0.4315349946892218,3.1807271510990205,0.5922469197566411,-2.4813291074450827,1.467641878959388,0.5495374102901839,3.295836866004329,-0.5609570954521237,0.6203787195671776,Medium,1,1,-0.3554195960124607,-0.5613676660185727,-0.16179079333097696,-0.2637884142137962,0.02421824117137462,-0.29720196753349437,-0.4315349946892221,3.1807271510990223,0.5922469197566405,-2.4813291074450827,1.467641878959388,0.5495374102901844,0.47121122188858366,-0.560957095452164,-0.8608234292812997,0.001818927581047415,0.6125530498969481
Schreiner College,Yes,584,413,131,19,51,521,99,8955,5900,500,1488,51.0,56,11.8,23,8545,52,-0.9883416514249677,-1.1093621948607526,-1.4543165989217604,-0.33923404372499033,-1.502199859741275,-0.7272538841097257,-0.25605278437406587,-0.22919460362735344,0.4397081364603263,-1.3589412011461273,-1.5240531582747878,-0.5425747226939661,3.1780538303479458,0.03955301857300389,0.7071917808219178,Medium,1,1,-0.9883416514249671,-1.1093621948607517,-1.4543165989217617,-0.3392340437249904,-1.5021998597412745,-0.7272538841097255,-0.25605278437406614,-0.2291946036273518,0.4397081364603257,-1.3589412011461273,-1.5240531582747878,-0.5425747226939656,0.2788113855351543,0.03955301857296358,-0.27029545708802344,0.001818927581047415,0.6125530498969481
Scripps College,Yes,855,632,139,60,83,569,7,17238,7350,600,800,95.0,100,8.2,41,18372,73,-0.6085738034593213,-0.6511950387556508,-1.377726376526517,1.6144757210802627,-1.3838278284984231,-2.028489116527091,1.5325467164599382,0.44960143907769445,-0.831740799103585,1.6211201473361683,1.6789026453905742,-1.5841549225823564,3.7376696182833684,1.6684027996412933,0.7391812865497076,High,2,1,-0.6085738034593208,-0.6511950387556498,-1.3777263765265184,1.614475721080263,-1.3838278284984227,-2.0284891165270906,1.532546716459938,0.44960143907769606,-0.8317407991035857,1.6211201473361683,1.6789026453905742,-1.5841549225823557,1.1929497028195202,1.668402799641253,-0.05269343181828984,1.4151256580548508,0.6125530498969481
Seattle Pacific University,Yes,1183,1016,411,42,82,1922,704,12669,4875,600,1250,83.0,85,16.8,20,10368,66,-0.29329191090655765,-0.1556047393105027,-0.09311187142514843,0.9459121453121648,0.03757918532039626,0.4812260334227036,0.6413757165310602,0.44960143907769445,0.0766966911087716,0.6316618234008086,0.25767565625110594,0.7159264724323372,3.044522437723423,0.5168779279036426,0.8588334742180896,Medium,1,1,-0.29329191090655704,-0.15560473931050164,-0.09311187142514969,0.9459121453121649,0.03757918532039681,0.4812260334227038,0.6413757165310598,0.44960143907769606,0.07669669110877098,0.6316618234008086,0.257675656251106,0.7159264724323378,0.060686441260878146,0.5168779279036023,0.7612159354019669,0.001818927581047415,0.6125530498969481
Seattle University,Yes,2115,1540,494,28,72,2993,347,12825,4375,500,1500,85.0,85,12.2,16,10175,89,0.25258534964907037,0.2653978188588994,0.10442340951728551,0.25645415555414425,0.46772626280880886,0.01816909685153841,0.6750238258559333,-0.22919460362735344,0.45655088685874945,0.7873781516832565,0.25767565625110594,-0.43508339754859443,2.833213344056216,0.4726613226772952,0.7281323877068558,Medium,1,1,0.252585349649071,0.2653978188589005,0.10442340951728425,0.2564541555541443,0.4677262628088094,0.018169096851538648,0.675023825855933,-0.2291946036273518,0.45655088685874884,0.7873781516832565,0.257675656251106,-0.4350833975485938,-0.28448920152158647,0.4726613226772549,-0.12785129095070955,0.001818927581047415,0.6125530498969481
Seton Hall University,Yes,4576,3565,1000,16,36,4384,1530,12000,6484,650,1000,81.0,84,14.4,15,10080,64,0.9429135634690603,1.0790492887098946,0.8121438220282023,-0.5849046607537626,0.8063838390011773,1.0279763910974948,0.49390607097335004,0.7526774068770612,-0.3812772018018639,0.47962441223420943,0.17590711389826053,0.1332649014169342,2.772588722239781,0.45041849576360304,0.7790646853146853,Medium,1,1,0.9429135634690609,1.079049288709896,0.8121438220282011,-0.5849046607537627,0.8063838390011778,1.027976391097495,0.49390607097334976,0.7526774068770629,-0.38127720180186453,0.4796244122342094,0.17590711389826055,0.13326490141693478,-0.3835201634208818,0.45041849576356274,0.21860517528585827,0.001818927581047415,0.6125530498969481
Seton Hill College,Yes,936,794,197,24,56,752,210,11240,4180,350,2000,71.0,71,11.2,37,10065,71,-0.5199370532617769,-0.4109469616784923,-0.9409730329251293,0.012544204192919125,-1.023981671216556,-0.2914502513632972,0.3196686173908399,-1.5119094047906834,1.0664517666868942,-0.2253537109704769,-0.7494672137091747,-0.7065095991630403,3.6375861597263857,0.44687689853523455,0.8482905982905983,Medium,1,1,-0.5199370532617763,-0.4109469616784913,-0.9409730329251306,0.012544204192919118,-1.0239816712165555,-0.291450251363297,0.3196686173908396,-1.5119094047906818,1.0664517666868936,-0.22535371097047696,-0.7494672137091747,-0.7065095991630398,1.0294623131395182,0.44687689853519424,0.6895001929484448,0.001818927581047415,0.6125530498969481
Shippensburg University of Penn.,No,5818,3281,1116,14,53,5268,300,7844,3504,450,1700,80.0,83,18.8,13,6719,72,1.1499160787312133,1.0006667489086514,0.9155596559560772,-0.768473675269448,0.959550141898649,-0.0731450638483326,-0.5714816336528199,-0.6142542982610626,0.7203062079769135,0.404985518976676,0.09569733284866454,1.1770700285932776,2.6390573296152584,-0.6280984021063714,0.5639394981093159,Medium,1,0,1.149916078731214,1.0006667489086527,0.915559655956076,-0.7684736752694481,0.9595501418986495,-0.07314506384833236,-0.5714816336528202,-0.6142542982610609,0.7203062079769128,0.40498551897667595,0.09569733284866458,1.1770700285932783,-0.601645107695158,-0.6280984021064117,-1.2447396109936282,0.001818927581047415,-1.6325116659989423
Shorter College,Yes,540,445,165,23,70,1115,111,7210,3600,500,2000,62.0,65,13.2,18,7356,58,-1.0676923668614535,-1.0280170322804267,-1.1600529207840329,-0.05311907203067916,-0.5517248463097829,-0.6630195489235102,-0.7648398586414817,-0.22919460362735344,1.0664517666868942,-0.7811031790800594,-1.094880026424442,-0.17218743851993448,2.9444389791664403,-0.3662788831444252,0.8240740740740741,Low,0,1,-1.0676923668614529,-1.0280170322804258,-1.1600529207840342,-0.05311907203067917,-0.5517248463097824,-0.66301954892351,-0.7648398586414821,-0.2291946036273518,1.0664517666868936,-0.7811031790800594,-1.094880026424442,-0.1721874385199339,-0.10280094841912382,-0.3662788831444655,0.5247722737567625,-1.4114878028927562,0.6125530498969481
Siena College,Yes,2961,1932,628,24,68,2669,616,10800,5100,575,1090,71.0,82,14.1,42,8189,100,0.5583228139676683,0.4898972425203731,0.3539223280207676,0.012544204192919125,0.36042297525651323,0.3913281850542212,0.2152318024408838,0.28972012752516596,-0.2053053555016761,-0.2253537109704769,0.01703484187169807,0.0578612934555406,3.7612001156935624,-0.07237775097556177,0.6524822695035462,Medium,1,1,0.5583228139676688,0.4898972425203742,0.35392232802076634,0.012544204192919118,0.3604229752565138,0.3913281850542214,0.2152318024408835,0.28972012752516757,-0.20530535550167675,-0.22535371097047696,0.017034841871698108,0.05786129345554118,1.231387019584252,-0.07237775097560208,-0.6424456417672791,0.001818927581047415,0.6125530498969481
Siena Heights College,Yes,464,419,183,10,31,686,287,9240,3880,475,1090,29.0,49,7.2,17,9431,47,-1.222641827890807,-1.0936076179271195,-1.031360136195346,-1.2041414384332418,-1.1401016856010957,-0.10067963175366583,-0.17932884992884388,-0.4173081667300912,-0.2053053555016761,-2.1792584156981274,-1.7894061555299154,-1.9036274414904173,2.8903717578961645,0.28932188390791724,0.9030172413793104,Medium,1,1,-1.2226418278908064,-1.0936076179271186,-1.0313601361953473,-1.204141438433242,-1.1401016856010953,-0.1006796317536656,-0.17932884992884418,-0.4173081667300896,-0.20530535550167675,-2.1792584156981274,-1.7894061555299154,-1.9036274414904166,-0.1911203270674524,0.28932188390787694,1.0617669129675793,0.001818927581047415,0.6125530498969481
Simmons College,Yes,1003,782,295,23,53,1144,160,16160,6950,500,1200,74.0,81,8.9,33,14086,79,-0.45262776434261004,-0.42686230254655155,-0.46363023437733797,-0.05311907203067916,-0.5223295887704754,-0.45279577970094953,1.3377930819000552,-0.22919460362735344,-0.007652219861956637,-0.023524770795469573,-0.060091883356808096,-1.3695004894439946,3.5263605246161616,1.1778949762804038,0.7796610169491526,High,2,1,-0.45262776434260943,-0.42686230254655055,-0.46363023437733925,-0.05311907203067917,-0.5223295887704749,-0.4527957797009493,1.337793081900055,-0.2291946036273518,-0.007652219861957268,-0.023524770795469628,-0.06009188335680806,-1.369500489443994,0.8477740600370556,1.1778949762803634,0.22266159842964445,1.4151256580548508,0.6125530498969481
Simpson College,Yes,1016,872,300,27,57,1116,602,11250,4980,550,1400,66.0,73,15.8,36,7411,70,-0.4401274258152118,-0.31338413332931025,-0.44439459794848873,0.19803987368047163,-0.5506957651927539,0.37597020017488364,0.32201070401890103,0.12366360034857365,0.3122051961280074,-0.5433168502400174,-0.6232192944825511,0.47736869024981116,3.6109179126442243,-0.3453136948940066,0.8582677165354331,Medium,1,1,-0.4401274258152112,-0.31338413332930926,-0.44439459794849,0.19803987368047166,-0.5506957651927533,0.37597020017488386,0.32201070401890075,0.12366360034857528,0.3122051961280068,-0.5433168502400174,-0.6232192944825511,0.47736869024981177,0.9858994490492295,-0.3453136948940469,0.7573674852694278,0.001818927581047415,0.6125530498969481
Sioux Falls College,Yes,437,400,211,13,35,614,271,8990,3064,500,1700,73.0,73,14.8,7,7881,48,-1.2843567012088433,-1.1443533413753388,-0.8577084571742438,-0.867676873013996,-1.283416986199425,-0.13615489828360308,-0.24654493376420988,-0.22919460362735344,0.7203062079769135,-0.09172176908837011,-0.6232192944825511,0.23285911133526874,2.0794415416798357,-0.17545112803170965,0.9153318077803204,Medium,1,1,-1.2843567012088426,-1.144353341375338,-0.857708457174245,-0.8676768730139961,-1.2834169861994245,-0.13615489828360283,-0.2465449337642102,-0.2291946036273518,0.7203062079769128,-0.09172176908837017,-0.6232192944825511,0.23285911133526932,-1.515783424979524,-0.17545112803174995,1.145534215031597,0.001818927581047415,0.6125530498969481
Skidmore College,Yes,4293,2728,591,25,62,2322,263,18710,5970,500,700,87.0,92,12.7,29,14837,81,0.8872701202014993,0.8247677034083699,0.2916615422897252,0.07620224590010746,0.22630715487315042,-0.15460623362821796,1.7859617765642195,-0.22919460362735344,-1.0977621251970406,0.9467727128282987,0.8746535950171559,-0.3026284436876273,3.4011973816621555,1.2794433361044735,0.6354530631260191,High,2,1,0.8872701202014999,0.8247677034083711,0.2916615422897239,0.07620224590010746,0.22630715487315098,-0.1546062336282177,1.7859617765642193,-0.2291946036273518,-1.0977621251970413,0.9467727128282987,0.8746535950171559,-0.3026284436876267,0.643318740239679,1.279443336104433,-0.7582833114086404,1.4151256580548508,0.6125530498969481
Smith College,Yes,2925,1598,632,51,88,2479,95,18820,6390,500,1050,85.0,97,10.3,44,21199,90,0.5473382474836732,0.3022382015273224,0.360398791160588,1.3022664532279353,0.28981940002569184,-0.7502317576043798,1.804365188179075,-0.22919460362735344,-0.2817874147283941,0.7873781516832565,1.3645882269351624,-0.9589736432806009,3.8066624897703196,1.9048062344810974,0.5463247863247863,High,2,1,0.5473382474836738,0.3022382015273235,0.3603987911605867,1.3022664532279355,0.2898194000256924,-0.7502317576043795,1.8043651881790748,-0.2291946036273518,-0.2817874147283947,0.7873781516832565,1.3645882269351624,-0.9589736432806003,1.3056502891957145,1.904806234481057,-1.364560060595839,1.4151256580548508,0.6125530498969481
South Dakota State University,No,2807,2589,1701,13,37,7000,1103,3811,2190,500,1970,62.0,65,15.0,29,5084,67,0.510289242932976,0.774520480808903,1.2969007953241223,-0.867676873013996,1.1847604028803447,0.7923652481466137,-2.0597754697246597,-0.22919460362735344,1.0340854665631534,-0.7811031790800594,-1.094880026424442,0.2822630870249347,3.4011973816621555,-1.5197951194653279,0.9223370146063413,Low,0,0,0.5102892429329765,0.7745204808089042,1.296900795324121,-0.8676768730139961,1.1847604028803451,0.7923652481466139,-2.05977546972466,-0.2291946036273518,1.0340854665631527,-0.7811031790800594,-1.094880026424442,0.2822630870249353,0.643318740239679,-1.5197951194653683,1.1931856919173836,-1.4114878028927562,-1.6325116659989423
Southeast Missouri State University,No,2281,1870,1408,18,43,6553,1246,4680,3540,200,2150,75.0,76,17.1,8,5916,45,0.3218958086899084,0.4578234048506132,1.1288983487133772,-0.4176946998854468,1.133722862376778,0.8792484284109222,-1.6730878145462138,-3.4094059453370256,1.221831296504819,0.045592781487855547,-0.4230962065588109,0.7864078276084665,2.1972245773362196,-1.0184353103807786,0.8198158702323542,Low,0,0,0.321895808689909,0.4578234048506143,1.128898348713376,-0.41769469988544683,1.1337228623767786,0.8792484284109224,-1.673087814546214,-3.409405945337024,1.2218312965048184,0.04559278148785549,-0.42309620655881086,0.7864078276084671,-1.3233835886260938,-1.018435310380819,0.49580671899470047,-1.4114878028927562,-1.6325116659989423
Southeastern Oklahoma State Univ.,No,818,700,447,20,50,2962,651,3738,2619,450,1022,55.0,59,19.6,9,4444,53,-0.6521082746315597,-0.5431370632254229,-0.002249781004838262,-0.2637884142137961,0.458086113222836,0.4283890725211731,-2.094801585568201,-0.6142542982610626,-0.33694699177595056,-1.1617342104568764,-1.392393977623881,1.3561294433902287,2.302585092994046,-2.0007340874946844,0.8557457212713936,Low,0,0,-0.6521082746315592,-0.5431370632254219,-0.002249781004839524,-0.2637884142137962,0.45808611322283654,0.4283890725211733,-2.0948015855682014,-0.6142542982610609,-0.33694699177595117,-1.1617342104568764,-1.392393977623881,1.3561294433902293,-1.1512760702749985,-2.000734087494725,0.7402121318280355,-1.4114878028927562,-1.6325116659989423
Southern California College,Yes,385,340,193,18,38,784,127,9520,4124,630,1818,63.0,65,18.6,11,8219,43,-1.4156622262596026,-1.3233585876454554,-0.9660226653154785,-0.4176946998854468,-0.972067692102322,-0.5864818062904431,-0.10545044905563535,0.6339700079371658,0.862734590826136,-0.7230390518843525,-1.094880026424442,1.1318449172048743,2.4849066497880004,-0.0626576399076001,0.8831168831168831,Medium,1,1,-1.415662226259602,-1.3233585876454546,-0.9660226653154798,-0.41769469988544683,-0.9720676921023215,-0.5864818062904429,-0.10545044905563564,0.6339700079371675,0.8627345908261354,-0.7230390518843525,-1.094880026424442,1.131844917204875,-0.8534518760234878,-0.0626576399076404,0.9263988238715478,0.001818927581047415,0.6125530498969481
Southern Illinois University at Edwardsville,No,2540,2195,994,13,40,6063,2550,5472,3598,221,2216,76.0,81,16.5,8,7498,43,0.41989670266023144,0.6147038740207382,0.8064226063199836,-0.867676873013996,1.072658693177838,1.4113477472292013,-1.3599443666311688,-3.0808031470465225,1.2870398345795135,0.11563079124223473,-0.060091883356808096,0.6449537276656453,2.1972245773362196,-0.3126360549962294,0.8641732283464567,Low,0,0,0.41989670266023205,0.6147038740207394,0.8064226063199824,-0.8676768730139961,1.0726586931778384,1.4113477472292015,-1.359944366631169,-3.0808031470465207,1.2870398345795129,0.11563079124223467,-0.06009188335680806,0.6449537276656458,-1.3233835886260938,-0.3126360549962697,0.7975385132705489,-1.4114878028927562,-1.6325116659989423
Southern Methodist University,Yes,4301,3455,1166,41,69,4892,387,12772,5078,576,1802,74.0,88,13.5,17,12726,72,0.8888965242235662,1.0495097929786252,0.9563739254426247,0.9029060992795953,0.8985451877342987,0.08748542507226617,0.6636224056253339,0.296230603633638,0.8439328178215573,-0.023524770795469573,0.5124477851823425,-0.09484535878691201,2.8903717578961645,0.9709396056342338,0.8033015577772611,Medium,1,1,0.8888965242235668,1.0495097929786266,0.9563739254426235,0.9029060992795954,0.8985451877342993,0.0874854250722664,0.6636224056253336,0.2962306036336396,0.8439328178215566,-0.023524770795469628,0.5124477851823425,-0.09484535878691143,-0.1911203270674524,0.9709396056341935,0.38347150923109086,0.001818927581047415,0.6125530498969481
Southwest Baptist University,Yes,1093,1093,642,12,32,1770,967,7070,2500,400,1000,52.0,54,15.9,13,4718,71,-0.36943731408088426,-0.08077771585910468,0.3763852406208076,-0.972731667786928,-0.0471373383037216,0.6997460345745065,-0.8090303493988384,-1.0385747644412713,-0.3812772018018639,-1.3110239587515067,-1.6057345224000523,0.5014836937996878,2.6390573296152584,-1.782527036980783,1.0,Low,0,1,-0.36943731408088365,-0.08077771585910361,0.3763852406208063,-0.9727316677869281,-0.04713733830372105,0.6997460345745067,-0.8090303493988388,-1.0385747644412697,-0.38127720180186453,-1.3110239587515067,-1.6057345224000523,0.5014836937996884,-0.601645107695158,-1.7825270369808235,1.7214721572963374,-1.4114878028927562,0.6125530498969481
Southwest Missouri State University,No,6118,5254,3204,15,37,13131,3374,4740,2590,500,1360,70.0,75,19.9,11,4632,56,1.1928021925298717,1.4393257349620725,1.8253946631974616,-0.6744109272506594,1.6360150705160172,1.6298472710186849,-1.648196767844163,-0.22919460362735344,0.25177778826198577,-0.29078845475452025,-0.4912534379026085,1.4225407001032166,2.4849066497880004,-1.848867906724182,0.8587773782281791,Low,0,0,1.1928021925298724,1.4393257349620738,1.8253946631974602,-0.6744109272506595,1.6360150705160177,1.629847271018685,-1.6481967678441631,-0.2291946036273518,0.25177778826198516,-0.2907884547545203,-0.49125343790260845,1.4225407001032173,-0.8534518760234878,-1.8488679067242224,0.7608343539821754,-1.4114878028927562,-1.6325116659989423
Southwest State University,No,1047,938,511,13,33,2091,546,4285,2750,600,1800,58.0,75,16.5,31,6591,51,-0.4109984258968238,-0.2378572408478108,0.14015464237242803,-0.867676873013996,0.1226718338703392,0.31113086035934406,-1.8424294119400952,0.44960143907769445,0.8415717373866589,-1.0041402352396067,-0.4912534379026085,0.6449537276656453,3.4657359027997265,-0.6853714445615338,0.8958930276981852,Low,0,0,-0.41099842589682317,-0.23785724084780974,0.14015464237242678,-0.8676768730139961,0.12267183387033975,0.3111308603593443,-1.8424294119400955,0.44960143907769606,0.8415717373866582,-1.0041402352396067,-0.49125343790260845,0.6449537276656458,0.7487430981377603,-0.6853714445615741,1.01330591645645,-1.4114878028927562,-1.6325116659989423
Southwestern Adventist College,Yes,321,318,172,11,27,620,280,7536,3736,430,1651,44.0,77,13.0,12,5309,36,-1.6062155054081568,-1.3976252986470237,-1.108165119052506,-1.0845174670653985,-1.270708409945612,-0.11597494630920409,-0.6640800050053582,-0.7787983205995127,0.6584548487670904,-1.6685031175609324,-0.35347352257287784,-0.22412911897517096,2.5649493574615367,-1.3723144124588036,0.9906542056074766,Medium,1,1,-1.6062155054081562,-1.3976252986470228,-1.1081651190525073,-1.0845174670653988,-1.2707084099456116,-0.11597494630920385,-0.6640800050053586,-0.778798320599511,0.6584548487670897,-1.6685031175609324,-0.3534735225728778,-0.22412911897517038,-0.7227012651918747,-1.372314412458844,1.6578993154752482,0.001818927581047415,0.6125530498969481
Southwestern College,Yes,213,155,75,28,66,504,147,7200,3532,550,1500,56.0,56,11.8,12,7818,52,-2.045479161654492,-2.2175061879339375,-2.2100771178127765,0.25645415555414425,-1.5473521170315898,-0.5021953986806045,-0.7679775314726306,0.12366360034857365,0.45655088685874945,-1.1101254032815964,-1.5240531582747878,-0.5425747226939661,2.5649493574615367,-0.1973026680435127,0.7276995305164319,Low,0,1,-2.0454791616544914,-2.217506187933937,-2.210077117812778,0.2564541555541443,-1.5473521170315894,-0.5021953986806043,-0.7679775314726309,0.12366360034857528,0.45655088685874884,-1.1101254032815964,-1.5240531582747878,-0.5425747226939656,-0.7227012651918747,-0.197302668043553,-0.13079571285238953,-1.4114878028927562,0.6125530498969481
Southwestern University,Yes,1244,912,352,44,77,1177,43,11850,4675,600,1050,83.0,89,11.3,35,12995,67,-0.2451355840660426,-0.2669108350324583,-0.26390684715303286,1.0296888476949615,-0.4899652184772996,-1.1741414143251225,0.4601038015829847,0.44960143907769445,-0.2817874147283941,0.6316618234008086,0.6005650532112241,-0.6789541283407586,3.58351893845611,1.0145124645762944,0.7331189710610932,Medium,1,1,-0.245135584066042,-0.2669108350324573,-0.26390684715303414,1.0296888476949617,-0.48996521847729907,-1.1741414143251223,0.4601038015829844,0.44960143907769606,-0.2817874147283947,0.6316618234008086,0.6005650532112241,-0.6789541283407581,0.9411429344911897,1.014512464576254,-0.09393108454640224,0.001818927581047415,0.6125530498969481
Spalding University,Yes,283,201,97,10,45,589,263,8400,2800,600,900,50.0,56,10.6,40,6860,89,-1.7397611609860317,-1.9162948501520816,-1.8534678516103478,-1.2041414384332418,-1.3380473725683333,-0.15460623362821796,-0.4101964618018934,0.44960143907769445,-0.5948985251933547,-1.4059352088535653,-1.5240531582747878,-0.8738990280930917,3.713572066704308,-0.5669252096684048,0.7102473498233216,Medium,1,1,-1.739761160986031,-1.9162948501520807,-1.853467851610349,-1.204141438433242,-1.3380473725683328,-0.1546062336282177,-0.4101964618018937,0.44960143907769606,-0.5948985251933554,-1.4059352088535653,-1.5240531582747878,-0.8738990280930912,1.1535860970634626,-0.5669252096684451,-0.24951057817445907,0.001818927581047415,0.6125530498969481
Spelman College,Yes,3713,1237,443,47,83,1971,107,7000,5565,660,2400,73.0,80,12.5,18,9988,65,0.7597929291157753,0.04513121169772411,-0.011921072909136864,1.1501937769220454,0.06316247116920436,-0.6837042616691059,-0.8313414029239493,0.8108421981673638,1.4597682931085838,-0.09172176908837011,-0.1356944211524122,-0.3553625238528725,2.9444389791664403,0.42856772559235057,0.3331537840021546,Low,0,1,0.7597929291157759,0.0451312116977252,-0.011921072909138125,1.1501937769220456,0.06316247116920491,-0.6837042616691057,-0.8313414029239496,0.8108421981673655,1.4597682931085831,-0.09172176908837017,-0.13569442115241218,-0.35536252385287187,-0.10280094841912382,0.42856772559231027,-2.8146119066263044,-1.4114878028927562,0.6125530498969481
Spring Arbor College,Yes,372,362,181,15,32,1501,353,8600,3550,385,665,48.0,48,15.4,9,10938,49,-1.4514722387675145,-1.2540611970532523,-1.0449219636891016,-0.6744109272506594,-0.22130436128755068,0.029011606226874504,-0.3538989000342419,-1.1748916401212497,-1.19925094943951,-1.4971529459749755,-1.8227310098814986,0.38030884250552255,2.302585092994046,0.6403740388419801,0.9731182795698925,Medium,1,1,-1.4514722387675139,-1.2540611970532514,-1.044921963689103,-0.6744109272506595,-0.22130436128755013,0.029011606226874743,-0.3538989000342422,-1.1748916401212481,-1.1992509494395107,-1.4971529459749755,-1.8227310098814986,0.38030884250552316,-1.1512760702749985,0.6403740388419398,1.5386147896926674,0.001818927581047415,0.6125530498969481
St. Bonaventure University,Yes,1489,1313,375,13,45,1688,131,10456,4927,500,1050,91.0,91,17.7,32,9828,78,-0.07438448187889048,0.10540698529324827,-0.1936540537124959,-0.867676873013996,-0.09661155750627903,-0.5687111330584822,0.13161714176266778,-0.22919460362735344,-0.2817874147283941,1.2765938761615636,0.7816568116943878,0.9259436201670271,3.4965075614664802,0.38981734163491427,0.8817998656816656,Medium,1,1,-0.07438448187888988,0.10540698529324936,-0.19365405371249714,-0.8676768730139961,-0.09661155750627848,-0.568711133058482,0.13161714176266748,-0.2291946036273518,-0.2817874147283947,1.2765938761615636,0.7816568116943878,0.9259436201670277,0.7990089285165864,0.38981734163487397,0.917440083975485,0.001818927581047415,0.6125530498969481
St. John's College,Yes,323,278,122,31,51,393,4,16150,5450,275,800,63.0,72,7.2,26,15622,64,-1.5996636524351824,-1.547914394167969,-1.5472072620963404,0.4228593760746721,-1.896599640326984,-2.2624229781868515,1.3359470725190887,-2.3464134119857327,-0.831740799103585,-0.7230390518843525,-0.6870519494859656,-1.9036274414904173,3.295836866004329,1.377446398926897,0.8606811145510835,High,2,1,-1.5996636524351817,-1.547914394167968,-1.5472072620963417,0.42285937607467217,-1.8965996403269836,-2.262422978186851,1.3359470725190885,-2.346413411985731,-0.8317407991035857,-0.7230390518843525,-0.6870519494859656,-1.9036274414904166,0.47121122188858366,1.3774463989268566,0.7737841282915572,1.4151256580548508,0.6125530498969481
St. John Fisher College,Yes,1368,1064,354,19,51,1687,677,10570,5600,400,800,86.0,81,14.5,29,7908,66,-0.15460783956832744,-0.10827764340973485,-0.25759044251101076,-0.33923404372499033,-0.09723287882453231,0.4547748843306873,0.15952422946725292,-1.0385747644412713,-0.831740799103585,0.8666156952783766,-0.060091883356808096,0.15826329539749684,3.4011973816621555,-0.16616846827358214,0.7777777777777778,Medium,1,1,-0.15460783956832683,-0.10827764340973378,-0.25759044251101204,-0.3392340437249904,-0.09723287882453176,0.4547748843306875,0.15952422946725262,-1.0385747644412697,-0.8317407991035857,0.8666156952783766,-0.06009188335680806,0.15826329539749742,0.643318740239679,-0.16616846827362244,0.20985125177266403,0.001818927581047415,0.6125530498969481
St. Lawrence University,Yes,2753,1820,505,31,56,1801,45,18720,5730,650,825,90.0,94,11.5,38,14980,85,0.49277346425816065,0.43111795037945194,0.1277022681171588,0.4228593760746721,-0.02915653247906142,-1.1507160945452137,1.7876377464578235,0.7526774068770612,-0.7700634020847932,1.1927597836517578,1.0656043502924986,-0.6241261617099947,3.6635616461296463,1.2978847122133252,0.6610969851071559,High,2,1,0.49277346425816126,0.43111795037945305,0.12770226811715754,0.42285937607467217,-0.029156532479060873,-1.1507160945452135,1.7876377464578233,0.7526774068770629,-0.7700634020847938,1.1927597836517578,1.0656043502924986,-0.6241261617099941,1.0718935453228027,1.2978847122132848,-0.5838458128602707,1.4151256580548508,0.6125530498969481
St. Martin's College,Yes,191,165,63,5,25,494,574,11550,4270,300,500,43.0,77,14.5,8,9209,40,-2.1644589572563944,-2.1445471800093117,-2.459925505369126,-1.991623129577312,-1.5747885639187171,0.3442634149234432,0.3916464168528553,-2.0483080496073764,-1.7565250578392297,-1.709030311422958,-0.35347352257287784,0.15826329539749684,2.1972245773362196,0.23023227463147655,0.8638743455497382,Medium,1,1,-2.164458957256394,-2.144547180009311,-2.459925505369127,-1.9916231295773121,-1.5747885639187167,0.3442634149234434,0.391646416852855,-2.0483080496073747,-1.7565250578392304,-1.709030311422958,-0.3534735225728778,0.15826329539749742,-1.3233835886260938,0.23023227463143625,0.7955054245933539,0.001818927581047415,0.6125530498969481
St. Mary's College of California,Yes,2643,1611,465,36,80,2615,248,13332,6354,630,1584,88.0,89,16.1,17,9619,78,0.4559241753728693,0.3102993804394193,0.040068843045389234,0.6753287453312369,0.34099547651362133,-0.19060927051232365,0.7825578135290102,0.6339700079371658,0.5710728148990957,1.0278491213014884,0.6005650532112241,0.5495374102901839,2.8903717578961645,0.3377089849159631,0.6095346197502838,High,2,1,0.4559241753728699,0.3102993804394204,0.04006884304538797,0.675328745331237,0.3409954765136219,-0.1906092705123234,0.7825578135290099,0.6339700079371675,0.571072814899095,1.0278491213014884,0.6005650532112241,0.5495374102901844,-0.1911203270674524,0.33770898491592277,-0.9345881852129093,1.4151256580548508,0.6125530498969481
St. Mary's College of Maryland,No,1340,695,285,42,73,1315,209,6800,4730,675,1250,84.0,89,11.6,23,10357,63,-0.17425754410301708,-0.5506922294520958,-0.5032550825645917,0.9459121453121648,-0.36569649482837024,-0.2943199092245855,-0.8959060608122661,0.8966657966142662,0.0766966911087716,0.7090601660532498,0.6005650532112241,-0.5968513856813783,3.1780538303479458,0.5143920055324126,0.5186567164179104,Low,0,0,-0.17425754410301647,-0.5506922294520948,-0.503255082564593,0.9459121453121649,-0.3656964948283697,-0.2943199092245853,-0.8959060608122664,0.8966657966142678,0.07669669110877098,0.7090601660532498,0.6005650532112241,-0.5968513856813777,0.2788113855351543,0.5143920055323723,-1.552766408586097,-1.4114878028927562,-1.6325116659989423
St. Mary's University of San Antonio,Yes,1243,1020,414,33,60,2149,418,8678,3858,700,1736,82.0,83,16.2,7,7651,72,-0.24590443840849815,-0.15157040637216992,-0.08519536108004984,0.5272445442404744,0.1499612297579822,0.13689545481892254,-0.33217604045219784,1.0360807079976635,0.7647048434362497,0.5551832097645348,0.09569733284866454,0.5734771377015533,2.0794415416798357,-0.25656415671425525,0.8205953338696702,Medium,1,1,-0.24590443840849754,-0.15157040637216887,-0.0851953610800511,0.5272445442404745,0.14996122975798276,0.1368954548189228,-0.3321760404521981,1.036080707997665,0.764704843436249,0.5551832097645348,0.09569733284866458,0.5734771377015538,-1.515783424979524,-0.25656415671429555,0.501108859876381,0.001818927581047415,0.6125530498969481
St. Norbert College,Yes,1334,1243,568,30,56,1946,95,12140,4450,425,1100,74.0,78,15.1,36,8595,88,-0.17852549477540508,0.05003197472974338,0.2506478173314656,0.36877700770497285,0.05020788144685953,-0.7502317576043798,0.525205320806295,-0.8209747619128162,-0.18659120676503163,-0.023524770795469573,-0.28237352323745246,0.30686892312721825,3.6109179126442243,0.05469859984706637,0.931784107946027,Medium,1,1,-0.17852549477540447,0.050031974729744466,0.25064781733146435,0.3687770077049729,0.05020788144686008,-0.7502317576043795,0.5252053208062947,-0.8209747619128145,-0.18659120676503227,-0.023524770795469628,-0.2823735232374524,0.30686892312721886,0.9858994490492295,0.05469859984702606,1.2574475989665437,0.001818927581047415,0.6125530498969481
St. Paul's College,Yes,651,581,243,8,17,617,34,5000,3650,600,600,45.0,45,14.0,8,8426,45,-0.8790659402227905,-0.7407393758374575,-0.6891883856438084,-1.473054451276509,-1.2770438678460816,-1.2934851488090782,-1.5426640334792197,0.44960143907769445,-1.4016057555673218,-1.6270516236131045,-1.9161399642376822,0.03258838544133381,2.1972245773362196,0.002950432938243842,0.8924731182795699,Low,0,1,-0.8790659402227899,-0.7407393758374565,-0.6891883856438096,-1.4730544512765091,-1.2770438678460811,-1.293485148809078,-1.5426640334792199,0.44960143907769606,-1.4016057555673225,-1.6270516236131045,-1.9161399642376822,0.03258838544133439,-1.3233835886260938,0.0029504329382035364,0.9900426868816565,-1.4114878028927562,0.6125530498969481
St. Thomas Aquinas College,Yes,861,609,215,10,27,1117,815,8650,5700,500,1750,69.0,73,16.1,13,6534,67,-0.6017049745202295,-0.6905836823883482,-0.8350844145151082,-1.2041414384332418,-0.5496678074627818,0.5811669485935346,-0.33995917564912786,-0.22919460362735344,0.7817410839239779,-0.3553022448597683,-0.6232192944825511,0.5495374102901839,2.6390573296152584,-0.7114311672619981,0.7073170731707317,Medium,1,1,-0.601704974520229,-0.6905836823883472,-0.8350844145151094,-1.204141438433242,-0.5496678074627812,0.5811669485935348,-0.33995917564912814,-0.2291946036273518,0.7817410839239772,-0.35530224485976836,-0.6232192944825511,0.5495374102901844,-0.601645107695158,-0.7114311672620384,-0.269443181686062,0.001818927581047415,0.6125530498969481
Stephens College,Yes,450,405,194,17,34,614,388,13900,5200,450,2150,46.0,63,10.9,17,9995,59,-1.254146370193046,-1.1307532519471901,-0.9597044877315828,-0.49946894118390567,-1.283416986199425,0.08913409579724563,0.8998852924398955,-0.6142542982610626,1.221831296504819,-1.584675991833187,-1.199238322126377,-0.7897561601567338,2.8903717578961645,0.4302411812328034,0.9,High,2,1,-1.2541463701930453,-1.1307532519471892,-0.959704487731584,-0.4994689411839057,-1.2834169861994245,0.08913409579724586,0.8998852924398951,-0.6142542982610609,1.2218312965048184,-1.584675991833187,-1.199238322126377,-0.7897561601567332,-0.1911203270674524,0.4302411812327631,1.0412427498106844,1.4151256580548508,0.6125530498969481
Stetson University,Yes,1557,1227,489,37,69,1964,81,12315,4565,600,1365,85.0,90,12.5,24,10307,73,-0.0323145616647638,0.036906521388252275,0.09364363595121389,0.7226458157909567,0.059555462092445895,-0.8381790084362992,0.5639977028720312,0.44960143907769445,0.2594205297677627,0.7873781516832565,0.6902976719925955,-0.3553625238528725,3.2188758248682006,0.5030408285179029,0.7880539499036608,Medium,1,1,-0.032314561664763194,0.036906521388253365,0.09364363595121263,0.7226458157909568,0.05955546209244644,-0.838179008436299,0.5639977028720309,0.44960143907769606,0.2594205297677621,0.7873781516832565,0.6902976719925955,-0.35536252385287187,0.34549454598816776,0.5030408285178626,0.27975279653676416,0.001818927581047415,0.6125530498969481
Stevens Institute of Technology,Yes,1768,1249,380,51,93,1263,11,16900,5680,450,750,89.0,89,19.0,33,12837,79,0.08666789306854829,0.05490751043285541,-0.17903891351558132,1.3022664532279353,-0.4105714136996246,-1.8298731617089106,1.4723661123632086,-0.6142542982610626,-0.9606431574714017,1.109844838622803,0.6005650532112241,1.222108344767349,3.5263605246161616,0.9890900989515629,0.706447963800905,High,2,1,0.08666789306854888,0.0549075104328565,-0.17903891351558257,1.3022664532279355,-0.410571413699624,-1.8298731617089103,1.4723661123632084,-0.6142542982610609,-0.9606431574714024,1.109844838622803,0.6005650532112241,1.2221083447673498,0.8477740600370556,0.9890900989515226,-0.2753551192028361,1.4151256580548508,0.6125530498969481
Stockton College of New Jersey,No,4019,1579,710,23,65,4365,765,3040,4351,711,1125,78.0,92,19.5,7,5599,64,0.8295126659532778,0.2903294713684314,0.47799570027872806,-0.05311907203067916,0.8026871281722465,0.5377717970498993,-2.4549598858849975,1.0960530696506436,-0.14048620595181638,0.25846780349494175,0.8746535950171559,1.333904627868098,2.0794415416798357,-1.1958640745303721,0.39288380194078126,Low,0,0,0.8295126659532783,0.2903294713684325,0.4779957002787268,-0.05311907203067917,0.8026871281722471,0.5377717970498995,-2.454959885884998,1.0960530696506452,-0.14048620595181702,0.2584678034949417,0.8746535950171559,1.3339046278680986,-1.515783424979524,-1.1958640745304125,-2.40831075951131,-1.4114878028927562,-1.6325116659989423
Stonehill College,Yes,3646,2300,585,25,69,2022,926,12170,6172,480,800,79.0,79,13.0,30,7495,97,0.7437047920491107,0.6601237760413322,0.2811421084782938,0.07620224590010746,0.08897941740745142,0.6695150890881191,0.5318814148129978,-0.3790064844169328,-0.831740799103585,0.33126661926272183,-0.20978440474634713,-0.22412911897517096,3.4339872044851463,-0.3137531231165552,0.6308283049917718,Medium,1,1,0.7437047920491112,0.6601237760413334,0.2811421084782925,0.07620224590010746,0.08897941740745198,0.6695150890881193,0.5318814148129974,-0.3790064844169312,-0.8317407991035857,0.3312666192627218,-0.2097844047463471,-0.22412911897517038,0.696881263144984,-0.3137531231165955,-0.7897422762628755,0.001818927581047415,0.6125530498969481
SUNY at Albany,No,13528,9198,1843,16,61,10168,1231,6550,4355,700,1560,93.0,96,17.4,16,9075,74,1.849281788432274,1.94278369088617,1.3666956246401594,-0.5849046607537626,1.460031329876521,0.8705694394243594,-0.9783909818319574,1.0360807079976635,0.5389373745605943,1.4470191871641125,1.2632379969775114,0.8564097284492161,2.833213344056216,0.19349096498005725,0.6799231224127735,Low,0,0,1.8492817884322748,1.9427836908861713,1.366695624640158,-0.5849046607537627,1.4600313298765215,0.8705694394243596,-0.9783909818319577,1.036080707997665,0.5389373745605937,1.4470191871641125,1.2632379969775114,0.8564097284492167,-0.28448920152158647,0.19349096498001694,-0.45578489061383226,-1.4114878028927562,-1.6325116659989423
SUNY at Binghamton,No,14463,6166,1757,60,94,8544,671,6550,4598,700,1000,83.0,100,18.0,15,8055,80,1.902860246359345,1.5852220438727058,1.3252008207717718,1.6144757210802627,1.3345207146241245,0.44876794921214425,-0.9783909818319574,1.0360807079976635,-0.3812772018018639,0.6316618234008086,1.6789026453905742,0.995020485992735,2.772588722239781,-0.11647402489726985,0.42632925395837656,Low,0,0,1.9028602463593456,1.5852220438727072,1.3252008207717705,1.614475721080263,1.334520714624125,0.44876794921214447,-0.9783909818319577,1.036080707997665,-0.38127720180186453,0.6316618234008086,1.6789026453905742,0.9950204859927355,-0.3835201634208818,-0.11647402489731015,-2.180804959421123,-1.4114878028927562,-1.6325116659989423
SUNY at Buffalo,No,15039,9649,3087,36,100,13963,3124,6550,4731,708,957,90.0,97,13.6,15,11177,56,1.934048298027924,1.9849211795511603,1.795744261562913,0.6753287453312369,1.676844672155481,1.5691691808080093,-0.9783909818319574,1.079777586669213,-0.47059364790864255,1.1927597836517578,1.3645882269351624,-0.06921364143108524,2.772588722239781,0.6892441478728561,0.6415985105392645,Low,0,0,1.9340482980279248,1.9849211795511617,1.7957442615629116,0.675328745331237,1.6768446721554815,1.5691691808080095,-0.9783909818319577,1.0797775866692145,-0.47059364790864316,1.1927597836517578,1.3645882269351624,-0.06921364143108466,-0.3835201634208818,0.6892441478728158,-0.7164801708821787,-1.4114878028927562,-1.6325116659989423
SUNY at Stony Brook,No,12512,6969,1724,27,66,9744,1351,6550,4712,600,1200,91.0,96,10.5,7,13705,57,1.7863603747954113,1.6957249206649068,1.3086522309806476,0.19803987368047163,1.4297507236217932,0.9374922384855371,-0.9783909818319574,0.44960143907769445,-0.007652219861956637,1.2765938761615636,1.2632379969775114,-0.9021518863751771,2.0794415416798357,1.1231224297182354,0.5569852941176471,Low,0,0,1.786360374795412,1.695724920664908,1.3086522309806463,0.19803987368047166,1.4297507236217937,0.9374922384855373,-0.9783909818319577,0.44960143907769606,-0.007652219861957268,1.2765938761615636,1.2632379969775114,-0.9021518863751765,-1.515783424979524,1.123122429718195,-1.2920441516015004,-1.4114878028927562,-1.6325116659989423
SUNY College  at Brockport,No,7294,3564,904,7,34,5758,1363,6550,4460,500,705,79.0,83,19.0,14,6632,49,1.3415407069178702,1.0787851593080178,0.715494259534671,-1.626781013821947,1.0315265544875447,0.943886560160843,-0.9783909818319574,-0.22919460362735344,-1.0836490146237971,0.33126661926272183,0.09569733284866454,1.222108344767349,2.70805020110221,-0.6668406807797773,0.48862078420619687,Low,0,0,1.3415407069178709,1.078785159308019,0.7154942595346698,-1.6267810138219472,1.0315265544875452,0.9438865601608433,-0.9783909818319577,-0.2291946036273518,-1.0836490146237978,0.3312666192627218,0.09569733284866458,1.2221083447673498,-0.488944521318963,-0.6668406807798176,-1.7570796523026286,-1.4114878028927562,-1.6325116659989423
SUNY College  at Oswego,No,8000,4556,1464,17,70,6943,869,6550,4810,500,1500,69.0,85,22.0,21,5280,63,1.4189414712458808,1.308028648840156,1.1639590735832954,-0.49946894118390567,1.1784765064917881,0.6254175275588524,-0.9783909818319574,-0.22919460362735344,0.45655088685874945,-0.3553022448597683,0.25767565625110594,1.8769734548205472,3.091042453358316,-1.3907775331211751,0.5695,Low,0,0,1.4189414712458814,1.3080286488401573,1.163959073583294,-0.4994689411839057,1.1784765064917886,0.6254175275588526,-0.9783909818319577,-0.2291946036273518,0.45655088685874884,-0.35530224485976836,0.257675656251106,1.876973454820548,0.13667737956055104,-1.3907775331212155,-1.2069154419293988,-1.4114878028927562,-1.6325116659989423
SUNY College at Buffalo,No,5318,3515,1025,8,29,7626,2091,6550,4040,550,1230,71.0,78,18.7,12,7511,42,1.07287710176466,1.0657448281982207,0.8355631836679515,-1.473054451276509,1.2499183886203395,1.2601087892710834,-0.9783909818319574,0.12366360034857365,0.043338678820573046,-0.2253537109704769,-0.28237352323745246,1.15448099537168,2.5649493574615367,-0.307803380825593,0.6609627679578789,Low,0,0,1.0728771017646606,1.065744828198222,0.8355631836679502,-1.4730544512765091,1.24991838862034,1.2601087892710836,-0.9783909818319577,0.12366360034857528,0.043338678820572414,-0.22535371097047696,-0.2823735232374524,1.1544809953716806,-0.7227012651918747,-0.3078033808256333,-0.5847587973795416,-1.4114878028927562,-1.6325116659989423
SUNY College at Cortland,No,7888,3519,1036,6,40,5011,346,6550,4680,630,1274,82.0,85,17.8,17,5563,53,1.407163486657948,1.0668166091044966,0.8456598574430836,-1.7978331880954055,0.9184540854012653,0.01634560761381243,-0.9783909818319574,0.6339700079371658,0.11608006940211649,0.5551832097645348,0.25767565625110594,0.9490194931800552,2.8903717578961645,-1.2169946134274265,0.44612068965517243,Low,0,0,1.4071634866579488,1.066816609104498,0.8456598574430824,-1.7978331880954057,0.9184540854012658,0.01634560761381267,-0.9783909818319577,0.6339700079371675,0.11608006940211586,0.5551832097645348,0.257675656251106,0.9490194931800557,-0.1911203270674524,-1.216994613427467,-2.0461777936479044,-1.4114878028927562,-1.6325116659989423
SUNY College at Fredonia,No,4877,2798,814,13,48,4123,298,6550,4420,620,1481,82.0,90,16.3,10,6442,66,0.9981827530464736,0.8490454949971148,0.613470606504711,-0.867676873013996,0.7538142127712115,-0.07731029512284424,-0.9783909818319574,0.5733801243165285,0.42982502821844604,0.5551832097645348,0.6902976719925955,0.5973594417391935,2.3978952727983707,-0.7542405906553046,0.5737133483698995,Low,0,0,0.9981827530464742,0.849045494997116,0.6134706065047097,-0.8676768730139961,0.7538142127712121,-0.077310295122844,-0.9783909818319577,0.5733801243165302,0.4298250282184454,0.5551832097645348,0.6902976719925955,0.5973594417391941,-0.9955858819980911,-0.7542405906553449,-1.178255007277525,-1.4114878028927562,-1.6325116659989423
SUNY College at Geneseo,No,8598,4562,1143,56,93,5060,146,6550,4170,600,650,79.0,84,19.1,25,5716,76,1.4789740600804513,1.3092468114796267,0.9378552749180258,1.4803479884652575,0.92648504367778,-0.5061565996033315,-0.9783909818319574,0.44960143907769445,-1.2442682362821473,0.33126661926272183,0.17590711389826053,1.244558309119232,3.258096538021482,-1.1286125511079583,0.5305885089555711,Low,0,0,1.478974060080452,1.309246811479628,0.9378552749180246,1.4803479884652577,0.9264850436777805,-0.5061565996033313,-0.9783909818319577,0.44960143907769606,-1.244268236282148,0.3312666192627218,0.17590711389826055,1.2445583091192327,0.4095619963667674,-1.1286125511079987,-1.4716028469047506,-1.4114878028927562,-1.6325116659989423
SUNY College at New Paltz,No,8399,3609,656,19,53,4658,1478,6550,4240,550,1500,85.0,93,15.3,8,6608,53,1.459507698836959,1.0905932184264566,0.3982901306209087,-0.33923404372499033,0.8576172367905969,1.00271850206878,-0.9783909818319574,0.12366360034857365,0.45655088685874945,0.7873781516832565,0.9692990979140862,0.35589122750062535,2.1972245773362196,-0.6776664383562125,0.42969401119180856,Low,0,0,1.4595076988369597,1.090593218426458,0.3982901306209074,-0.3392340437249904,0.8576172367905974,1.0027185020687803,-0.9783909818319577,0.12366360034857528,0.45655088685874884,0.7873781516832565,0.9692990979140862,0.35589122750062596,-1.3233835886260938,-0.6776664383562528,-2.157916891228818,-1.4114878028927562,-1.6325116659989423
SUNY College at Plattsburgh,No,5549,3583,853,9,40,5004,475,6550,4176,600,1380,80.0,90,17.9,16,6174,65,1.1093939066627867,1.0837901187431442,0.6592028933756201,-1.3330274833513367,0.9172989932875704,0.2196986185995941,-0.9783909818319574,0.44960143907769445,0.28219421599902045,0.404985518976676,0.6902976719925955,0.9720449849419147,2.833213344056216,-0.884511184810382,0.6457019282753649,Low,0,0,1.1093939066627874,1.0837901187431456,0.6592028933756189,-1.333027483351337,0.9172989932875709,0.21969861859959436,-0.9783909818319577,0.44960143907769606,0.28219421599901984,0.40498551897667595,0.6902976719925955,0.9720449849419153,-0.28448920152158647,-0.8845111848104223,-0.6885675167292421,-1.4114878028927562,-1.6325116659989423
SUNY College at Potsdam,No,3150,2289,650,16,51,3598,234,6840,4660,500,1000,71.0,75,15.1,17,6436,59,0.6137359440855941,0.6554705617492926,0.3889689854408065,-0.5849046607537626,0.6346084824994322,-0.22602859273297324,-0.8828942952654918,-0.22919460362735344,-0.3812772018018639,-0.2253537109704769,-0.4912534379026085,0.30686892312721825,2.8903717578961645,-0.7570652537230218,0.7266666666666667,Low,0,0,0.6137359440855946,0.6554705617492939,0.3889689854408052,-0.5849046607537627,0.6346084824994328,-0.226028592732973,-0.8828942952654921,-0.2291946036273518,-0.38127720180186453,-0.22535371097047696,-0.49125343790260845,0.30686892312721886,-0.1911203270674524,-0.7570652537230621,-0.13782155649778083,-1.4114878028927562,-1.6325116659989423
SUNY College at Purchase,No,2119,1264,390,5,33,2478,1441,6550,4760,1125,1362,80.0,100,14.9,8,8170,46,0.25432320887906396,0.06698761253069586,-0.15046295433267434,-1.991623129577312,0.28943051544047715,0.9842541902497176,-0.9783909818319574,2.916017284124798,0.2548380018199914,0.404985518976676,1.6789026453905742,0.25759334859915606,2.1972245773362196,-0.07856227609415521,0.5965077866918358,Low,0,0,0.25432320887906457,0.06698761253069696,-0.1504629543326756,-1.9916231295773121,0.2894305154404777,0.9842541902497178,-0.9783909818319577,2.9160172841247998,0.2548380018199908,0.40498551897667595,1.6789026453905742,0.25759334859915667,-1.3233835886260938,-0.07856227609419551,-1.0232005345405353,-1.4114878028927562,-1.6325116659989423
Susquehanna University,Yes,2096,1512,465,27,59,1442,166,16130,4710,400,800,83.0,86,13.9,37,10554,90,0.2442820810499302,0.24707821547234396,0.040068843045389234,0.19803987368047163,-0.26463085769861344,-0.4312059738755724,1.3322527997760976,-1.0385747644412713,-0.831740799103585,0.6316618234008086,0.3410143789166372,0.007245147886748601,3.6375861597263857,0.5583058534635347,0.7213740458015268,High,2,1,0.24428208104993082,0.24707821547234507,0.04006884304538797,0.19803987368047166,-0.2646308576986129,-0.4312059738755722,1.3322527997760973,-1.0385747644412697,-0.8317407991035857,0.6316618234008086,0.3410143789166373,0.007245147886749187,1.0294623131395182,0.5583058534634944,-0.17382352004918422,1.4151256580548508,0.6125530498969481
Sweet Briar College,Yes,462,402,146,36,68,527,41,14500,6000,500,600,91.0,99,6.5,48,18953,61,-1.2270795604096665,-1.1388916112275522,-1.3147687593578858,0.6753287453312369,-1.4866907469548134,-1.1985700260580425,1.0204503919613213,-0.22919460362735344,-1.4016057555673218,1.2765938761615636,1.572409762644023,-2.1376362729688485,3.8918202981106265,1.7214010175504884,0.8701298701298701,High,2,1,-1.2270795604096658,-1.1388916112275513,-1.3147687593578872,0.675328745331237,-1.486690746954813,-1.1985700260580423,1.020450391961321,-0.2291946036273518,-1.4016057555673225,1.2765938761615636,1.572409762644023,-2.137636272968848,1.44475647114785,1.721401017550448,0.8380573423799045,1.4151256580548508,0.6125530498969481
Syracuse University,Yes,10477,7260,2442,28,67,10142,117,15150,6870,635,960,73.0,84,11.3,13,14231,67,1.64196654429776,1.7324422543481255,1.6049874319655175,0.25645415555414425,1.4582191271318996,-0.6332185184089396,1.147419281351507,0.6639513465461991,-0.46424287834485456,-0.09172176908837011,0.17590711389826053,-0.6789541283407586,2.6390573296152584,1.1981438371992328,0.6929464541376348,High,2,1,1.6419665442977607,1.7324422543481268,1.6049874319655162,0.2564541555541443,1.4582191271319,-0.6332185184089394,1.1474192813515067,0.6639513465462008,-0.46424287834485517,-0.09172176908837017,0.17590711389826055,-0.6789541283407581,-0.601645107695158,1.1981438371991924,-0.36719635838691744,1.4151256580548508,0.6125530498969481
Tabor College,Yes,257,183,109,19,41,396,38,7850,3410,400,1500,55.0,70,10.0,15,7233,53,-1.8427375389751803,-2.0244106810466245,-1.696344339113996,-0.33923404372499033,-1.8856391729747428,-1.2373062479710122,-0.5697016908076236,-1.0385747644412713,0.45655088685874945,-1.1617342104568764,-0.8104772611976783,-1.0450179270912512,2.772588722239781,-0.41405167219762185,0.7120622568093385,Medium,1,1,-1.8427375389751797,-2.024410681046624,-1.6963443391139974,-0.3392340437249904,-1.8856391729747424,-1.237306247971012,-0.5697016908076239,-1.0385747644412697,0.45655088685874884,-1.1617342104568764,-0.8104772611976783,-1.0450179270912505,-0.3835201634208818,-0.41405167219766215,-0.23716504713706033,0.001818927581047415,0.6125530498969481
Talladega College,Yes,4414,1500,335,30,60,908,119,5666,2964,1000,1400,56.0,58,15.5,7,5970,46,0.9115288890098884,0.23911562836029177,-0.3193264342593227,0.36877700770497285,-0.7928756937518197,-0.6235905241576438,-1.2878473531290051,2.4385556137203848,0.3122051961280074,-1.1101254032815964,-1.4375163915219222,0.40466484905643485,2.0794415416798357,-0.9896674010694579,0.33982782057091077,Low,0,1,0.9115288890098889,0.23911562836029288,-0.319326434259324,0.3687770077049729,-0.7928756937518191,-0.6235905241576436,-1.2878473531290053,2.4385556137203865,0.3122051961280068,-1.1101254032815964,-1.4375163915219222,0.40466484905643546,-1.515783424979524,-0.9896674010694982,-2.7692131472192787,-1.4114878028927562,0.6125530498969481
Taylor University,Yes,1769,1092,437,41,80,1757,81,10965,4000,450,1250,60.0,61,14.2,32,8294,98,0.08719482495164221,-0.08171294046361001,-0.026618479908630754,0.9029060992795953,-0.054792281015552044,-0.8381790084362992,0.25471754310896433,-0.6142542982610626,0.0766966911087716,-0.8944658348300512,-1.2983753500580535,0.0830645638304953,3.4965075614664802,-0.03859499735607172,0.6172979084228377,Medium,1,1,0.08719482495164281,-0.08171294046360894,-0.026618479908632017,0.9029060992795954,-0.054792281015551496,-0.838179008436299,0.25471754310896405,-0.6142542982610609,0.07669669110877098,-0.8944658348300512,-1.2983753500580535,0.08306456383049589,0.7990089285165864,-0.03859499735611203,-0.8817800126741949,0.001818927581047415,0.6125530498969481
Tennessee Wesleyan College,Yes,232,182,99,7,29,402,237,7070,3640,400,3158,59.0,65,8.9,16,6286,36,-1.9528843614414242,-2.0307468749356814,-1.8257713768293733,-1.626781013821947,-1.8640188109685512,-0.21828095609480452,-0.8090303493988384,-1.0385747644412713,2.061986065401374,-0.9497641272340495,-1.094880026424442,-1.3695004894439946,2.833213344056216,-0.8290283365346823,0.7844827586206896,Low,0,1,-1.9528843614414235,-2.030746874935681,-1.8257713768293746,-1.6267810138219472,-1.8640188109685507,-0.21828095609480427,-0.8090303493988388,-1.0385747644412697,2.0619860654013737,-0.9497641272340495,-1.094880026424442,-1.369500489443994,-0.28448920152158647,-0.8290283365347226,0.25546050323242964,-1.4114878028927562,0.6125530498969481
Texas A&M Univ. at College Station,No,14474,10519,6392,49,85,31643,2798,5130,3412,600,2144,89.0,91,23.1,29,8471,69,1.9034682499601776,2.0605630682919744,2.3462225886341153,1.2273850455284776,2.1713038027311127,1.4831034831862213,-1.4912463226655415,0.44960143907769445,1.2158116762155362,1.109844838622803,0.7816568116943878,2.1082507547381426,3.4011973816621555,0.0168849682909149,0.7267514163327345,Low,0,0,1.9034682499601783,2.0605630682919758,2.346222588634114,1.2273850455284778,2.171303802731113,1.4831034831862215,-1.4912463226655417,0.44960143907769606,1.2158116762155355,1.109844838622803,0.7816568116943878,2.108250754738143,0.643318740239679,0.016884968290874595,-0.13724506434644135,-1.4114878028927562,-1.6325116659989423
Texas A&M University at Galveston,No,529,481,243,22,47,1206,134,4860,3122,600,650,103.0,88,17.4,16,6415,43,-1.0886159075924666,-0.9436663042222445,-0.6891883856438084,-0.12094221917214973,-0.4624238730934078,-0.5557012352251401,-1.5990288354894489,0.44960143907769445,-1.2442682362821473,2.3542684509084846,0.5124477851823425,0.8564097284492161,2.833213344056216,-0.7669836450552813,0.9092627599243857,Low,0,0,-1.088615907592466,-0.9436663042222435,-0.6891883856438096,-0.12094221917214976,-0.46242387309340727,-0.5557012352251399,-1.599028835489449,0.44960143907769606,-1.244268236282148,2.3542684509084846,0.5124477851823425,0.8564097284492167,-0.28448920152158647,-0.7669836450553216,1.1042507667611514,-1.4114878028927562,-1.6325116659989423
Texas Christian University,Yes,4095,3079,1195,33,64,5064,660,8490,3320,650,2400,81.0,93,14.8,23,9158,64,0.8459466419622028,0.9403650052362499,0.979131857285939,0.5272445442404744,0.9271364441392262,0.43762840093604244,-0.3847547959295772,0.7526774068770612,1.4597682931085838,0.47962441223420943,0.9692990979140862,0.23285911133526874,3.1780538303479458,0.2163464034621442,0.7518925518925519,Medium,1,1,0.8459466419622034,0.9403650052362511,0.9791318572859378,0.5272445442404745,0.9271364441392268,0.43762840093604266,-0.38475479592957745,0.7526774068770629,1.4597682931085831,0.4796244122342094,0.9692990979140862,0.23285911133526932,0.2788113855351543,0.2163464034621039,0.03377233310726897,0.001818927581047415,0.6125530498969481
Texas Lutheran College,Yes,497,423,215,27,57,895,429,7850,3410,490,1700,54.0,58,13.8,24,7002,50,-1.152245604817201,-1.083237991237701,-0.8350844145151082,0.19803987368047163,-0.8102200987619124,0.1536363248892522,-0.5697016908076236,-0.3034345771957162,0.7203062079769135,-1.212420327353753,-1.4375163915219222,-0.0181691230182655,3.2188758248682006,-0.5072473790267928,0.8511066398390342,Medium,1,1,-1.1522456048172003,-1.0832379912377001,-0.8350844145151094,0.19803987368047166,-0.8102200987619118,0.15363632488925244,-0.5697016908076239,-0.3034345771957146,0.7203062079769128,-1.212420327353753,-1.4375163915219222,-0.018169123018264913,0.34549454598816776,-0.5072473790268331,0.7086557356879205,0.001818927581047415,0.6125530498969481
Texas Southern University,No,4345,3245,2604,15,85,5584,3101,7860,3360,600,1700,65.0,75,18.2,21,3605,10,0.8977841270140314,0.9902156886040246,1.6579475914817905,-0.6744109272506594,1.0068522974271439,1.5633690716498796,-0.5667371044636494,0.44960143907769445,0.7203062079769135,-0.6041457749675595,-0.4912534379026085,1.040823052329025,3.091042453358316,-2.821994352340802,0.7468354430379747,Medium,1,0,0.897784127014032,0.9902156886040259,1.6579475914817892,-0.6744109272506595,1.0068522974271443,1.5633690716498798,-0.5667371044636498,0.44960143907769606,0.7203062079769128,-0.6041457749675595,-0.49125343790260845,1.0408230523290256,0.13667737956055104,-2.8219943523408424,-0.0006276084901261414,0.001818927581047415,-1.6325116659989423
Texas Wesleyan University,Yes,592,501,279,19,44,1204,392,6400,3484,600,1800,80.0,83,14.5,10,7936,43,-0.9746050725961611,-0.8996740398309393,-0.5278077451432035,-0.33923404372499033,-0.46429724512425885,0.09569071633753531,-1.0288789635676352,0.44960143907769445,0.8415717373866589,0.404985518976676,0.09569733284866454,0.15826329539749684,2.3978952727983707,-0.15659349686459603,0.8462837837837838,Low,0,1,-0.9746050725961606,-0.8996740398309383,-0.5278077451432047,-0.3392340437249904,-0.4642972451242583,0.09569071633753555,-1.0288789635676354,0.44960143907769606,0.8415717373866582,0.40498551897667595,0.09569733284866458,0.15826329539749742,-0.9955858819980911,-0.15659349686463633,0.6758492505194044,-1.4114878028927562,0.6125530498969481
The Citadel,No,1500,1242,611,12,36,2024,292,7070,2439,400,779,95.0,94,17.1,17,7744,84,-0.06744098301739594,0.049216939597844504,0.3258564914582227,-0.972731667786928,0.08997563102792065,-0.0899589110850423,-0.8090303493988384,-1.0385747644412713,-0.8849448524441507,1.6211201473361683,1.0656043502924986,0.7864078276084665,2.8903717578961645,-0.22331900456752277,0.828,Low,0,0,-0.06744098301739535,0.049216939597845594,0.32585649145822143,-0.9727316677869281,0.08997563102792121,-0.08995891108504206,-0.8090303493988388,-1.0385747644412697,-0.8849448524441513,1.6211201473361683,1.0656043502924986,0.7864078276084671,-0.1911203270674524,-0.22331900456756307,0.5514775764210138,-1.4114878028927562,-1.6325116659989423
Thiel College,Yes,1154,951,253,15,31,791,140,11172,4958,700,1350,68.0,76,11.6,16,9186,60,-0.3171288144353537,-0.22365166196904177,-0.6417250502883193,-0.6744109272506594,-0.9610553969776774,-0.5304503828713003,0.30370601093351696,1.0360807079976635,0.23641393778204187,-0.4188949777661247,-0.4230962065588109,-0.5968513856813783,2.833213344056216,0.22398473987836023,0.8240901213171578,Medium,1,1,-0.31712881443535307,-0.2236516619690407,-0.6417250502883205,-0.6744109272506595,-0.9610553969776768,-0.5304503828713001,0.3037060109335167,1.036080707997665,0.23641393778204123,-0.4188949777661248,-0.42309620655881086,-0.5968513856813777,-0.28448920152158647,0.22398473987831993,0.5248814318233085,0.001818927581047415,0.6125530498969481
Tiffin University,Yes,845,734,254,5,21,662,351,7600,3800,600,1200,59.0,74,19.0,40,5096,39,-0.6201375737106215,-0.49324428126084774,-0.6370980662020695,-1.991623129577312,-1.18575138999386,0.025416014696842598,-0.6446369254313375,0.44960143907769445,-0.007652219861956637,-0.9497641272340495,-0.5579571392876599,1.222108344767349,3.713572066704308,-1.5116766930690697,0.8686390532544379,Medium,1,1,-0.620137573710621,-0.49324428126084674,-0.6370980662020708,-1.9916231295773121,-1.1857513899938597,0.025416014696842838,-0.6446369254313379,0.44960143907769606,-0.007652219861957268,-0.9497641272340495,-0.5579571392876599,1.2221083447673498,1.1535860970634626,-1.5116766930691101,0.8279163675814561,0.001818927581047415,0.6125530498969481
Transylvania University,Yes,759,729,244,57,81,867,51,10900,4450,500,1000,81.0,91,12.1,41,10219,70,-0.7260963939035003,-0.5004246054605611,-0.6843415445297774,1.514531847671769,-0.8486430137583105,-1.0856771595189671,0.2392094638614887,-0.22919460362735344,-0.3812772018018639,0.47962441223420943,0.7816568116943878,-0.4618260387652622,3.7376696182833684,0.48285505193514044,0.9604743083003953,Medium,1,1,-0.7260963939034998,-0.5004246054605601,-0.6843415445297786,1.5145318476717693,-0.84864301375831,-1.085677159518967,0.2392094638614884,-0.2291946036273518,-0.38127720180186453,0.4796244122342094,0.7816568116943878,-0.46182603876526157,1.1929497028195202,0.48285505193510014,1.45260677884351,0.001818927581047415,0.6125530498969481
Trenton State College,No,5042,2312,944,55,94,5167,902,5391,5411,700,1000,81.0,87,14.4,6,8504,81,1.0269476555150763,0.6651729503259097,0.7571398921087686,1.4457068812376719,0.9436971753162859,0.6512543948436128,-1.3905438294422738,1.0360807079976635,-0.3812772018018639,0.47962441223420943,0.4259346495311623,0.1332649014169342,1.9459101490553132,0.02703127537779464,0.45854819516065054,Low,0,0,1.026947655515077,0.665172950325911,0.7571398921087674,1.445706881237672,0.9436971753162865,0.651254394843613,-1.390543829442274,1.036080707997665,-0.38127720180186453,0.4796244122342094,0.42593464953116233,0.13326490141693478,-1.7339083692537995,0.027031275377754335,-1.9616422465827439,-1.4114878028927562,-1.6325116659989423
Tri-State University,Yes,1262,1102,276,14,40,978,98,9456,4350,468,1323,53.0,53,12.8,24,7603,65,-0.2314084757837968,-0.07240163526936085,-0.5403135449908201,-0.768473675269448,-0.7044153762479796,-0.7329188116093822,-0.12220977454924682,-0.47152493711499494,0.19439905273478492,-1.2621836217050806,-1.644788026270866,-0.2763826353397781,3.2188758248682006,-0.2739678820120519,0.873217115689382,Medium,1,1,-0.2314084757837962,-0.07240163526935978,-0.5403135449908213,-0.7684736752694481,-0.704415376247979,-0.732918811609382,-0.12220977454924711,-0.4715249371149933,0.19439905273478428,-1.2621836217050806,-1.644788026270866,-0.27638263533977747,0.34549454598816776,-0.2739678820120922,0.8590576945569994,0.001818927581047415,0.6125530498969481
Trinity College CT,Yes,3058,1798,478,46,84,1737,244,18810,5690,500,680,91.0,96,10.4,48,18034,91,0.5872214750837064,0.41911801580582003,0.06947392560761273,1.1106782881401163,-0.06670494037029921,-0.20054132061807622,1.8026950754757654,-0.22919460362735344,-1.1551642114455378,1.2765938761615636,1.2632379969775114,-0.930509623619824,3.8918202981106265,1.636365469931965,0.5879659908436887,High,2,1,0.5872214750837069,0.41911801580582114,0.06947392560761147,1.1106782881401165,-0.06670494037029866,-0.20054132061807597,1.8026950754757651,-0.2291946036273518,-1.1551642114455385,1.2765938761615636,1.2632379969775114,-0.9305096236198235,1.44475647114785,1.6363654699319246,-1.0813043418270203,1.4151256580548508,0.6125530498969481
Trinity College DC,Yes,247,189,100,19,49,309,639,11412,6430,500,900,89.0,93,8.3,37,11806,96,-1.8853559916102354,-1.987154402644149,-1.8121641016849288,-0.33923404372499033,-2.252767297436135,0.4158892447449324,0.35976342735151623,-0.22919460362735344,-0.5948985251933547,1.109844838622803,0.9692990979140862,-1.5530655010797432,3.6375861597263857,0.8104958464425476,0.7651821862348178,Medium,1,1,-1.8853559916102347,-1.987154402644148,-1.8121641016849301,-0.3392340437249904,-2.2527672974361344,0.4158892447449326,0.35976342735151595,-0.2291946036273518,-0.5948985251933554,1.109844838622803,0.9692990979140862,-1.5530655010797425,1.0294623131395182,0.8104958464425073,0.12417233405067438,0.001818927581047415,0.6125530498969481
Trinity College VT,Yes,222,185,91,16,41,484,541,11010,5208,550,500,58.0,78,10.4,26,9586,78,-2.000559157874319,-2.0118486128612996,-1.9406816460424114,-0.5849046607537626,-1.602910498094004,0.30505375137088064,0.2654185600150788,0.12366360034857365,-1.7565250578392297,-1.0041402352396067,-0.28237352323745246,-0.930509623619824,3.295836866004329,0.3293215174451073,0.8333333333333334,Medium,1,1,-2.0005591578743185,-2.011848612861299,-1.9406816460424128,-0.5849046607537627,-1.6029104980940037,0.30505375137088087,0.2654185600150785,0.12366360034857528,-1.7565250578392304,-1.0041402352396067,-0.2823735232374524,-0.9305096236198235,0.47121122188858366,0.329321517445067,0.5877564781535826,0.001818927581047415,0.6125530498969481
Trinity University,Yes,2425,1818,601,62,93,2110,95,12240,5150,500,490,94.0,96,9.6,20,14703,93,0.37777197289311915,0.43003347275396725,0.30892308916517724,1.6790569287773105,0.13171204767915257,-0.7502317576043798,0.5474170329275875,-0.22919460362735344,-1.7955587088102116,1.5336102495926123,1.2632379969775114,-1.161322711796831,3.044522437723423,1.261912071622771,0.7496907216494846,Medium,1,1,0.37777197289311976,0.43003347275396836,0.30892308916517597,1.6790569287773107,0.13171204767915312,-0.7502317576043795,0.5474170329275871,-0.2291946036273518,-1.7955587088102123,1.5336102495926123,1.2632379969775114,-1.1613227117968303,0.060686441260878146,1.2619120716227306,0.018794836291012335,0.001818927581047415,0.6125530498969481
Tulane University,Yes,7033,5125,1223,47,75,4941,1534,19040,5950,350,800,98.0,98,9.1,21,16920,74,1.3108701902699538,1.4165211855782904,1.0005085230048316,1.1501937769220454,0.9068137147418142,1.0298871131062568,1.8409611002200534,-1.5119094047906834,-0.831740799103585,1.889162096953259,1.467641878959388,-1.3093907999241707,3.091042453358316,1.5238657445286337,0.7287075216834921,High,2,1,1.3108701902699544,1.4165211855782918,1.0005085230048303,1.1501937769220456,0.9068137147418147,1.029887113106257,1.8409611002200532,-1.5119094047906818,-0.8317407991035857,1.889162096953259,1.467641878959388,-1.30939079992417,0.13667737956055104,1.5238657445285932,-0.1239390605091883,1.4151256580548508,0.6125530498969481
Tusculum College,Yes,626,372,145,12,34,983,40,7700,3400,450,800,70.0,70,21.9,28,4933,52,-0.9183662010257131,-1.2240371893375819,-1.3235470011269985,-0.972731667786928,-0.6983938293123918,-1.211189781762898,-0.6144713011269085,-0.6142542982610626,-0.831740799103585,-0.29078845475452025,-0.8104772611976783,1.8557276207949025,3.367295829986474,-1.6245426270447454,0.5942492012779552,Medium,1,1,-0.9183662010257125,-1.224037189337581,-1.3235470011269999,-0.9727316677869281,-0.6983938293123912,-1.2111897817628978,-0.6144713011269088,-0.6142542982610609,-0.8317407991035857,-0.2907884547545203,-0.8104772611976783,1.8557276207949032,0.5879401964775927,-1.6245426270447858,-1.0385640967189325,0.001818927581047415,0.6125530498969481
Tuskegee University,Yes,2267,1827,611,20,59,2825,144,6735,3395,600,1425,70.0,74,12.2,7,10872,65,0.3162626291529087,0.4349036128868256,0.3258564914582227,-0.2637884142137961,0.41395992856087066,-0.5141529033467143,-0.9171578511306657,0.44960143907769445,0.3491656002566591,-0.29078845475452025,-0.5579571392876599,-0.43508339754859443,2.0794415416798357,0.6265873133132985,0.8059108954565505,Low,0,1,0.3162626291529093,0.4349036128868267,0.32585649145822143,-0.2637884142137962,0.4139599285608712,-0.514152903346714,-0.9171578511306661,0.44960143907769606,0.3491656002566585,-0.2907884547545203,-0.5579571392876599,-0.4350833975485938,-1.515783424979524,0.6265873133132582,0.401220991466221,-1.4114878028927562,0.6125530498969481
Union College KY,Yes,484,384,177,9,45,634,78,7800,2950,500,600,60.0,88,14.1,9,6864,64,-1.17936129041712,-1.1891273623577001,-1.0725717045288303,-1.3330274833513367,-1.2416292145616148,-0.8587961830100914,-0.5845619581984869,-0.22919460362735344,-1.4016057555673218,-0.8944658348300512,0.5124477851823425,0.0578612934555406,2.302585092994046,-0.5652181185300663,0.7933884297520661,Medium,1,1,-1.1793612904171193,-1.1891273623576992,-1.0725717045288317,-1.333027483351337,-1.2416292145616143,-0.8587961830100912,-0.5845619581984872,-0.2291946036273518,-1.4016057555673225,-0.8944658348300512,0.5124477851823425,0.05786129345554118,-1.1512760702749985,-0.5652181185301066,0.316039497202013,0.001818927581047415,0.6125530498969481
Union College NY,Yes,3495,1712,528,49,84,1915,123,18732,6204,450,1024,94.0,96,11.5,49,15411,88,0.7062526533284442,0.37065430657247894,0.17454037533099132,1.2273850455284776,0.033859568509053584,-0.6047642301072249,1.7896481341489057,-0.6142542982610626,-0.33296090093579234,1.5336102495926123,1.2632379969775114,-0.6241261617099947,3.912023005428146,1.351862223040765,0.4898426323319027,High,2,1,0.7062526533284448,0.37065430657248005,0.17454037533099007,1.2273850455284778,0.03385956850905413,-0.6047642301072247,1.7896481341489054,-0.6142542982610609,-0.33296090093579295,1.5336102495926123,1.2632379969775114,-0.6241261617099941,1.4777578075468099,1.3518622230407247,-1.7487682820367652,1.4151256580548508,0.6125530498969481
Univ. of Wisconsin at OshKosh,No,4800,2900,1515,14,48,7764,1472,6874,2394,518,1890,73.0,78,19.2,14,5901,56,0.9843997751079164,0.8832832015319936,1.1945691195825918,-0.768473675269448,1.2634072348988186,0.9997527921623484,-0.8718735419062877,-0.0987631364525978,0.9454905473190383,-0.09172176908837011,-0.28237352323745246,1.2669625914791942,2.70805020110221,-1.0264983763893725,0.6041666666666666,Low,0,0,0.984399775107917,0.8832832015319948,1.1945691195825905,-0.7684736752694481,1.263407234898819,0.9997527921623486,-0.8718735419062881,-0.09876313645259617,0.9454905473190376,-0.09172176908837017,-0.2823735232374524,1.2669625914791949,-0.488944521318963,-1.0264983763894129,-0.9711025806677062,-1.4114878028927562,-1.6325116659989423
University of Alabama at Birmingham,No,1797,1260,938,24,35,6960,4698,4440,5175,750,2200,96.0,96,6.7,16,16352,33,0.10182057306711446,0.06378129910115954,0.7510241962236072,0.012544204192919125,1.1803572127717512,1.8960902946938596,-1.7748036637248292,1.302364976162053,1.271398499406051,1.7095488044453089,1.2632379969775114,-2.0698170551140307,2.833213344056216,1.462001044862405,0.7011686143572621,Low,0,0,0.10182057306711506,0.06378129910116064,0.7510241962236059,0.012544204192919118,1.1803572127717517,1.8960902946938598,-1.7748036637248295,1.3023649761620546,1.2713984994060503,1.7095488044453089,1.2632379969775114,-2.0698170551140302,-0.28448920152158647,1.4620010448623646,-0.3112668066424256,-1.4114878028927562,-1.6325116659989423
University of Arkansas at Fayetteville,No,3235,3108,2133,25,65,9978,1530,5028,3300,500,2000,73.0,89,14.8,10,6820,39,0.6375048720200309,0.9492780032590911,1.4917175324866745,0.07620224590010746,1.4466562581466997,1.0279763910974948,-1.5315158934069486,-0.22919460362735344,1.0664517666868942,-0.09172176908837011,0.6005650532112241,0.23285911133526874,2.3978952727983707,-0.5840809747044409,0.960741885625966,Low,0,0,0.6375048720200315,0.9492780032590923,1.4917175324866732,0.07620224590010746,1.4466562581467002,1.027976391097495,-1.5315158934069488,-0.2291946036273518,1.0664517666868936,-0.09172176908837017,0.6005650532112241,0.23285911133526932,-0.9955858819980911,-0.5840809747044812,1.4544269184998055,-1.4114878028927562,-1.6325116659989423
University of California at Berkeley,No,19873,8252,3215,95,100,19532,2061,11648,6246,636,1933,93.0,97,15.8,10,13919,78,2.1540767852391047,1.8467280390910608,1.828117903274563,2.570900058930502,1.8904701074061252,1.2492110406897872,0.4141362996776661,0.6699229210396064,0.993532561777505,1.4470191871641125,1.3645882269351624,0.47736869024981116,2.3978952727983707,1.1541717918852843,0.4152367533839883,Medium,1,0,2.154076785239105,1.846728039091062,1.8281179032745616,2.5709000589305027,1.8904701074061256,1.2492110406897874,0.4141362996776658,0.669922921039608,0.9935325617775044,1.4470191871641125,1.3645882269351624,0.47736869024981177,-0.9955858819980911,1.1541717918852439,-2.256259410353627,0.001818927581047415,-1.6325116659989423
University of California at Irvine,No,15698,10775,2478,85,100,12677,864,12024,5302,790,1818,96.0,96,16.1,11,15934,66,1.9681957121707347,2.0815515805488753,1.617099772929662,2.3289850936935363,1.6123816807372355,0.621425963924429,0.49928863075783714,1.5044759211039478,0.862734590826136,1.7095488044453089,1.2632379969775114,0.5495374102901839,2.4849066497880004,1.4143155838685055,0.6863931711045993,Medium,1,0,1.9681957121707354,2.0815515805488767,1.6170997729296606,2.328985093693537,1.612381680737236,0.6214259639244292,0.49928863075783686,1.5044759211039493,0.8627345908261354,1.7095488044453089,1.2632379969775114,0.5495374102901844,-0.8534518760234878,1.4143155838684651,-0.4117737167333926,0.001818927581047415,-1.6325116659989423
University of Central Florida,No,6986,2959,1918,25,60,12330,7152,6618,4234,700,1600,80.0,98,22.2,9,6742,46,1.3052175435901798,0.9025045295958042,1.4010996586336046,0.07620224590010746,1.593611547948348,2.2468793463130954,-0.9557531780269051,1.0360807079976635,0.5922469197566411,0.404985518976676,1.467641878959388,1.9193527444940255,2.302585092994046,-0.6179852552429089,0.42356140853134844,Low,0,0,1.3052175435901805,0.9025045295958054,1.4010996586336033,0.07620224590010746,1.5936115479483484,2.246879346313096,-0.9557531780269054,1.036080707997665,0.5922469197566405,0.40498551897667595,1.467641878959388,1.9193527444940262,-1.1512760702749985,-0.6179852552429492,-2.199632657969515,-1.4114878028927562,-1.6325116659989423
University of Charleston,Yes,682,535,204,22,43,771,611,9500,3540,400,750,26.0,58,2.5,10,7683,57,-0.8325237385463079,-0.8290300689495343,-0.8985167296087098,-0.12094221917214973,-0.9928406465373614,0.3858796400925126,-0.11067976598596968,-1.0385747644412713,-0.9606431574714017,-2.2563958707695386,-1.4375163915219222,-3.7424607303623523,2.3978952727983707,-0.24505494431533614,0.7844574780058651,Medium,1,1,-0.8325237385463073,-0.8290300689495333,-0.898516729608711,-0.12094221917214976,-0.9928406465373608,0.3858796400925128,-0.11067976598596997,-1.0385747644412697,-0.9606431574714024,-2.2563958707695386,-1.4375163915219222,-3.742460730362352,-0.9955858819980911,-0.24505494431537644,0.25528853705599996,0.001818927581047415,0.6125530498969481
University of Chicago,Yes,6348,2999,922,68,94,3340,39,18930,6380,500,1254,75.0,99,5.3,36,36854,90,1.2241809018211094,0.9153042955787996,0.734492544090796,1.8639323064397801,0.5679695764605251,-1.2240971271106291,1.822698070132443,-0.22919460362735344,0.08330894292350008,0.045592781487855547,1.572409762644023,-2.563082387024454,3.6109179126442243,2.663735626147322,0.47243226212980466,High,2,1,1.22418090182111,0.9153042955788008,0.7344925440907948,1.8639323064397804,0.5679695764605257,-1.224097127110629,1.8226980701324427,-0.2291946036273518,0.08330894292349945,0.04559278148785549,1.572409762644023,-2.5630823870244535,0.9858994490492295,2.6637356261472815,-1.8671987401035555,1.4151256580548508,0.6125530498969481
University of Cincinnati,No,6855,5553,2408,26,57,11036,2011,8907,4697,556,1851,89.0,95,10.8,6,13889,54,1.289244367585866,1.4899591683987605,1.5933573734576143,0.1379929544107909,1.5174796653663356,1.230726341043564,-0.2691319034869906,0.16410788704801776,0.9010341893219688,1.109844838622803,1.1635803366973685,-0.8177024914772081,1.9459101490553132,1.1498635847576084,0.8100656455142232,Medium,1,0,1.2892443675858667,1.4899591683987619,1.593357373457613,0.13799295441079093,1.517479665366336,1.2307263410435643,-0.2691319034869909,0.1641078870480194,0.9010341893219681,1.109844838622803,1.1635803366973685,-0.8177024914772075,-1.7339083692537995,1.149863584757568,0.4294828231660381,0.001818927581047415,-1.6325116659989423
University of Connecticut at Storrs,No,9735,7187,2064,23,63,12478,1660,11656,5072,700,2300,89.0,95,16.0,16,10178,71,1.5816663329271423,1.7233812133889779,1.463828712446089,-0.05311907203067916,1.601695027980406,1.0878884534770603,0.41596671228661986,1.0360807079976635,1.3674797929882332,1.109844838622803,1.1635803366973685,0.525539763472362,2.833213344056216,0.4733585081742642,0.7382639958911146,Medium,1,0,1.581666332927143,1.7233812133889792,1.4638287124460876,-0.05311907203067917,1.6016950279804065,1.0878884534770605,0.4159667122866196,1.036080707997665,1.3674797929882325,1.109844838622803,1.1635803366973685,0.5255397634723625,-0.28448920152158647,0.4733585081742239,-0.05893311263015844,0.001818927581047415,-1.6325116659989423
University of Dallas,Yes,681,588,246,44,74,1058,73,10760,6230,500,1200,85.0,93,13.4,26,8731,63,-0.8339893849389596,-0.7279619141912382,-0.6747162352379981,1.0296888476949615,-0.6123152180546505,-0.8948021543303765,0.2055998999545201,-0.22919460362735344,-0.007652219861956637,0.7873781516832565,0.9692990979140862,-0.12055104982347017,3.295836866004329,0.0952158694266624,0.8634361233480177,Medium,1,1,-0.833989384938959,-0.7279619141912372,-0.6747162352379993,1.0296888476949617,-0.61231521805465,-0.8948021543303762,0.2055998999545198,-0.2291946036273518,-0.007652219861957268,0.7873781516832565,0.9692990979140862,-0.12055104982346959,0.47121122188858366,0.0952158694266221,0.7925245083071198,0.001818927581047415,0.6125530498969481
University of Dayton,Yes,6361,5293,1507,26,51,5889,665,11380,4220,500,900,75.0,85,14.8,25,8894,93,1.225917909001066,1.446102432240722,1.189846820557031,0.1379929544107909,1.0495110089572817,0.4427124119327028,0.35233413602904207,-0.22919460362735344,-0.5948985251933547,0.045592781487855547,0.25767565625110594,0.23285911133526874,3.258096538021482,0.14251299419425034,0.8321018707750354,Medium,1,1,1.2259179090010666,1.4461024322407234,1.1898468205570296,0.13799295441079093,1.049511008957282,0.442712411932703,0.3523341360290418,-0.2291946036273518,-0.5948985251933554,0.04559278148785549,0.257675656251106,0.23285911133526932,0.4095619963667674,0.14251299419421004,0.5793797076898645,0.001818927581047415,0.6125530498969481
University of Delaware,Yes,14446,10516,3252,22,57,14130,4522,10220,4230,530,1300,75.0,87,18.3,15,10650,75,1.9019196280054202,2.06031388315559,1.837199630120272,-0.12094221917214973,1.6846829878025085,1.8649351508193885,0.0732028850292741,-0.013985659270390745,0.15797762169666751,0.045592781487855547,0.4259346495311623,1.0636508731902279,2.772588722239781,0.5792501953627252,0.7279523743596843,Medium,1,1,1.901919628005421,2.060313883155591,1.8371996301202707,-0.12094221917214976,1.684682987802509,1.8649351508193888,0.07320288502927381,-0.013985659270389118,0.15797762169666688,0.04559278148785549,0.42593464953116233,1.0636508731902286,-0.3835201634208818,0.5792501953626848,-0.12907579467556968,0.001818927581047415,0.6125530498969481
University of Denver,Yes,2974,2001,580,29,60,2666,554,15192,4695,400,1350,84.0,91,15.9,21,11762,67,0.5622542939245836,0.5243231695301855,0.2722804024933963,0.3133361961439687,0.3593562831890224,0.320750703546702,1.1554993163705916,-1.0385747644412713,0.23641393778204187,0.7090601660532498,0.7816568116943878,0.5014836937996878,3.091042453358316,0.8023405100292095,0.6728312037659717,High,2,1,0.5622542939245841,0.5243231695301868,0.272280402493395,0.31333619614396874,0.35935628318902296,0.3207507035467022,1.1554993163705913,-1.0385747644412697,0.23641393778204123,0.7090601660532498,0.7816568116943878,0.5014836937996884,0.13667737956055104,0.8023405100291692,-0.5040262068043367,1.4151256580548508,0.6125530498969481
University of Detroit Mercy,Yes,927,731,415,24,50,2149,2217,11130,3996,600,2166,75.0,79,13.5,14,10891,51,-0.5293707679268018,-0.4975461759098064,-0.08257121777212308,0.012544204192919125,0.1499612297579822,1.3043931328760674,0.29381484459649704,0.44960143907769445,1.2378078983597343,0.045592781487855547,-0.20978440474634713,-0.09484535878691201,2.70805020110221,0.6305694250763123,0.7885652642934197,Medium,1,1,-0.5293707679268013,-0.4975461759098054,-0.08257121777212434,0.012544204192919118,0.14996122975798276,1.3043931328760676,0.29381484459649676,0.44960143907769606,1.2378078983597336,0.04559278148785549,-0.2097844047463471,-0.09484535878691143,-0.488944521318963,0.630569425076272,0.28323090738060946,0.001818927581047415,0.6125530498969481
University of Dubuque,Yes,576,558,137,11,39,662,131,10430,3620,400,1500,85.0,98,16.5,18,8767,45,-1.0022815955846969,-0.7839117239769355,-1.3963882427162337,-1.0845174670653985,-1.18575138999386,-0.5687111330584822,0.12522440416640768,-1.0385747644412713,0.45655088685874945,0.7873781516832565,1.467641878959388,0.6449537276656453,2.9444389791664403,0.10577846470793248,0.96875,Medium,1,1,-1.0022815955846962,-0.7839117239769345,-1.396388242716235,-1.0845174670653988,-1.1857513899938597,-0.568711133058482,0.12522440416640737,-1.0385747644412697,0.45655088685874884,0.7873781516832565,1.467641878959388,0.6449537276656458,-0.10280094841912382,0.10577846470789218,1.5089004674570707,0.001818927581047415,0.6125530498969481
University of Evansville,Yes,2096,1626,694,35,67,2551,407,11800,4340,700,960,60.0,81,15.8,26,7780,77,0.2442820810499302,0.3195147622549735,0.4551285312131578,0.6270233788095004,0.3173270966569103,0.11975275469968777,0.44877394394675324,1.0360807079976635,-0.46424287834485456,-0.8944658348300512,-0.060091883356808096,0.47736869024981116,3.295836866004329,-0.210614736113976,0.7757633587786259,Medium,1,1,0.24428208104993082,0.3195147622549746,0.45512853121315655,0.6270233788095005,0.31732709665691083,0.119752754699688,0.44877394394675296,1.036080707997665,-0.46424287834485517,-0.8944658348300512,-0.06009188335680806,0.47736869024981177,0.47121122188858366,-0.2106147361140163,0.1961485813504547,0.001818927581047415,0.6125530498969481
University of Florida,No,12445,8836,3623,54,85,24470,3286,7090,4180,630,1530,88.0,97,13.4,20,14737,66,1.7820200064627756,1.9073310823864025,1.9221592651556298,1.4105939265800687,2.025363545699496,1.6089651415369164,-0.8026824351599816,0.6339700079371658,0.4981180851950696,1.0278491213014884,1.3645882269351624,-0.12055104982347017,3.044522437723423,1.2663835722292274,0.7100040176777822,Low,0,0,1.7820200064627763,1.9073310823864038,1.9221592651556285,1.4105939265800689,2.0253635456994963,1.6089651415369166,-0.8026824351599819,0.6339700079371675,0.498118085195069,1.0278491213014884,1.3645882269351624,-0.12055104982346959,0.060686441260878146,1.266383572229187,-0.25116579498628383,-1.4114878028927562,-1.6325116659989423
University of Georgia,No,11220,7871,3320,43,79,19553,2748,5697,3600,525,1755,88.0,95,14.7,22,7881,63,1.6979222832809249,1.8046650265790127,1.8535836750568366,0.9881629366230463,1.8911291425897314,1.4691111622983388,-1.276477684445451,-0.04910428867699247,0.7877948856824326,1.0278491213014884,1.1635803366973685,0.20805976907672294,3.1354942159291497,-0.17545112803170965,0.7015151515151515,Low,0,0,1.6979222832809255,1.804665026579014,1.8535836750568353,0.9881629366230464,1.8911291425897319,1.469111162298339,-1.2764776844454513,-0.04910428867699084,0.787794885682432,1.0278491213014884,1.1635803366973685,0.20805976907672352,0.20928980457225407,-0.17545112803174995,-0.30890955898659656,-1.4114878028927562,-1.6325116659989423
University of Hartford,Yes,5081,4040,1194,11,26,3768,1415,14220,6000,500,1440,61.0,76,10.7,9,10625,66,1.0335991113994647,1.1963022950735032,0.9783577485388021,-1.0845174670653985,0.67541234547245,0.9710219114484225,0.9646028662698478,-0.22919460362735344,0.37105468909019607,-0.8382454790951654,-0.4230962065588109,-0.8457496768946355,2.302585092994046,0.5738240562130217,0.7951190710490061,High,2,1,1.0335991113994654,1.1963022950735045,0.9783577485388009,-1.0845174670653988,0.6754123454724505,0.9710219114484228,0.9646028662698475,-0.2291946036273518,0.37105468909019546,-0.8382454790951654,-0.42309620655881086,-0.845749676894635,-1.1512760702749985,0.5738240562129814,0.32781182824189004,1.4151256580548508,0.6125530498969481
University of Hawaii at Manoa,No,3580,2603,1627,36,69,11028,2411,4460,3038,687,1281,85.0,87,11.8,6,12833,54,0.727543644554018,0.7797104357282142,1.2578106578895891,0.6753287453312369,1.516975616419689,1.3683298821629364,-1.76619134647448,0.9641364521965113,0.12743750686759628,0.7873781516832565,0.4259346495311623,-0.5425747226939661,1.9459101490553132,0.9884402353632666,0.7270949720670391,Low,0,0,0.7275436445540185,0.7797104357282154,1.2578106578895878,0.675328745331237,1.5169756164196895,1.3683298821629366,-1.7661913464744803,0.964136452196513,0.12743750686759564,0.7873781516832565,0.42593464953116233,-0.5425747226939656,-1.7339083692537995,0.9884402353632263,-0.13490809721059846,-1.4114878028927562,-1.6325116659989423
University of Illinois - Urbana,No,14939,11652,5705,52,88,25422,911,7560,4574,500,1982,87.0,90,17.4,13,8559,81,1.9287266128436173,2.1496115958503417,2.2642260337151114,1.338890288558631,2.0475539327118266,0.6581529004723548,-0.6567761844143083,-0.22919460362735344,1.0470863898931377,0.9467727128282987,0.6902976719925955,0.8564097284492161,2.6390573296152584,0.04380753414163987,0.7799718856683847,Medium,1,0,1.928726612843618,2.149611595850343,2.26422603371511,1.3388902885586311,2.047553932711827,0.658152900472355,-0.6567761844143086,-0.2291946036273518,1.047086389893137,0.9467727128282987,0.6902976719925955,0.8564097284492167,-0.601645107695158,0.04380753414159956,0.22477621887653546,0.001818927581047415,-1.6325116659989423
University of Illinois at Chicago,No,8384,5727,2710,22,50,13518,2916,7230,5088,630,3228,82.0,84,10.0,6,13883,34,1.4580203798692943,1.51810021347952,1.6905841127951906,-0.12094221917214973,1.6553875954504926,1.515252290890116,-0.7585730793018399,0.6339700079371658,2.1106196897159695,0.5551832097645348,0.17590711389826053,-1.0450179270912512,1.9459101490553132,1.1490002206765417,0.6830868320610687,Low,0,0,1.458020379869295,1.5181002134795214,1.6905841127951893,-0.12094221917214976,1.655387595450493,1.5152522908901163,-0.7585730793018403,0.6339700079371675,2.110619689715969,0.5551832097645348,0.17590711389826055,-1.0450179270912505,-1.7339083692537995,1.1490002206765013,-0.43426440721866766,-1.4114878028927562,-1.6325116659989423
University of Indianapolis,Yes,1487,1276,388,26,51,1417,1646,11120,4080,525,1405,55.0,56,11.1,23,6735,69,-0.07565284704498784,0.07654185411473577,-0.1561100363718949,0.1379929544107909,-0.2836463387076875,1.081643693841068,0.29145619209003254,-0.04910428867699247,0.3196458988473209,-1.1617342104568764,-1.5240531582747878,-0.7341609556836688,3.1780538303479458,-0.6210575300641338,0.8581035642232683,Medium,1,1,-0.07565284704498725,0.07654185411473687,-0.15611003637189616,0.13799295441079093,-0.28364633870768696,1.0816436938410683,0.29145619209003226,-0.04910428867699084,0.3196458988473203,-1.1617342104568764,-1.5240531582747878,-0.7341609556836682,0.2788113855351543,-0.6210575300641741,0.7562508729690149,0.001818927581047415,0.6125530498969481
University of Kansas,No,8579,5561,3681,25,50,17880,1673,6994,3384,700,2681,88.0,94,13.7,17,9657,57,1.477136441025908,1.4912735666800663,1.9345310543998941,0.07620224590010746,1.835738252482523,1.0936448048848126,-0.8332605870500661,1.0360807079976635,1.7012297383633588,1.0278491213014884,1.0656043502924986,-0.043655143285563025,2.8903717578961645,0.347312472778018,0.6482107471733303,Low,0,0,1.4771364410259087,1.4912735666800676,1.9345310543998928,0.07620224590010746,1.8357382524825234,1.0936448048848129,-0.8332605870500664,1.036080707997665,1.7012297383633581,1.0278491213014884,1.0656043502924986,-0.04365514328556244,-0.1911203270674524,0.3473124727779777,-0.671501792804724,-1.4114878028927562,-1.6325116659989423
University of La Verne,Yes,1597,969,226,16,38,1431,1522,13540,5050,630,2298,75.0,68,14.1,23,10139,47,-0.0084784424899389,-0.20432146156172692,-0.7752895173898914,-0.5849046607537626,-0.272947766783775,1.0241414034245055,0.8258971276970903,0.6339700079371658,1.36559639558175,0.045592781487855547,-0.9283307329438812,0.0578612934555406,3.1780538303479458,0.4642702935487042,0.606762680025047,High,2,1,-0.008478442489938296,-0.20432146156172587,-0.7752895173898926,-0.5849046607537627,-0.27294776678377447,1.0241414034245058,0.82589712769709,0.6339700079371675,1.3655963955817494,0.04559278148785549,-0.9283307329438812,0.05786129345554118,0.2788113855351543,0.4642702935486639,-0.9534437343817472,1.4151256580548508,0.6125530498969481
University of Louisville,No,4777,3057,1823,16,33,9844,6198,6540,3600,530,2440,84.0,92,11.1,24,10207,31,0.9802367365707191,0.933543339526835,1.3572478939154036,-0.5849046607537626,1.437035222634919,2.1257389556866313,-0.981733073524185,-0.013985659270390745,1.495689840697827,0.7090601660532498,0.8746535950171559,-0.7341609556836688,3.2188758248682006,0.4800816664657745,0.6399413858069918,Low,0,0,0.9802367365707196,0.9335433395268362,1.3572478939154022,-0.5849046607537627,1.4370352226349195,2.1257389556866317,-0.9817330735241854,-0.013985659270389118,1.4956898406978263,0.7090601660532498,0.8746535950171559,-0.7341609556836682,0.34549454598816776,0.4800816664657342,-0.7277524206298158,-1.4114878028927562,-1.6325116659989423
University of Maine at Farmington,No,1208,803,438,20,48,1906,344,6810,3970,450,1647,67.0,75,15.9,26,5712,59,-0.2732406406363967,-0.3991783104306613,-0.024152806022301555,-0.2637884142137961,0.029052778112479624,0.012684336004188293,-0.8926484154358019,-0.6142542982610626,0.6533309979780512,-0.481566548430211,-0.4912534379026085,0.5014836937996878,3.295836866004329,-1.1308766201469915,0.6647350993377483,Low,0,0,-0.2732406406363961,-0.3991783104306603,-0.024152806022302818,-0.2637884142137962,0.029052778112480172,0.01268433600418853,-0.8926484154358022,-0.6142542982610609,0.6533309979780505,-0.48156654843021107,-0.49125343790260845,0.5014836937996884,0.47121122188858366,-1.130876620147032,-0.5590982899858604,-1.4114878028927562,-1.6325116659989423
University of Maine at Machias,No,441,369,172,17,45,633,317,6600,3680,600,400,46.0,46,15.1,4,5935,64,-1.2749596351004993,-1.2329528916246022,-1.108165119052506,-0.49946894118390567,-1.243680236741276,-0.0387172741480929,-0.9617306099652749,0.44960143907769445,-2.1844360203854483,-1.584675991833187,-1.886083615874445,0.30686892312721825,1.6094379124341003,-1.0082672446913596,0.8367346938775511,Low,0,0,-1.2749596351004986,-1.2329528916246013,-1.1081651190525073,-0.4994689411839057,-1.2436802367412756,-0.038717274148092666,-0.9617306099652753,0.44960143907769606,-2.1844360203854487,-1.584675991833187,-1.886083615874445,0.30686892312721886,-2.2835393318336408,-1.0082672446914,0.6108935328299653,-1.4114878028927562,-1.6325116659989423
University of Maine at Presque Isle,No,461,381,235,10,40,974,503,6600,3630,400,1675,67.0,67,15.2,11,6408,35,-1.2293061614043843,-1.1977443345419088,-0.7288109290930466,-1.2041414384332418,-0.7092596957565482,0.2571389913457858,-0.9617306099652749,-1.0385747644412713,0.6889587036784993,-0.481566548430211,-0.9851988400469104,0.33141144399481504,2.4849066497880004,-0.770300911458918,0.8264642082429501,Low,0,0,-1.2293061614043836,-1.1977443345419079,-0.7288109290930478,-1.204141438433242,-0.7092596957565477,0.257138991345786,-0.9617306099652753,-1.0385747644412697,0.6889587036784987,-0.48156654843021107,-0.9851988400469104,0.33141144399481565,-0.8534518760234878,-0.7703009114589583,0.54103066925182,-1.4114878028927562,-1.6325116659989423
University of Maryland at Baltimore County,No,4269,2594,985,27,57,6476,2592,8594,4408,494,2768,82.0,88,18.4,6,7618,55,0.8823713300485039,0.7763774732184064,0.7977656710839682,0.19803987368047163,1.1245026651860148,1.4239303130077778,-0.35557524157334236,-0.2735815876690981,1.7712431068122516,0.5551832097645348,0.5124477851823425,1.0864302146786262,1.9459101490553132,-0.268511052656081,0.6076364488170531,Medium,1,0,0.8823713300485044,0.7763774732184077,0.797765671083967,0.19803987368047166,1.1245026651860153,1.423930313007778,-0.35557524157334264,-0.2735815876690965,1.771243106812251,0.5551832097645348,0.5124477851823425,1.0864302146786269,-1.7339083692537995,-0.2685110526561213,-0.9475001021050891,0.001818927581047415,-1.6325116659989423
University of Maryland at College Park,No,14292,10315,3409,22,53,19340,3991,8723,5146,550,1550,89.0,92,18.1,12,9021,63,1.8933442390406026,2.043443032651269,1.8744520384149992,-0.12094221917214973,1.884404307622386,1.7638297706054877,-0.31970191967781514,0.12366360034857365,0.525412318799351,1.109844838622803,0.8746535950171559,1.0179463816947247,2.5649493574615367,0.1784472912694156,0.7217324377273999,Medium,1,0,1.8933442390406032,2.0434430326512705,1.8744520384149979,-0.12094221917214976,1.8844043076223864,1.763829770605488,-0.3197019196778154,0.12366360034857528,0.5254123187993504,1.109844838622803,0.8746535950171559,1.0179463816947254,-0.7227012651918747,0.1784472912693753,-0.17138563277534075,0.001818927581047415,-1.6325116659989423
University of Massachusetts at Amherst,No,14438,12414,3816,12,39,16282,1940,8566,3897,500,1400,88.0,92,16.7,15,10276,68,1.9014765731048822,2.2044407479898,1.9624771216915777,-0.972731667786928,1.7765872411651633,1.2037534001795105,-0.3634083515762949,-0.22919460362735344,0.3122051961280074,1.0278491213014884,0.8746535950171559,0.6923240937679691,2.772588722239781,0.4959603536937376,0.8598143787228147,Medium,1,0,1.9014765731048828,2.204440747989801,1.9624771216915764,-0.9727316677869281,1.7765872411651638,1.2037534001795107,-0.3634083515762952,-0.2291946036273518,0.3122051961280068,1.0278491213014884,0.8746535950171559,0.6923240937679697,-0.3835201634208818,0.4959603536936973,0.7678883363024585,0.001818927581047415,-1.6325116659989423
University of Massachusetts at Dartmouth,No,3347,2597,1006,10,37,4664,1630,6919,4500,500,1250,74.0,90,15.0,20,7462,56,0.6678207045765949,0.7774898326326392,0.8178255800851068,-1.2041414384332418,0.8586977491938891,1.0744479422208495,-0.8573421766588876,-0.22919460362735344,0.0766966911087716,-0.023524770795469573,0.6902976719925955,0.2822630870249347,3.044522437723423,-0.326086556691273,0.775918733193905,Low,0,0,0.6678207045765955,0.7774898326326404,0.8178255800851055,-1.204141438433242,0.8586977491938896,1.0744479422208497,-0.8573421766588879,-0.2291946036273518,0.07669669110877098,-0.023524770795469628,0.6902976719925955,0.2822630870249353,0.060686441260878146,-0.3260865566913133,0.19720548381489222,-1.4114878028927562,-1.6325116659989423
University of Miami,Yes,7122,5386,1643,42,69,7760,876,16500,6526,630,1985,82.0,94,5.9,17,17500,59,1.3214639619144353,1.4620491435978304,1.2664340455388219,0.9459121453121648,1.2630203777128364,0.6309710856634577,1.4001159381906774,0.6339700079371658,1.0503252317182612,0.5551832097645348,1.0656043502924986,-2.3461430732055244,2.8903717578961645,1.583817045441352,0.7562482448750351,High,2,1,1.321463961914436,1.4620491435978318,1.2664340455388206,0.9459121453121649,1.2630203777128368,0.6309710856634579,1.4001159381906771,0.6339700079371675,1.0503252317182605,0.5551832097645348,1.0656043502924986,-2.346143073205524,-0.1911203270674524,1.5838170454413116,0.06340103767390842,1.4151256580548508,0.6125530498969481
University of Michigan at Ann Arbor,No,19152,12940,4893,66,92,22045,1339,15732,4659,476,1600,75.0,98,11.5,26,14847,87,2.125159158164674,2.2402291217149317,2.1512097488867954,1.8037060598901353,1.9637320097310906,0.9310465263508237,1.2581024945757655,-0.40961982181106055,0.5922469197566411,0.045592781487855547,1.467641878959388,-0.6241261617099947,3.295836866004329,1.2807418461025444,0.6756474519632414,High,2,0,2.1251591581646743,2.240229121714933,2.151209748886794,1.8037060598901355,1.963732009731091,0.931046526350824,1.2581024945757653,-0.40961982181105894,0.5922469197566405,0.04559278148785549,1.467641878959388,-0.6241261617099941,0.47121122188858366,1.280741846102504,-0.4848692583787239,1.4151256580548508,-1.6325116659989423
University of Minnesota at Duluth,No,4192,3126,1656,15,45,5887,1254,8828,3474,753,2610,79.0,91,19.0,11,6393,53,0.8664525816746756,0.9547655992024514,1.2733695313045936,-0.6744109272506594,1.0492401144785772,0.8838387934629793,-0.29075914612577886,1.3178450700582367,1.642515622375337,0.33126661926272183,0.7816568116943878,1.222108344767349,2.4849066497880004,-0.7774281956073125,0.745706106870229,Medium,1,0,0.8664525816746762,0.9547655992024526,1.2733695313045923,-0.6744109272506595,1.0492401144785777,0.8838387934629796,-0.29075914612577913,1.3178450700582383,1.6425156223753363,0.3312666192627218,0.7816568116943878,1.2221083447673498,-0.8534518760234878,-0.7774281956073528,-0.008309685212503809,0.001818927581047415,-1.6325116659989423
University of Minnesota at Morris,No,1458,874,588,56,86,1846,154,9843,3180,600,1500,74.0,78,14.6,16,6716,51,-0.09425256616303297,-0.31100679745202703,0.28641730169669605,1.4803479884652575,-0.00371596827141097,-0.4751279270605347,-0.021978603319396543,0.44960143907769445,0.45655088685874945,-0.023524770795469573,-0.28237352323745246,0.18319470580243435,2.833213344056216,-0.6294214451007852,0.5994513031550068,Medium,1,0,-0.09425256616303238,-0.31100679745202603,0.28641730169669477,1.4803479884652577,-0.0037159682714104215,-0.47512792706053447,-0.021978603319396835,0.44960143907769606,0.45655088685874884,-0.023524770795469628,-0.2823735232374524,0.18319470580243494,-0.28448920152158647,-0.6294214451008255,-1.0031778699438643,0.001818927581047415,-1.6325116659989423
University of Minnesota Twin Cities,No,11054,6397,3524,26,55,16502,21836,8949,3744,714,2910,88.0,90,12.2,37,16122,45,1.685772849065014,1.618518565263168,1.90050478656784,0.1379929544107909,1.7851415380681632,3.252464204603436,-0.25768515161973476,1.1122688326108703,1.881256136866047,1.0278491213014884,0.6902976719925955,-0.43508339754859443,3.6375861597263857,1.4359985453353667,0.5787045413425005,Medium,1,0,1.6857728490650146,1.6185185652631693,1.9005047865678386,0.13799295441079093,1.7851415380681637,3.2524642046034367,-0.25768515161973504,1.1122688326108718,1.8812561368660463,1.0278491213014884,0.6902976719925955,-0.4350833975485938,1.0294623131395182,1.4359985453353263,-1.1443034448935359,0.001818927581047415,-1.6325116659989423
University of Mississippi,No,3844,3383,1669,26,47,7524,804,4916,3810,600,550,75.0,86,20.3,14,6971,53,0.7903680102767682,1.0296251232895015,1.2802425010002962,0.1379929544107909,1.2397556801454968,0.5718300632983053,-1.5763565286293988,0.44960143907769445,-1.5715860926720169,0.045592781487855547,0.3410143789166372,1.5104862816404492,2.70805020110221,-0.5201155153614888,0.8800728407908429,Low,0,0,0.7903680102767687,1.0296251232895028,1.280242501000295,0.13799295441079093,1.2397556801454972,0.5718300632983055,-1.576356528629399,0.44960143907769606,-1.5715860926720175,0.04559278148785549,0.3410143789166373,1.5104862816404498,-0.488944521318963,-0.5201155153615291,0.9056923527935123,-1.4114878028927562,-1.6325116659989423
University of Missouri at Columbia,No,6574,4637,2940,32,62,14782,1583,9057,3485,600,1983,87.0,87,12.7,15,10145,58,1.2538478012363403,1.324330903217547,1.7565987583451599,0.47565884296982625,1.714238207655188,1.0529361064663356,-0.22841180351046542,0.44960143907769445,1.0481665078815117,0.9467727128282987,0.4259346495311623,-0.3026284436876273,2.772588722239781,0.46567198706021906,0.7053544265287496,Medium,1,0,1.253847801236341,1.3243309032175483,1.7565987583451586,0.4756588429698263,1.7142382076551885,1.0529361064663358,-0.22841180351046572,0.44960143907769606,1.048166507881511,0.9467727128282987,0.42593464953116233,-0.3026284436876267,-0.3835201634208818,0.46567198706017876,-0.2827936813098539,0.001818927581047415,-1.6325116659989423
University of Missouri at Rolla,No,1877,1826,823,49,77,3926,561,9057,3600,700,1435,88.0,88,14.4,23,9699,49,0.14229826513176552,0.4343637543304868,0.6242452969502869,1.2273850455284776,0.711372775042092,0.3290659175990147,-0.22841180351046542,1.0360807079976635,0.36378187998855144,1.0278491213014884,0.5124477851823425,0.1332649014169342,3.1780538303479458,0.3578592725538675,0.9728289824187534,Medium,1,0,0.14229826513176613,0.4343637543304879,0.6242452969502856,1.2273850455284778,0.7113727750420925,0.32906591759901493,-0.22841180351046572,1.036080707997665,0.3637818799885508,1.0278491213014884,0.5124477851823425,0.13326490141693478,0.2788113855351543,0.3578592725538272,1.5366469053956007,0.001818927581047415,-1.6325116659989423
University of Missouri at Saint Louis,No,1618,1141,479,18,54,4793,4552,7246,3964,500,4288,71.0,73,13.4,15,6433,48,0.003780448299564733,-0.03693139536299751,0.07169755738563119,-0.4176946998854468,0.8815270795642024,1.8703220848959319,-0.753567850621616,-0.22919460362735344,2.7477136743543804,-0.2253537109704769,-0.6232192944825511,-0.12055104982347017,2.772588722239781,-0.758479108806698,0.7051915945611866,Low,0,0,0.0037804482995653366,-0.03693139536299644,0.07169755738562993,-0.41769469988544683,0.881527079564203,1.870322084895932,-0.7535678506216164,-0.2291946036273518,2.74771367435438,-0.22535371097047696,-0.6232192944825511,-0.12055104982346959,-0.3835201634208818,-0.7584791088067383,-0.2839013122380045,-1.4114878028927562,-1.6325116659989423
University of Mobile,Yes,452,331,269,17,54,1417,301,6150,3680,550,1200,59.0,63,16.6,4,5412,52,-1.2495818464229376,-1.3531012221057364,-0.5701138471615498,-0.49946894118390567,-0.2836463387076875,-0.07107182401564707,-1.1147821063052947,0.12366360034857365,-0.007652219861956637,-0.9497641272340495,-1.199238322126377,0.6686666659070798,1.6094379124341003,-1.3079760463630976,0.7323008849557522,Low,0,1,-1.249581846422937,-1.3531012221057355,-0.570113847161551,-0.4994689411839057,-0.28364633870768696,-0.07107182401564684,-1.114782106305295,0.12366360034857528,-0.007652219861957268,-0.9497641272340495,-1.199238322126377,0.6686666659070803,-2.2835393318336408,-1.307976046363138,-0.09949594681348622,-1.4114878028927562,0.6125530498969481
University of Montevallo,No,1351,892,570,18,78,2385,331,4440,3030,300,600,72.0,72,18.9,8,5883,51,-0.16648594954451984,-0.2898689434240586,0.25428965569735407,-0.4176946998854468,0.25240421584968076,-0.01159251633041347,-1.7748036637248292,-2.0483080496073764,-1.4016057555673218,-0.15899811554781332,-0.6870519494859656,1.1996123641074883,2.1972245773362196,-1.0362158831678885,0.6602516654330126,Low,0,0,-0.16648594954451923,-0.2898689434240576,0.2542896556973528,-0.41769469988544683,0.2524042158496813,-0.011592516330413232,-1.7748036637248295,-2.0483080496073747,-1.4016057555673225,-0.15899811554781337,-0.6870519494859656,1.199612364107489,-1.3233835886260938,-1.036215883167929,-0.589595925871055,-1.4114878028927562,-1.6325116659989423
University of Nebraska at Lincoln,No,6277,6003,3526,33,63,16454,3171,5595,3145,500,2070,86.0,92,15.1,48,6813,53,1.2146263330255935,1.5609142978087427,1.9009491652737627,0.5272445442404744,1.783287048573915,1.5809028788708566,-1.3140424282305816,-0.22919460362735344,1.1402587274221068,0.8666156952783766,0.8746535950171559,0.30686892312721825,3.8918202981106265,-0.5870991959978875,0.9563485741596304,Low,0,0,1.2146263330255942,1.560914297808744,1.9009491652737613,0.5272445442404745,1.7832870485739154,1.5809028788708568,-1.3140424282305818,-0.2291946036273518,1.140258727422106,0.8666156952783766,0.8746535950171559,0.30686892312721886,1.44475647114785,-0.5870991959979278,1.4245423219433517,-1.4114878028927562,-1.6325116659989423
University of New England,Yes,1209,750,265,19,54,820,159,11450,5045,900,2500,75.0,75,11.4,13,9718,64,-0.2724478738453962,-0.47061383620089015,-0.5875470390235047,-0.33923404372499033,-0.9166665828977454,-0.45646481674149725,0.3685679569333126,2.017544989660185,1.5485627321158653,0.045592781487855547,-0.4912534379026085,-0.6514933665420358,2.6390573296152584,0.3626073336664005,0.6203473945409429,Medium,1,1,-0.2724478738453956,-0.47061383620088915,-0.5875470390235059,-0.3392340437249904,-0.9166665828977448,-0.456464816741497,0.36856795693331235,2.0175449896601867,1.5485627321158646,0.04559278148785549,-0.49125343790260845,-0.6514933665420353,-0.601645107695158,0.3626073336663602,-0.8610365113216508,0.001818927581047415,0.6125530498969481
University of New Hampshire,No,9750,7640,2529,24,62,10358,1338,11180,3862,650,2450,89.0,87,17.5,16,7855,75,1.5829335638386197,1.7780882738730825,1.6339158370106026,0.012544204192919125,1.473105171162677,0.9305070365698836,0.3055872717085839,0.7526774068770612,1.5045850059041745,1.109844838622803,0.4259346495311623,0.8796391417393972,2.833213344056216,-0.18443646192017749,0.7835897435897435,Medium,1,0,1.5829335638386204,1.7780882738730839,1.6339158370106013,0.012544204192919118,1.4731051711626775,0.9305070365698839,0.30558727170858363,0.7526774068770629,1.5045850059041739,1.109844838622803,0.42593464953116233,0.8796391417393977,-0.28448920152158647,-0.1844364619202178,0.24938595237866734,0.001818927581047415,-1.6325116659989423
University of North Carolina at Asheville,No,1757,979,394,32,74,2033,1078,5972,3420,600,750,77.0,83,13.0,11,7011,37,0.08085045117402453,-0.193747654596743,-0.13926833782314896,0.47565884296982625,0.09444379004679732,0.7761419744386261,-1.1773533231047915,0.44960143907769445,-0.9606431574714017,0.18658916323670852,0.09569733284866454,-0.22412911897517096,2.4849066497880004,-0.5035279145149667,0.5571997723392146,Low,0,0,0.08085045117402513,-0.19374765459674195,-0.1392683378231502,0.4756588429698263,0.09444379004679787,0.7761419744386263,-1.1773533231047917,0.44960143907769606,-0.9606431574714024,0.18658916323670846,0.09569733284866458,-0.22412911897517038,-0.8534518760234878,-0.503527914515007,-1.290585207665746,-1.4114878028927562,-1.6325116659989423
University of North Carolina at Chapel Hill,No,14596,5985,3331,75,92,14609,1100,8400,4200,550,1200,88.0,93,8.9,23,15893,83,1.910178514851017,1.5581868307212223,1.8561976448759805,2.064866071252274,1.706553253323544,0.7904360556783387,-0.4101964618018934,0.12366360034857365,-0.007652219861956637,1.0278491213014884,0.9692990979140862,-1.3695004894439946,3.1780538303479458,1.40953437614268,0.41004384762948753,Medium,1,0,1.9101785148510178,1.5581868307212237,1.8561976448759792,2.0648660712522746,1.7065532533235444,0.790436055678339,-0.4101964618018937,0.12366360034857528,-0.007652219861957268,1.0278491213014884,0.9692990979140862,-1.369500489443994,0.2788113855351543,1.4095343761426395,-2.291583082398756,0.001818927581047415,-1.6325116659989423
University of North Carolina at Charlotte,No,5803,4441,1730,19,62,10099,3255,7248,3109,600,1900,79.0,91,16.8,7,6227,62,1.1477098741758318,1.2843432272948727,1.3116881012743287,-0.33923404372499033,1.4552095603018613,1.6014887627356797,-0.7529427077266194,0.44960143907769445,0.9567527520563348,0.33126661926272183,0.7816568116943878,0.7159264724323372,2.0794415416798357,-0.8580640794936877,0.7652938135447183,Low,0,0,1.1477098741758325,1.284343227294874,1.3116881012743273,-0.3392340437249904,1.4552095603018618,1.60148876273568,-0.7529427077266198,0.44960143907769606,0.9567527520563341,0.3312666192627218,0.7816568116943878,0.7159264724323378,-1.515783424979524,-0.858064079493728,0.12493165583940233,-1.4114878028927562,-1.6325116659989423
University of North Carolina at Greensboro,No,5191,4134,1500,15,44,7532,1847,8677,3505,600,1300,75.0,94,15.5,17,7392,53,1.05206853443606,1.2177534605618183,1.1856910281975934,-0.6744109272506594,1.2405588090964745,1.1670437668623848,-0.33245372526234523,0.44960143907769445,0.15797762169666751,0.045592781487855547,1.0656043502924986,0.40466484905643485,2.8903717578961645,-0.3525290087767535,0.7963783471392796,Medium,1,0,1.0520685344360607,1.2177534605618197,1.185691028197592,-0.6744109272506595,1.240558809096475,1.167043766862385,-0.3324537252623455,0.44960143907769606,0.15797762169666688,0.04559278148785549,1.0656043502924986,0.40466484905643546,-0.1911203270674524,-0.35252900877679383,0.3363777945293655,0.001818927581047415,-1.6325116659989423
University of North Carolina at Wilmington,No,6071,3856,1449,15,67,6635,1145,7558,3680,500,1500,82.0,85,19.1,15,6005,55,1.1862343630205117,1.15272366810799,1.154721455940865,-0.6744109272506594,1.1433976822468346,0.8188888569780044,-0.6573842538354956,-0.22919460362735344,0.45655088685874945,0.5551832097645348,0.25767565625110594,1.244558309119232,2.772588722239781,-0.97123498548073,0.6351507165211662,Medium,1,0,1.1862343630205123,1.1527236681079913,1.1547214559408636,-0.6744109272506595,1.143397682246835,0.8188888569780046,-0.6573842538354959,-0.2291946036273518,0.45655088685874884,0.5551832097645348,0.257675656251106,1.2445583091192327,-0.3835201634208818,-0.9712349854807703,-0.7603399619273846,0.001818927581047415,-1.6325116659989423
University of North Dakota,No,2777,2249,1652,20,54,8334,1435,5634,2703,450,1200,97.0,97,15.9,16,9424,49,0.5006033498546345,0.638345933671959,1.2712422433599029,-0.2637884142137961,1.316177657046139,0.9812197988315338,-1.2996267317241952,-0.6142542982610626,-0.007652219861956637,1.7988961457720525,1.3645882269351624,0.5014836937996878,2.833213344056216,0.28749153413089273,0.8098667626935542,Low,0,0,0.5006033498546351,0.6383459336719602,1.2712422433599015,-0.2637884142137962,1.3161776570461394,0.981219798831534,-1.2996267317241954,-0.6142542982610609,-0.007652219861957268,1.7988961457720525,1.3645882269351624,0.5014836937996884,-0.28448920152158647,0.28749153413085243,0.4281299637334103,-1.4114878028927562,-1.6325116659989423
University of North Florida,No,1800,1253,560,44,85,3876,3588,6634,4360,600,2604,82.0,85,17.8,14,6104,47,0.10337309901163495,0.05814397605172771,0.23593111815472367,1.0296888476949615,0.700186535890014,1.6786500776951616,-0.9504488650286549,0.44960143907769445,1.6374863249988574,0.5551832097645348,0.25767565625110594,0.9490194931800552,2.70805020110221,-0.919982828106118,0.6961111111111111,Low,0,0,0.10337309901163555,0.0581439760517288,0.23593111815472242,1.0296888476949617,0.7001865358900146,1.6786500776951618,-0.9504488650286552,0.44960143907769606,1.6374863249988567,0.5551832097645348,0.257675656251106,0.9490194931800557,-0.488944521318963,-0.9199828281061583,-0.3456694310072859,-1.4114878028927562,-1.6325116659989423
University of North Texas,No,4418,2737,2049,23,51,14047,5134,4104,3579,450,1700,86.0,94,22.6,6,5657,35,0.9123186057535846,0.8279262153899553,1.457623545442561,-0.05311907203067916,1.680801496323644,1.9689604177853832,-1.9234648853065524,-0.6142542982610626,0.7203062079769135,0.8666156952783766,1.0656043502924986,2.0036683228955776,1.9459101490553132,-1.1622575725282898,0.6195110909913988,Low,0,0,0.9123186057535851,0.8279262153899565,1.4576235454425597,-0.05311907203067917,1.6808014963236444,1.9689604177853834,-1.9234648853065526,-0.6142542982610609,0.7203062079769128,0.8666156952783766,1.0656043502924986,2.003668322895578,-1.7339083692537995,-1.1622575725283302,-0.8667252940014962,-1.4114878028927562,-1.6325116659989423
University of Northern Colorado,No,5530,4007,1697,12,37,8463,1498,7731,4128,540,2286,75.0,75,21.5,8,6309,40,1.1064524621969354,1.1886447511295752,1.2948383626578135,-0.972731667786928,1.3275113138577814,1.0125264502231284,-0.605172252396927,0.055394205642346685,1.3542640371673937,0.045592781487855547,-0.4912534379026085,1.7703640987717493,2.1972245773362196,-0.8178229155133953,0.7245931283905968,Medium,1,0,1.106452462196936,1.1886447511295766,1.2948383626578122,-0.9727316677869281,1.3275113138577819,1.0125264502231286,-0.6051722523969273,0.055394205642348315,1.354264037167393,0.04559278148785549,-0.49125343790260845,1.77036409877175,-1.3233835886260938,-0.8178229155134356,-0.15192637362707953,0.001818927581047415,-1.6325116659989423
University of Northern Iowa,No,4144,3379,1853,18,52,10135,1448,6197,2930,595,2380,78.0,82,16.3,26,6333,77,0.8563696740797463,1.0285071849927923,1.3713752482677573,-0.4176946998854468,1.4577302586726895,0.9877799560609118,-1.0984595018104282,0.4180956603638323,1.4415991469590026,0.25846780349494175,0.01703484187169807,0.5973594417391935,3.295836866004329,-0.8061972791489666,0.815395752895753,Low,0,0,0.8563696740797468,1.0285071849927936,1.371375248267756,-0.41769469988544683,1.45773025867269,0.9877799560609121,-1.0984595018104284,0.4180956603638339,1.441599146959002,0.2584678034949417,0.017034841871698108,0.5973594417391941,0.47121122188858366,-0.8061972791490069,0.4657397810257668,-1.4114878028927562,-1.6325116659989423
University of Notre Dame,Yes,7700,3700,1906,79,96,7671,30,16850,4400,600,1350,96.0,92,13.1,46,13936,97,1.3869841224734105,1.113998000054218,1.3957003497917102,2.173485159618942,1.254349399907615,-1.3559697713457746,1.4633967085260515,0.44960143907769445,0.23641393778204187,1.7095488044453089,0.8746535950171559,-0.1981197138629203,3.8501476017100584,1.1566067575712464,0.4805194805194805,High,2,1,1.3869841224734112,1.1139980000542193,1.3957003497917089,2.1734851596189424,1.2543493999076154,-1.3559697713457743,1.4633967085260513,0.44960143907769606,0.23641393778204123,1.7095488044453089,0.8746535950171559,-0.1981197138629197,1.3766836801623437,1.156606757571206,-1.8121871023693927,1.4151256580548508,0.6125530498969481
University of Oklahoma,No,4743,3970,2233,32,63,13436,2582,5173,3526,765,3176,86.0,90,11.5,11,10244,44,0.9740431269899128,1.1799784278267884,1.5303410288970105,0.47565884296982625,1.6513397373660035,1.4209512204558505,-1.474427527654091,1.379233011860211,2.0745864665326277,0.8666156952783766,0.6902976719925955,-0.6241261617099947,2.4849066497880004,0.48861683726335825,0.837022981235505,Low,0,0,0.9740431269899134,1.1799784278267897,1.5303410288970092,0.4756588429698263,1.651339737366004,1.4209512204558508,-1.4744275276540912,1.3792330118602125,2.0745864665326272,0.8666156952783766,0.6902976719925955,-0.6241261617099941,-0.8534518760234878,0.48861683726331795,0.6128545482168315,-1.4114878028927562,-1.6325116659989423
University of Oregon,No,8631,6732,2546,25,61,11669,1605,10602,3660,570,1530,79.0,87,19.7,13,8020,54,1.482155384345656,1.6645887364168463,1.6394344402612884,0.07620224590010746,1.5560078373793789,1.063076127555853,0.16732222950470962,0.257019020518055,0.4981180851950696,0.33126661926272183,0.4259346495311623,1.3783101875984967,2.6390573296152584,-0.1281785155941173,0.7799791449426486,Medium,1,0,1.4821553843456567,1.6645887364168477,1.639434440261287,0.07620224590010746,1.5560078373793793,1.0630761275558531,0.16732222950470932,0.2570190205180566,0.498118085195069,0.3312666192627218,0.42593464953116233,1.3783101875984973,-0.601645107695158,-0.1281785155941576,0.2248255985948487,0.001818927581047415,-1.6325116659989423
University of Pennsylvania,Yes,12394,5232,2464,85,100,9205,531,17020,7270,500,1544,95.0,96,6.3,38,25765,93,1.7786993073752815,1.435479214894309,1.6124136840807723,2.3289850936935363,1.3888530006318356,0.2927461441126657,1.4938217847884745,-0.22919460362735344,0.5172584530697378,1.6211201473361683,1.2632379969775114,-2.206272367312898,3.6635616461296463,2.1988245433576026,0.42213974503792157,High,2,1,1.7786993073752821,1.4354792148943103,1.612413684080771,2.328985093693537,1.388853000631836,0.2927461441126659,1.4938217847884743,-0.2291946036273518,0.5172584530697372,1.6211201473361683,1.2632379969775114,-2.2062723673128977,1.0718935453228027,2.198824543357562,-2.2093032311272927,1.4151256580548508,0.6125530498969481
University of Pittsburgh-Main Campus,No,8586,6383,2503,25,59,13138,4289,10786,4560,400,900,93.0,93,7.8,10,13789,66,1.4778139660611487,1.6165374531648027,1.6253923213062815,0.07620224590010746,1.6363716324619466,1.821964385693793,0.21186330651465693,-1.0385747644412713,-0.5948985251933547,1.4470191871641125,0.9692990979140862,-1.7100169908089125,2.3978952727983707,1.1353986175686335,0.7434195201490799,Medium,1,0,1.4778139660611493,1.616537453164804,1.6253923213062802,0.07620224590010746,1.636371632461947,1.8219643856937933,0.21186330651465662,-1.0385747644412697,-0.5948985251933554,1.4470191871641125,0.9692990979140862,-1.7100169908089118,-0.9955858819980911,1.135398617568593,-0.023863720517422086,0.001818927581047415,-1.6325116659989423
University of Portland,Yes,1758,1485,419,27,58,2041,174,12040,4100,600,1100,92.0,96,13.2,17,9060,72,0.08138092185484448,0.22906607349461913,-0.07214710212749512,0.19803987368047163,0.09839529272593897,-0.4034882675830814,0.5028730839628116,0.44960143907769445,-0.18659120676503163,1.3613470368188663,1.2632379969775114,-0.17218743851993448,2.8903717578961645,0.18932604159255714,0.8447098976109215,Medium,1,1,0.08138092185484508,0.22906607349462024,-0.07214710212749638,0.19803987368047166,0.09839529272593953,-0.40348826758308115,0.5028730839628113,0.44960143907769606,-0.18659120676503227,1.3613470368188663,1.2632379969775114,-0.1721874385199339,-0.1911203270674524,0.18932604159251684,0.6651432139312449,0.001818927581047415,0.6125530498969481
University of Puget Sound,Yes,4044,2826,688,51,83,2738,138,16230,4500,630,1800,79.0,86,15.0,17,11217,63,0.8349551115263916,0.8585753209664877,0.4463961009064064,1.3022664532279353,0.3845610229975339,-0.5387571005957346,1.350694182124423,0.6339700079371658,0.8415717373866589,0.33126661926272183,0.3410143789166372,0.2822630870249347,2.8903717578961645,0.697266015216627,0.6988130563798219,High,2,1,0.8349551115263921,0.8585753209664889,0.44639610090640514,1.3022664532279355,0.3845610229975345,-0.5387571005957343,1.3506941821244227,0.6339700079371675,0.8415717373866582,0.3312666192627218,0.3410143789166373,0.2822630870249353,-0.1911203270674524,0.6972660152165867,-0.32729000471534775,1.4151256580548508,0.6125530498969481
University of Rhode Island,No,9643,7751,1968,12,40,8894,2456,10330,5558,500,1250,84.0,89,16.6,7,9158,63,1.5738478708243753,1.790964600285755,1.423184706692949,-0.972731667786928,1.3639032850248922,1.3824958654948327,0.10053892028055368,-0.22919460362735344,0.0766966911087716,0.7090601660532498,0.6005650532112241,0.6686666659070798,2.0794415416798357,0.2163464034621442,0.8037954993259359,Medium,1,0,1.573847870824376,1.7909646002857564,1.4231847066929477,-0.9727316677869281,1.3639032850248927,1.382495865494833,0.10053892028055339,-0.2291946036273518,0.07669669110877098,0.7090601660532498,0.6005650532112241,0.6686666659070803,-1.515783424979524,0.2163464034621039,0.3868314449009667,0.001818927581047415,-1.6325116659989423
University of Richmond,Yes,5892,2718,756,46,72,2854,594,14500,3285,700,1125,75.0,89,11.7,32,11984,100,1.1607114578609061,0.8212451525718857,0.5405644989846419,1.1106782881401163,0.42351517805813066,0.36704908313466494,1.0204503919613213,1.0360807079976635,-0.14048620595181638,0.045592781487855547,0.6005650532112241,-0.5696679334896119,3.4965075614664802,0.8430153646734997,0.46130346232179226,High,2,1,1.1607114578609068,0.8212451525718869,0.5405644989846407,1.1106782881401165,0.4235151780581312,0.36704908313466517,1.020450391961321,1.036080707997665,-0.14048620595181702,0.04559278148785549,0.6005650532112241,-0.5696679334896113,0.7990089285165864,0.8430153646734594,-1.9429001090978628,1.4151256580548508,0.6125530498969481
University of Rochester,Yes,8766,5498,1243,56,75,5071,438,17840,6582,500,882,93.0,99,5.9,23,26037,80,1.4950353859355898,1.4808675093739354,1.0154348555809274,1.4803479884652575,0.9282748871699777,0.16704809671101345,1.6378403162054327,-0.22919460362735344,-0.6356698513318378,1.4470191871641125,1.572409762644023,-2.3461430732055244,3.1780538303479458,2.213788440103262,0.6271959844855122,High,2,1,1.4950353859355905,1.4808675093739367,1.015434855580926,1.4803479884652577,0.9282748871699783,0.1670480967110137,1.6378403162054325,-0.2291946036273518,-0.6356698513318385,1.4470191871641125,1.572409762644023,-2.346143073205524,0.2788113855351543,2.2137884401032215,-0.8144503885205852,1.4151256580548508,0.6125530498969481
University of San Diego,Yes,3934,2735,886,40,70,3698,217,13600,5940,630,1820,93.0,96,15.6,13,10813,66,0.8107329236340292,0.8272252844530946,0.6960545566549485,0.8591123720558881,0.658887976487072,-0.27170063894290325,0.8383174900896683,0.6339700079371658,0.865074030398109,1.4470191871641125,1.2632379969775114,0.4289597985788314,2.6390573296152584,0.6141530866237898,0.6952211489578037,High,2,1,0.8107329236340297,0.8272252844530958,0.6960545566549473,0.8591123720558882,0.6588879764870725,-0.271700638942903,0.8383174900896679,0.6339700079371675,0.8650740303981084,1.4470191871641125,1.2632379969775114,0.428959798578832,-0.601645107695158,0.6141530866237495,-0.35172321528957534,1.4151256580548508,0.6125530498969481
University of San Francisco,Yes,2306,1721,538,23,48,4309,549,13226,6452,750,2450,86.0,86,13.6,8,10074,62,0.33186341092922517,0.375846672161904,0.19417605692361198,-0.05311907203067916,0.7916764328730292,0.3147530959025511,0.7603004064397545,1.302364976162053,1.5045850059041745,0.8666156952783766,0.3410143789166372,-0.06921364143108524,2.1972245773362196,0.44900283290064613,0.746313963573287,High,2,1,0.3318634109292258,0.3758466721619051,0.19417605692361073,-0.05311907203067917,0.7916764328730298,0.31475309590255135,0.7603004064397542,1.3023649761620546,1.5045850059041739,0.8666156952783766,0.3410143789166373,-0.06921364143108466,-1.3233835886260938,0.44900283290060583,-0.004174865162930047,1.4151256580548508,0.6125530498969481
University of Sci. and Arts of Oklahoma,No,285,280,208,21,43,1140,473,3687,1920,600,1800,67.0,77,23.6,3,3864,43,-1.7322644525300057,-1.5398649135285487,-0.8750036098128383,-0.19109950858549485,-0.5263297844880813,0.2169487970705791,-2.119539384004626,0.44960143907769445,0.8415717373866589,-0.481566548430211,-0.35347352257287784,2.211956120304136,1.3862943611198906,-2.5392754565130278,0.9824561403508771,Low,0,0,-1.732264452530005,-1.5398649135285478,-0.8750036098128395,-0.19109950858549488,-0.5263297844880808,0.21694879707057935,-2.1195393840046264,0.44960143907769606,0.8415717373866582,-0.48156654843021107,-0.3534735225728778,2.2119561203041362,-2.6480466865381658,-2.539275456513068,1.6021336647549942,-1.4114878028927562,-1.6325116659989423
University of Scranton,Yes,4471,2942,910,29,60,3674,493,11584,5986,650,800,83.0,83,14.1,41,9131,92,0.9227105251409028,0.8970085044094641,0.7218751376929339,0.3133361961439687,0.6531345000104135,0.24398810214401248,0.39946318106852363,0.7526774068770612,-0.831740799103585,0.6316618234008086,0.09569733284866454,0.0578612934555406,3.7376696182833684,0.2089466743366609,0.6580183404160144,Medium,1,1,0.9227105251409033,0.8970085044094653,0.7218751376929327,0.31333619614396874,0.6531345000104141,0.24398810214401273,0.39946318106852335,0.7526774068770629,-0.8317407991035857,0.6316618234008086,0.09569733284866458,0.05786129345554118,1.1929497028195202,0.2089466743366206,-0.6047876594014111,0.001818927581047415,0.6125530498969481
University of South Carolina at Aiken,No,848,560,377,14,24,1855,1412,5800,3066,500,1500,62.0,62,14.8,3,5035,48,-0.6166530934911131,-0.7800827364764759,-0.18778117862096239,-0.768473675269448,0.0012814674849652,0.9694810385266633,-1.2389903799716606,-0.22919460362735344,0.45655088685874945,-0.7811031790800594,-1.2494530951634284,0.23285911133526874,1.3862943611198906,-1.553254566988775,0.660377358490566,Low,0,0,-0.6166530934911125,-0.7800827364764749,-0.18778117862096363,-0.7684736752694481,0.0012814674849657487,0.9694810385266636,-1.2389903799716608,-0.2291946036273518,0.45655088685874884,-0.7811031790800594,-1.2494530951634284,0.23285911133526932,-2.6480466865381658,-1.5532545669888154,-0.5887409247304091,-1.4114878028927562,-1.6325116659989423
University of South Carolina at Columbia,No,7693,5815,2328,30,66,12594,3661,8074,3522,495,2941,84.0,88,16.9,18,8246,63,1.3862225885733102,1.5319864052413994,1.5652286272490348,0.36877700770497285,1.607949463800793,1.694698737128009,-0.5038802371615053,-0.2661512547593812,1.9046106872959472,0.7090601660532498,0.5124477851823425,0.7394742565334033,2.9444389791664403,-0.053956209769192534,0.755881970622644,Medium,1,0,1.3862225885733108,1.5319864052414007,1.5652286272490334,0.3687770077049729,1.6079494638007934,1.6946987371280091,-0.5038802371615057,-0.26615125475937956,1.9046106872959465,0.7090601660532498,0.5124477851823425,0.7394742565334038,-0.10280094841912382,-0.05395620976923284,0.06090953249709589,0.001818927581047415,-1.6325116659989423
University of South Florida,No,7589,4676,1876,29,63,14770,10962,6760,3776,500,2180,84.0,89,17.0,7,11020,47,1.3748199923546511,1.3320718792263209,1.3820287302946714,0.3133361961439687,1.713708693300811,2.6185736703687863,-0.908968206652819,-0.22919460362735344,1.2516980395015243,0.7090601660532498,0.6005650532112241,0.7629678942848166,2.0794415416798357,0.6573253129759251,0.6161549611279483,Low,0,0,1.3748199923546518,1.3320718792263222,1.38202873029467,0.31333619614396874,1.7137086933008114,2.6185736703687867,-0.9089682066528193,-0.2291946036273518,1.2516980395015236,0.7090601660532498,0.6005650532112241,0.7629678942848171,-1.515783424979524,0.6573253129758848,-0.8895546762860943,-1.4114878028927562,-1.6325116659989423
University of Southern California,Yes,12229,8498,2477,45,71,13259,1429,17230,6482,600,2210,90.0,94,11.4,10,17007,68,1.767854571084847,1.8727980158160034,1.616766066108435,1.0705183742130715,1.642498707618406,0.9781739521328124,1.5311313223741758,0.44960143907769445,1.2811866249314292,1.1927597836517578,1.0656043502924986,-0.6514933665420358,2.3978952727983707,1.5330591112214926,0.6949055523755009,High,2,1,1.7678545710848477,1.8727980158160047,1.6167660661084338,1.0705183742130717,1.6424987076184066,0.9781739521328127,1.5311313223741756,0.44960143907769606,1.2811866249314285,1.1927597836517578,1.0656043502924986,-0.6514933665420353,-0.9955858819980911,1.5330591112214522,-0.35386999605141894,1.4151256580548508,0.6125530498969481
University of Southern Colorado,No,1401,1239,605,10,34,3716,675,7100,4380,540,2948,63.0,88,19.4,0,5389,36,-0.13199582138031676,0.046767618003776386,0.31573517242348403,-1.2041414384332418,0.6631732964793527,0.4527779220808867,-0.7995128887962804,0.055394205642346685,1.90985273886806,-0.7230390518843525,0.5124477851823425,1.3116354267818913,0.0,-1.3221782583180366,0.8843683083511777,Low,0,0,-0.13199582138031615,0.046767618003777475,0.31573517242348276,-1.204141438433242,0.6631732964793533,0.4527779220808869,-0.7995128887962807,0.055394205642348315,1.9098527388680593,-0.7230390518843525,0.5124477851823425,1.311635426781892,-4.9125732096554495,-1.322178258318077,0.9349113863279164,-1.4114878028927562,-1.6325116659989423
University of Southern Indiana,No,2379,2133,1292,8,25,4283,2973,4973,3192,500,1425,56.0,65,22.0,21,4078,38,0.36031843364023763,0.5867801235085268,1.050863201673328,-1.473054451276509,0.7865048678091725,1.5303638653428289,-1.5534529351748265,-0.22919460362735344,0.3491656002566591,-1.1101254032815964,-1.094880026424442,1.8769734548205472,3.091042453358316,-2.32685173492357,0.8965952080706179,Low,0,0,0.36031843364023824,0.586780123508528,1.0508632016733266,-1.4730544512765091,0.7865048678091731,1.530363865342829,-1.5534529351748267,-0.2291946036273518,0.3491656002566585,-1.1101254032815964,-1.094880026424442,1.876973454820548,0.13667737956055104,-2.3268517349236104,1.018082353843329,-1.4114878028927562,-1.6325116659989423
University of Southern Mississippi,No,2850,2044,1046,20,50,9260,1387,4652,2470,500,500,78.0,99,18.7,23,5917,45,0.5239804045600814,0.5451410152170435,0.8547319284610417,-0.2637884142137961,1.393158400547486,0.9565244377437802,-1.6847754130645565,-0.22919460362735344,-1.7565250578392297,0.25846780349494175,1.572409762644023,1.15448099537168,3.1780538303479458,-1.0178988938271858,0.7171929824561404,Low,0,0,0.523980404560082,0.5451410152170447,0.8547319284610405,-0.2637884142137962,1.3931584005474864,0.9565244377437804,-1.6847754130645567,-0.2291946036273518,-1.7565250578392304,0.2584678034949417,1.572409762644023,1.1544809953716806,0.2788113855351543,-1.0178988938272262,-0.20226434247010575,-1.4114878028927562,-1.6325116659989423
University of St. Thomas MN,Yes,2057,1807,828,26,53,4106,982,11712,4037,500,800,80.0,80,13.8,13,8546,89,0.22698261829985295,0.4240459534499657,0.6301726758560594,0.1379929544107909,0.7502501260579819,0.7105180798928988,0.42875654929857054,-0.22919460362735344,-0.831740799103585,0.404985518976676,-0.1356944211524122,-0.0181691230182655,2.6390573296152584,0.039857269000638684,0.8784637822070978,Medium,1,1,0.22698261829985356,0.4240459534499668,0.6301726758560582,0.13799295441079093,0.7502501260579825,0.7105180798928991,0.42875654929857027,-0.2291946036273518,-0.8317407991035857,0.40498551897667595,-0.13569442115241218,-0.018169123018264913,-0.601645107695158,0.039857269000598376,0.8947470631232055,0.001818927581047415,0.6125530498969481
University of St. Thomas TX,Yes,374,280,185,45,77,995,408,8550,4050,500,1344,75.0,75,12.6,17,7237,62,-1.44587640979,-1.5398649135285487,-1.0179681978804955,1.0705183742130715,-0.6840931775471965,0.121328324574784,-0.3678919688749011,-0.22919460362735344,0.22714497065395897,0.045592781487855547,-0.4912534379026085,-0.32895477682173246,2.8903717578961645,-0.41247840876097025,0.7486631016042781,Medium,1,1,-1.4458764097899994,-1.5398649135285478,-1.0179681978804969,1.0705183742130717,-0.6840931775471959,0.12132832457478424,-0.3678919688749014,-0.2291946036273518,0.22714497065395833,0.04559278148785549,-0.49125343790260845,-0.32895477682173185,-0.1911203270674524,-0.41247840876101055,0.011804662546300276,0.001818927581047415,0.6125530498969481
University of Tennessee at Knoxville,No,7473,5372,3013,27,53,15749,3237,5764,3262,750,3300,86.0,92,16.5,22,8612,53,1.3619022597432775,1.4596674713457674,1.7763137204273556,0.19803987368047163,1.7552648907740969,1.5971181409728108,-1.2520426511540852,1.302364976162053,2.1596345533257564,0.8666156952783766,0.8746535950171559,0.6449537276656453,3.1354942159291497,0.05981717941084218,0.7188545430215443,Low,0,0,1.3619022597432782,1.4596674713457687,1.7763137204273542,0.19803987368047166,1.7552648907740973,1.597118140972811,-1.2520426511540854,1.3023649761620546,2.159634553325756,0.8666156952783766,0.8746535950171559,0.6449537276656458,0.20928980457225407,0.05981717941080187,-0.19096191888104355,-1.4114878028927562,-1.6325116659989423
University of Texas at Arlington,No,3281,2559,1448,19,43,10975,8431,4422,2780,500,2850,73.0,73,21.0,4,4696,29,0.6500902426135583,0.7632973798226977,1.1541016967747888,-0.33923404372499033,1.513624995523792,2.3882247864206927,-1.7825765665070614,-0.22919460362735344,1.8353918524480497,-0.09172176908837011,-0.6232192944825511,1.6627857007207905,1.6094379124341003,-1.7993194686263838,0.7799451386772326,Low,0,0,0.6500902426135589,0.763297379822699,1.1541016967747875,-0.3392340437249904,1.5136249955237924,2.388224786420693,-1.7825765665070616,-0.2291946036273518,1.835391852448049,-0.09172176908837017,-0.6232192944825511,1.6627857007207911,-2.2835393318336408,-1.7993194686264242,0.2245942779771011,-1.4114878028927562,-1.6325116659989423
University of Texas at Austin,No,14752,9572,5329,48,85,30017,5189,5130,3309,650,3140,91.0,99,19.7,11,7837,65,1.9186717253458232,1.977877984870481,2.2143688048447014,1.1890885687490669,2.1420215421933846,1.9777529181559241,-1.4912463226655415,0.7526774068770612,2.049318989914567,1.2765938761615636,1.572409762644023,1.3783101875984967,2.4849066497880004,-0.1906839947329167,0.6488611713665944,Low,0,0,1.9186717253458239,1.9778779848704824,2.2143688048447,1.189088568749067,2.142021542193385,1.9777529181559244,-1.4912463226655417,0.7526774068770629,2.0493189899145667,1.2765938761615636,1.572409762644023,1.3783101875984973,-0.8534518760234878,-0.190683994732957,-0.6670774161687403,-1.4114878028927562,-1.6325116659989423
University of Texas at San Antonio,No,4217,3100,1686,17,46,9375,5457,4104,5376,452,1200,94.0,100,25.3,3,4329,50,0.8716551579601625,0.9468281550817569,1.2891376350663637,-0.49946894118390567,1.4020607143123587,2.019430377794626,-1.9234648853065524,-0.5981523354140666,-0.007652219861956637,1.5336102495926123,1.6789026453905742,2.5583299939044775,1.3862943611198906,-2.0986091536250866,0.7351197533791796,Low,0,0,0.871655157960163,0.9468281550817581,1.2891376350663624,-0.4994689411839057,1.4020607143123591,2.0194303777946265,-1.9234648853065526,-0.598152335414065,-0.007652219861957268,1.5336102495926123,1.6789026453905742,2.558329993904478,-2.6480466865381658,-2.098609153625127,-0.080321174839006,-1.4114878028927562,-1.6325116659989423
University of the Arts,Yes,974,704,290,5,22,1145,39,12520,3860,1300,700,16.0,59,7.5,9,11641,57,-0.48115097202065044,-0.5371343557435256,-0.4832456482685783,-1.991623129577312,-0.5213322032234615,-1.2240971271106291,0.6089823530815689,3.5120996736431955,-1.0977621251970406,-2.4531460534986365,-1.392393977623881,-1.806068754671089,2.302585092994046,0.779668648283606,0.7227926078028748,Medium,1,1,-0.4811509720206498,-0.5371343557435246,-0.4832456482685796,-1.9916231295773121,-0.521332203223461,-1.224097127110629,0.6089823530815686,3.5120996736431973,-1.0977621251970413,-2.4531460534986365,-1.392393977623881,-1.8060687546710883,-1.1512760702749985,0.7796686482835657,-0.1641740441525978,0.001818927581047415,0.6125530498969481
University of the Pacific,Yes,2459,1997,582,36,66,2664,299,16320,5326,646,1171,87.0,94,11.2,14,13706,65,0.3904456620038149,0.5223623564831804,0.2758356198023515,0.6753287453312369,0.35864434196497275,-0.07522454097749419,1.3672277109105084,0.7291929885695793,-0.05807801673914599,0.9467727128282987,1.0656043502924986,-0.7065095991630403,2.70805020110221,1.1232692570040024,0.8121187474583164,High,2,1,0.39044566200381553,0.5223623564831816,0.2758356198023502,0.675328745331237,0.3586443419649733,-0.07522454097749395,1.3672277109105082,0.7291929885695809,-0.05807801673914662,0.9467727128282987,1.0656043502924986,-0.7065095991630398,-0.488944521318963,1.123269257003962,0.44344862635541926,1.4151256580548508,0.6125530498969481
University of the South,Yes,1445,966,326,46,83,1129,24,15350,4080,450,810,89.0,93,10.3,52,18784,82,-0.10271960516114562,-0.20751636630102238,-0.3499958886795415,1.1106782881401163,-0.5374191334014482,-1.4654695858923672,1.185764864906594,-0.6142542982610626,-0.8068585572048644,1.109844838622803,0.9692990979140862,-0.9589736432806009,3.970291913552122,1.706246032387804,0.6685121107266436,High,2,1,-0.10271960516114502,-0.20751636630102133,-0.3499958886795428,1.1106782881401165,-0.5374191334014476,-1.465469585892367,1.1857648649065937,-0.6142542982610609,-0.8068585572048651,1.109844838622803,0.9692990979140862,-0.9589736432806003,1.5729406861767377,1.7062460323877635,-0.5334059477945123,1.4151256580548508,0.6125530498969481
University of Tulsa,Yes,1712,1557,696,41,68,2936,433,11750,4160,1200,2350,94.0,96,11.5,10,11743,47,0.056638025513930636,0.27634751236955046,0.45802000659956593,0.9029060992795953,0.4499055082720682,0.15962811472572183,0.43741250359800693,3.1807271510990205,1.4140785994451384,1.5336102495926123,1.2632379969775114,-0.6241261617099947,2.3978952727983707,0.7988043253147771,0.9094626168224299,Medium,1,1,0.05663802551393124,0.2763475123695516,0.45802000659956466,0.9029060992795954,0.44990550827206877,0.15962811472572208,0.43741250359800665,3.1807271510990223,1.4140785994451377,1.5336102495926123,1.2632379969775114,-0.6241261617099941,-0.9955858819980911,0.7988043253147368,1.105610252154537,0.001818927581047415,0.6125530498969481
University of Utah,No,5095,4491,2400,27,53,13894,8374,6857,3975,858,3093,89.0,93,12.8,9,9275,37,1.035973463780244,1.2947208755393336,1.5905933518007291,0.19803987368047163,1.6735726550933971,2.382351216705923,-0.8773794311609284,1.8284530512632162,2.015924126890298,1.109844838622803,0.9692990979140862,-0.2763826353397781,2.302585092994046,0.24802714923234923,0.8814524043179588,Low,0,0,1.0359734637802447,1.294720875539335,1.5905933518007278,0.19803987368047166,1.6735726550933976,2.3823512167059233,-0.8773794311609288,1.8284530512632178,2.0159241268902974,1.109844838622803,0.9692990979140862,-0.27638263533977747,-1.1512760702749985,0.24802714923230892,0.9150765495999008,-1.4114878028927562,-1.6325116659989423
University of Vermont,No,7663,6008,1735,18,51,7353,1674,15516,4928,500,990,87.0,90,9.9,10,12646,79,1.3829504306508018,1.561670375938778,1.3142087308444306,-0.4176946998854468,1.2223356593610515,1.0940859297641898,1.2173431840931406,-0.22919460362735344,-0.4017265651799098,0.9467727128282987,0.6902976719925955,-1.0739217798372562,2.3978952727983707,0.9577060506819689,0.7840271434164165,High,2,0,1.3829504306508025,1.5616703759387793,1.3142087308444292,-0.41769469988544683,1.222335659361052,1.09408592976419,1.2173431840931404,-0.2291946036273518,-0.4017265651799104,0.9467727128282987,0.6902976719925955,-1.0739217798372556,-0.9955858819980911,0.9577060506819286,0.25236127462798846,1.4151256580548508,-1.6325116659989423
University of Virginia,No,15849,5384,2678,74,95,11278,114,12212,3792,500,1000,90.0,92,9.5,22,13597,95,1.9758035359005222,1.4617093102136884,1.6808889467116874,2.037039963021105,1.5325199694729212,-0.6479423263493433,0.5412098077298565,-0.22919460362735344,-0.3812772018018639,1.1927597836517578,0.8746535950171559,-1.1906916694765612,3.1354942159291497,1.107167170103912,0.3397059751403874,Medium,1,0,1.9758035359005228,1.4617093102136898,1.680888946711686,2.0370399630211056,1.5325199694729217,-0.6479423263493431,0.5412098077298562,-0.2291946036273518,-0.38127720180186453,1.1927597836517578,0.8746535950171559,-1.1906916694765606,0.20928980457225407,1.1071671701038717,-2.770041975669376,0.001818927581047415,-1.6325116659989423
University of Washington,No,12749,7025,3343,40,81,20356,4582,8199,4218,708,2172,96.0,94,9.0,10,16527,65,1.8015159477585467,1.702916669368383,1.8590379169331195,0.8591123720558881,1.9157010921330968,1.875677118977353,-0.4676698588996491,1.079777586669213,1.2437709649949305,1.7095488044453089,1.0656043502924986,-1.3393806834015403,2.3978952727983707,1.481410660366484,0.5510236096948781,Medium,1,0,1.8015159477585474,1.7029166693683844,1.8590379169331182,0.8591123720558882,1.9157010921330972,1.8756771189773531,-0.4676698588996494,1.0797775866692145,1.2437709649949298,1.7095488044453089,1.0656043502924986,-1.3393806834015396,-0.9955858819980911,1.4814106603664436,-1.3325972822266665,0.001818927581047415,-1.6325116659989423
University of West Florida,No,1558,1254,472,20,57,3754,2477,6172,3994,541,1387,83.0,87,23.4,12,8488,53,-0.03171068739404964,0.058951366533757286,0.0560184640133662,-0.2637884142137961,0.6721375628293513,1.389026771334981,-1.1071315738160603,0.0622704821654101,0.2927436015646531,0.6316618234008086,0.4259346495311623,2.1705775472374214,2.5649493574615367,0.02211945202535286,0.8048780487804879,Low,0,0,-0.03171068739404904,0.058951366533758376,0.05601846401336494,-0.2637884142137962,0.6721375628293519,1.3890267713349813,-1.1071315738160605,0.06227048216541173,0.2927436015646525,0.6316618234008086,0.42593464953116233,2.170577547237422,-0.7227012651918747,0.022119452025312555,0.3941952646414049,-1.4114878028927562,-1.6325116659989423
University of Wisconsin-Stout,No,2593,1966,1030,9,32,6038,579,6704,2592,376,1750,78.0,78,21.0,17,6254,65,0.4386268984316075,0.5070221794789056,0.8401679968329354,-1.3330274833513367,1.0693830322132563,0.3500261225173064,-0.9273407935340333,-1.258919395599485,0.7817410839239779,0.25846780349494175,-0.28237352323745246,1.6627857007207905,2.8903717578961645,-0.844724108012809,0.7581951407635943,Low,0,0,0.4386268984316081,0.5070221794789068,0.8401679968329342,-1.333027483351337,1.0693830322132567,0.35002612251730664,-0.9273407935340336,-1.2589193955994835,0.7817410839239772,0.2584678034949417,-0.2823735232374524,1.6627857007207911,-0.1911203270674524,-0.8447241080128493,0.07664439604101742,-1.4114878028927562,-1.6325116659989423
University of Wisconsin-Superior,No,910,910,342,14,53,1434,417,7032,2780,550,1960,75.0,81,15.2,15,6490,36,-0.5474611200147484,-0.26918230260411186,-0.2961222342619692,-0.768473675269448,-0.2706718100594369,0.1353539347196102,-0.8211239634243725,0.12366360034857365,1.0231952294538116,0.045592781487855547,-0.060091883356808096,0.33141144399481504,2.772588722239781,-0.7317884572654577,1.0,Low,0,0,-0.5474611200147479,-0.26918230260411086,-0.2961222342619705,-0.7684736752694481,-0.27067181005943636,0.13535393471961046,-0.8211239634243729,0.12366360034857528,1.023195229453811,0.04559278148785549,-0.06009188335680806,0.33141144399481565,-0.3835201634208818,-0.731788457265498,1.7214721572963374,-1.4114878028927562,-1.6325116659989423
University of Wisconsin-Whitewater,No,4400,3719,1472,12,38,7804,1552,6950,2500,300,1200,90.0,95,23.1,16,5559,67,0.9087588221610468,1.1188070236990069,1.168841274825434,-0.972731667786928,1.2672624946541438,1.038430181785302,-0.8473677622787216,-2.0483080496073764,-0.007652219861956637,1.1927597836517578,1.1635803366973685,2.1082507547381426,2.833213344056216,-1.219355471434843,0.8452272727272727,Low,0,0,0.9087588221610473,1.1188070236990082,1.1688412748254327,-0.9727316677869281,1.2672624946541442,1.0384301817853023,-0.8473677622787219,-2.0483080496073747,-0.007652219861957268,1.1927597836517578,1.1635803366973685,2.108250754738143,-0.28448920152158647,-1.2193554714348833,0.6686625516196788,-1.4114878028927562,-1.6325116659989423
University of Wisconsin at Green Bay,No,2409,1939,759,17,50,3819,1347,6900,2800,475,1200,81.0,89,22.2,1,5968,46,0.37174176504640544,0.4934491684164824,0.5444916308571852,-0.49946894118390567,0.6872176697671147,0.9353494207732553,-0.8634700462138201,-0.4173081667300912,-0.007652219861956637,0.47962441223420943,0.6005650532112241,1.9193527444940255,0.6931471805599453,-0.990725715274068,0.8048982980489829,Low,0,0,0.37174176504640605,0.4934491684164835,0.544491630857184,-0.4994689411839057,0.6872176697671153,0.9353494207732556,-0.8634700462138204,-0.4173081667300896,-0.007652219861957268,0.4796244122342094,0.6005650532112241,1.9193527444940262,-3.780309948096807,-0.9907257152741084,0.39433300612050926,-1.4114878028927562,-1.6325116659989423
University of Wisconsin at Madison,No,14901,10932,4631,36,80,23945,2200,9096,4290,535,1545,93.0,96,11.5,20,11006,72,1.926694345237791,2.0941613456864645,2.110048517008386,0.6753287453312369,2.012671042742242,1.298552701911596,-0.2178972462594528,0.020845503175325353,0.5186194657974309,1.4470191871641125,1.2632379969775114,-0.6241261617099947,3.044522437723423,0.6544449876927682,0.7336420374471512,Medium,1,0,1.9266943452377916,2.094161345686466,2.1100485170083845,0.675328745331237,2.0126710427422423,1.2985527019115963,-0.21789724625945311,0.02084550317532698,0.5186194657974302,1.4470191871641125,1.2632379969775114,-0.6241261617099941,0.060686441260878146,0.6544449876927279,-0.09037303316776381,0.001818927581047415,-1.6325116659989423
University of Wisconsin at Milwaukee,No,5244,3782,1930,12,37,11561,7443,8786,2964,570,1980,79.0,87,15.9,8,8094,38,1.0608181148707043,1.134566802918929,1.4064601436205675,-0.972731667786928,1.5496171257670976,2.2809320615482616,-0.3023089729644441,0.257019020518055,1.0449246393261196,0.33126661926272183,0.4259346495311623,0.5014836937996878,2.1972245773362196,-0.10352393028671025,0.721205186880244,Medium,1,0,1.060818114870705,1.1345668029189304,1.4064601436205661,-0.9727316677869281,1.549617125767098,2.280932061548262,-0.30230897296444437,0.2570190205180566,1.044924639326119,0.3312666192627218,0.42593464953116233,0.5014836937996884,-1.3233835886260938,-0.10352393028675055,-0.17497214808891226,0.001818927581047415,-1.6325116659989423
University of Wyoming,No,2029,1516,1073,23,46,7535,1488,5988,3422,600,1500,91.0,94,15.1,13,8745,45,0.21434407664867605,0.24971740532365475,0.8787352464329503,-0.05311907203067916,1.2408597144238789,1.0076373263739005,-1.1716792315197044,0.44960143907769445,0.45655088685874945,1.2765938761615636,1.0656043502924986,0.30686892312721825,2.6390573296152584,0.09933151396382889,0.7471660916707737,Low,0,0,0.21434407664867666,0.24971740532365586,0.8787352464329491,-0.05311907203067917,1.2408597144238793,1.0076373263739007,-1.1716792315197047,0.44960143907769606,0.45655088685874884,1.2765938761615636,1.0656043502924986,0.30686892312721886,-0.601645107695158,0.09933151396378859,0.001621560745622452,-1.4114878028927562,-1.6325116659989423
Upper Iowa University,Yes,663,452,192,10,35,1481,1160,8840,3060,500,1000,69.0,75,17.4,19,3733,78,-0.8607730933120695,-1.0110570163081176,-0.9723787155281268,-1.2041414384332418,-0.2357551830747438,0.8281494005815501,-0.2874658280935898,-0.22919460362735344,-0.3812772018018639,-0.3553022448597683,-0.4912534379026085,0.8564097284492161,2.995732273553991,-2.6784908500550406,0.6817496229260935,Medium,1,1,-0.860773093312069,-1.0110570163081167,-0.972378715528128,-1.204141438433242,-0.23575518307474325,0.8281494005815503,-0.28746582809359006,-0.2291946036273518,-0.38127720180186453,-0.35530224485976836,-0.49125343790260845,0.8564097284492167,-0.019012808716357025,-2.678490850055081,-0.44336049699435315,0.001818927581047415,0.6125530498969481
Ursinus College,Yes,1399,1026,308,44,77,1131,17,14900,5160,500,800,82.0,85,11.6,40,12082,79,-0.13334990565920296,-0.14555051404314176,-0.4143740774807145,1.0296888476949615,-0.5353931174319216,-1.630009843368419,1.0990167288974395,-0.22919460362735344,-0.831740799103585,0.5551832097645348,0.25767565625110594,-0.5968513856813783,3.713572066704308,0.8606032100591815,0.7333809864188706,High,2,1,-0.13334990565920235,-0.1455505140431407,-0.41437407748071575,1.0296888476949617,-0.5353931174319211,-1.6300098433684187,1.0990167288974393,-0.2291946036273518,-0.8317407991035857,0.5551832097645348,0.257675656251106,-0.5968513856813777,1.1535860970634626,0.8606032100591412,-0.09214877903067184,1.4151256580548508,0.6125530498969481
Ursuline College,Yes,325,260,86,21,47,699,717,9600,4202,450,750,39.0,69,10.5,15,7164,68,-1.5931551764561336,-1.6232735426859577,-2.018586803126805,-0.19109950858549485,-1.1161800586230661,0.49363718366196857,-0.08460505394541408,-0.6142542982610626,-0.9606431574714017,-1.8618927054997134,-0.8700943318940553,-0.9021518863751771,2.772588722239781,-0.4414034058246718,0.8,Medium,1,1,-1.593155176456133,-1.6232735426859568,-2.0185868031268064,-0.19109950858549488,-1.1161800586230657,0.4936371836619688,-0.08460505394541437,-0.6142542982610609,-0.9606431574714024,-1.8618927054997134,-0.8700943318940553,-0.9021518863751765,-0.3835201634208818,-0.4414034058247121,0.36101334232503157,0.001818927581047415,0.6125530498969481
Valley City State University,No,368,344,212,5,27,863,189,4286,2570,600,2000,39.0,41,14.9,25,4958,40,-1.4627613637733374,-1.3104087715415467,-0.8520063483370274,-1.991623129577312,-0.8542553846578109,-0.3544784434962252,-1.8419880078940958,0.44960143907769445,1.0664517666868942,-1.8618927054997134,-2.0259049331637793,0.25759334859915606,3.258096538021482,-1.6068609646884813,0.9347826086956522,Low,0,0,-1.4627613637733368,-1.3104087715415458,-0.8520063483370286,-1.9916231295773121,-0.8542553846578104,-0.354478443496225,-1.841988007894096,0.44960143907769606,1.0664517666868936,-1.8618927054997134,-2.0259049331637793,0.25759334859915667,0.4095619963667674,-1.6068609646885217,1.2778442828491725,-1.4114878028927562,-1.6325116659989423
Valparaiso University,Yes,2075,1727,520,49,81,2501,198,11800,3260,500,800,87.0,89,14.2,23,9681,95,0.23501031944848375,0.37929214612560436,0.1585204212627727,1.2273850455284776,0.2983267959225945,-0.32673037966355156,0.44877394394675324,-0.22919460362735344,-0.831740799103585,0.9467727128282987,0.6005650532112241,0.0830645638304953,3.1780538303479458,0.3533478573919834,0.832289156626506,Medium,1,1,0.23501031944848436,0.37929214612560547,0.15852042126277144,1.2273850455284778,0.29832679592259503,-0.32673037966355134,0.44877394394675296,-0.2291946036273518,-0.8317407991035857,0.9467727128282987,0.6005650532112241,0.08306456383049589,0.2788113855351543,0.3533478573919431,0.5806536811276278,0.001818927581047415,0.6125530498969481
Vanderbilt University,Yes,7791,4690,1499,71,92,5500,90,17865,6525,630,952,93.0,98,5.8,26,23850,83,1.3968170167978544,1.334833866585688,1.1850955178452969,1.9518471386888563,0.994602743580504,-0.7802129707146085,1.6421621456787274,0.6339700079371658,-0.48121934127835964,1.4470191871641125,1.467641878959388,-2.381681492310293,3.295836866004329,2.08611685722706,0.6019766397124887,High,2,1,1.396817016797855,1.3348338665856894,1.1850955178452955,1.9518471386888565,0.9946027435805046,-0.7802129707146083,1.6421621456787272,0.6339700079371675,-0.48121934127836025,1.4470191871641125,1.467641878959388,-2.3816814923102925,0.47121122188858366,2.0861168572270197,-0.9859997880418867,1.4151256580548508,0.6125530498969481
Vassar College,Yes,3550,1877,653,53,87,2164,77,18920,5950,600,800,90.0,98,9.7,39,17089,90,0.7200916930302225,0.4615011478560236,0.39364190636072605,1.374993777959597,0.1568729509183964,-0.8658275684892794,1.8210343410506775,0.44960143907769445,-0.831740799103585,1.1927597836517578,1.467641878959388,-1.1320725358242631,3.6888794541139363,1.5416579658826546,0.5287323943661972,High,2,1,0.720091693030223,0.4615011478560247,0.39364190636072477,1.3749937779595973,0.15687295091839695,-0.8658275684892792,1.8210343410506773,0.44960143907769606,-0.8317407991035857,1.1927597836517578,1.467641878959388,-1.1320725358242625,1.113250452842285,1.5416579658826142,-1.4842286841783032,1.4151256580548508,0.6125530498969481
Villanova University,Yes,7759,5588,1477,30,68,6362,1292,15925,6507,400,300,89.0,90,13.4,24,10458,96,1.393373406382177,1.495694781787955,1.17187713506665,0.36877700770497285,1.110603751955227,0.9052889887185003,1.294211823673829,-1.0385747644412713,-2.7257704667256846,1.109844838622803,0.6902976719925955,-0.12055104982347017,3.2188758248682006,0.5370655983636953,0.7201959015337028,High,2,1,1.3933734063821777,1.4956947817879562,1.1718771350666486,0.3687770077049729,1.1106037519552274,0.9052889887185005,1.2942118236738287,-1.0385747644412697,-2.725770466725685,1.109844838622803,0.6902976719925955,-0.12055104982346959,0.34549454598816776,0.537065598363655,-0.18183760382152905,1.4151256580548508,0.6125530498969481
Virginia Commonwealth University,No,4963,3497,1567,18,45,10262,5065,10217,4182,500,3630,81.0,87,8.7,11,11183,45,1.0133034099656357,1.0609056224580358,1.2245793009498493,-0.4176946998854468,1.466536318382487,1.9578089847886826,0.07245465519769034,-0.22919460362735344,2.3723291877977157,0.47962441223420943,0.4259346495311623,-1.4301380535654649,2.4849066497880004,0.6904502486773813,0.7046141446705622,Medium,1,0,1.0133034099656364,1.060905622458037,1.224579300949848,-0.41769469988544683,1.4665363183824875,1.9578089847886828,0.07245465519769005,-0.2291946036273518,2.3723291877977153,0.4796244122342094,0.42593464953116233,-1.4301380535654642,-0.8534518760234878,0.690450248677341,-0.28782929620752595,0.001818927581047415,-1.6325116659989423
Virginia State University,No,2996,2440,704,2,30,3006,338,5587,4845,500,600,61.0,63,16.0,11,5733,31,0.5688657540509311,0.7173499163277604,0.46949081709285767,-2.839672107326026,0.4717327521186592,0.0015842584992132815,-1.3170076473510204,-0.22919460362735344,-1.4016057555673218,-0.8382454790951654,-1.199238322126377,0.525539763472362,2.4849066497880004,-1.1190174526595589,0.8144192256341789,Low,0,0,0.5688657540509316,0.7173499163277616,0.4694908170928564,-2.8396721073260265,0.4717327521186598,0.0015842584992135191,-1.3170076473510206,-0.2291946036273518,-1.4016057555673225,-0.8382454790951654,-1.199238322126377,0.5255397634723625,-0.8534518760234878,-1.1190174526595993,0.4590971554204258,-1.4114878028927562,-1.6325116659989423
Virginia Tech,No,15712,11719,4277,29,53,18511,604,10260,3176,740,2200,85.0,89,13.8,20,8944,73,1.9689043682904883,2.154584143266111,2.0499542726244235,0.3133361961439687,1.8573447396880653,0.37818378023368393,0.08316552390396748,1.250372073488802,1.271398499406051,0.7873781516832565,0.6005650532112241,-0.0181691230182655,3.044522437723423,0.15675426038243345,0.7458630346232179,Medium,1,0,1.968904368290489,2.154584143266112,2.049954272624422,0.31333619614396874,1.8573447396880658,0.37818378023368415,0.08316552390396718,1.2503720734888035,1.2713984994060503,0.7873781516832565,0.6005650532112241,-0.018169123018264913,0.060686441260878146,0.15675426038239315,-0.007242216488166713,0.001818927581047415,-1.6325116659989423
Virginia Union University,Yes,1847,1610,453,19,59,1298,67,7384,3494,500,1763,51.0,67,13.7,8,6757,30,0.12733992409959188,0.3096817631155609,0.012071541015898267,-0.33923404372499033,-0.38012559260715895,-0.9410669533097701,-0.7106961436996135,-0.22919460362735344,0.797447832390585,-1.3589412011461273,-0.9851988400469104,-0.043655143285563025,2.1972245773362196,-0.611418346184998,0.8716838115863562,Medium,1,1,0.1273399240995925,0.309681763115562,0.012071541015897006,-0.3392340437249904,-0.3801255926071584,-0.9410669533097699,-0.7106961436996139,-0.2291946036273518,0.7974478323905844,-1.3589412011461273,-0.9851988400469104,-0.04365514328556244,-1.3233835886260938,-0.6114183461850383,0.848627709142034,0.001818927581047415,0.6125530498969481
Virginia Wesleyan College,Yes,1470,900,287,20,49,1130,417,10900,5100,500,550,70.0,81,15.7,14,7804,68,-0.08650841345958996,-0.2806202877954051,-0.4952030824019439,-0.2637884142137961,-0.53640557904833,0.1353539347196102,0.2392094638614887,-0.22919460362735344,-1.5715860926720169,-0.29078845475452025,-0.060091883356808096,0.4531942340637835,2.70805020110221,-0.20219548150329775,0.6122448979591837,Medium,1,1,-0.08650841345958936,-0.2806202877954041,-0.49520308240194516,-0.2637884142137962,-0.5364055790483294,0.13535393471961046,0.2392094638614884,-0.2291946036273518,-1.5715860926720175,-0.2907884547545203,-0.06009188335680806,0.4531942340637841,-0.488944521318963,-0.20219548150333805,-0.9161520758112968,0.001818927581047415,0.6125530498969481
Viterbo College,Yes,647,518,271,17,43,1014,387,9140,3365,500,2245,51.0,65,10.7,31,8050,73,-0.8852440552385366,-0.8637322503014914,-0.5615090171957878,-0.49946894118390567,-0.6618751130817574,0.08748542507226617,-0.2060701637644889,-0.22919460362735344,1.3151251116730989,-1.3589412011461273,-1.094880026424442,-0.8457496768946355,3.4657359027997265,-0.11814128842113442,0.8006182380216383,Medium,1,1,-0.885244055238536,-0.8637322503014904,-0.561509017195789,-0.4994689411839057,-0.6618751130817568,0.0874854250722664,-0.2060701637644892,-0.2291946036273518,1.3151251116730982,-1.3589412011461273,-1.094880026424442,-0.845749676894635,0.7487430981377603,-0.11814128842117472,0.3652187791564728,0.001818927581047415,0.6125530498969481
Voorhees College,Yes,1465,1006,188,10,30,703,20,4450,2522,500,1200,75.0,43,22.9,3,5861,58,-0.08972687212285793,-0.1657653293668552,-0.9981902704814556,-1.2041414384332418,-1.108928464647617,-1.5531623993304813,-1.770494326534891,-0.22919460362735344,-0.007652219861956637,0.045592781487855547,-1.973085139428777,2.0665245144363427,1.3862943611198906,-1.048155295082992,0.6866894197952218,Low,0,1,-0.08972687212285733,-0.16576532936685415,-0.9981902704814568,-1.204141438433242,-1.1089284646476165,-1.553162399330481,-1.7704943265348911,-0.2291946036273518,-0.007652219861957268,0.04559278148785549,-1.973085139428777,2.066524514436343,-2.6480466865381658,-1.0481552950830324,-0.4097585460204871,-1.4114878028927562,0.6125530498969481
Wabash College,Yes,800,623,256,41,76,801,5,12925,4195,500,635,78.0,85,9.9,55,14904,72,-0.6740574920542752,-0.6664225878111628,-0.627906812767221,0.9029060992795953,-0.9455279390334208,-2.1706909080364514,0.6964519249248114,-0.22919460362735344,-1.2902578815838468,0.25846780349494175,0.25767565625110594,-1.0739217798372562,4.02535169073515,1.2881176774761516,0.77875,Medium,1,1,-0.6740574920542747,-0.6664225878111618,-0.6279068127672223,0.9029060992795954,-0.9455279390334203,-2.170690908036451,0.6964519249248111,-0.2291946036273518,-1.2902578815838475,0.2584678034949417,0.257675656251106,-1.0739217798372556,1.662881415422127,1.2881176774761112,0.21646459323433037,0.001818927581047415,0.6125530498969481
Wagner College,Yes,1416,1015,417,10,44,1324,117,13500,5800,585,1700,67.0,78,13.2,23,9006,75,-0.12190581744916647,-0.15661597613091463,-0.0773447433061695,-1.2041414384332418,-0.3581493036409578,-0.6332185184089396,0.817596785733177,0.3543858844935324,0.7203062079769135,-0.481566548430211,-0.28237352323745246,-0.17218743851993448,3.1780538303479458,0.1742438205151104,0.7168079096045198,High,2,1,-0.12190581744916587,-0.15661597613091358,-0.07734474330617076,-1.204141438433242,-0.35814930364095726,-0.6332185184089394,0.8175967857331766,0.35438588449353403,0.7203062079769128,-0.48156654843021107,-0.2823735232374524,-0.1721874385199339,0.2788113855351543,0.1742438205150701,-0.20488372124707263,1.4151256580548508,0.6125530498969481
Wake Forest University,Yes,5661,2392,903,75,88,3499,172,13850,4360,500,1250,95.0,97,4.3,37,41766,89,1.1265162870857708,0.6981341507130819,0.7144260313291082,2.064866071252274,0.6097476541377522,-0.4103082976918083,0.8896850314583712,-0.22919460362735344,0.0766966911087716,1.6211201473361683,1.3645882269351624,-2.9472725298534237,3.6375861597263857,2.806094117192579,0.4225401872460696,High,2,1,1.1265162870857715,0.6981341507130832,0.714426031329107,2.0648660712522746,0.6097476541377528,-0.4103082976918081,0.8896850314583709,-0.2291946036273518,0.07669669110877098,1.6211201473361683,1.3645882269351624,-2.9472725298534233,1.0294623131395182,2.8060941171925387,-2.2065793054674847,1.4151256580548508,0.6125530498969481
Walsh University,Yes,1092,890,477,27,92,847,497,8670,4180,500,1450,42.0,58,11.3,33,5738,68,-0.37032071870932903,-0.2921949665459055,0.06724492166836776,0.19803987368047163,-0.877026173159489,0.2492770523065022,-0.3343981078496482,-0.22919460362735344,0.3855304303022255,-1.7486330391850395,-1.4375163915219222,-0.6789541283407586,3.5263605246161616,-1.1162037120943,0.815018315018315,Medium,1,1,-0.3703207187093284,-0.2921949665459045,0.0672449216683665,0.19803987368047166,-0.8770261731594885,0.24927705230650246,-0.33439810784964846,-0.2291946036273518,0.3855304303022249,-1.7486330391850395,-1.4375163915219222,-0.6789541283407581,0.8477740600370556,-1.1162037120943404,0.4631723375884443,0.001818927581047415,0.6125530498969481
Warren Wilson College,Yes,440,311,112,25,49,466,7,10000,3052,400,1100,65.0,75,11.4,20,9430,63,-1.2773003039173505,-1.4224131837959848,-1.6601704710232175,0.07620224590010746,-1.6553604031105285,-2.028489116527091,0.017945366784329685,-1.0385747644412713,-0.18659120676503163,-0.6041457749675595,-0.4912534379026085,-0.6514933665420358,3.044522437723423,0.28906053367409584,0.7068181818181818,Medium,1,1,-1.2773003039173498,-1.422413183795984,-1.6601704710232188,0.07620224590010746,-1.655360403110528,-2.0284891165270906,0.017945366784329394,-1.0385747644412697,-0.18659120676503227,-0.6041457749675595,-0.49125343790260845,-0.6514933665420353,0.060686441260878146,0.28906053367405554,-0.2728367873775092,0.001818927581047415,0.6125530498969481
Wartburg College,Yes,1231,1074,345,34,66,1295,105,11600,3610,400,850,66.0,91,12.4,37,7735,67,-0.2551827892680843,-0.09870534304071148,-0.28634470937288525,0.5776799288914051,-0.3826958164347736,-0.694309287317495,0.403136443583273,-1.0385747644412713,-0.7100928488284425,-0.5433168502400174,0.7816568116943878,-0.3818525909118409,3.6375861597263857,-0.22650931344779168,0.8724614134849715,Medium,1,1,-0.2551827892680837,-0.09870534304071041,-0.28634470937288653,0.5776799288914052,-0.382695816434773,-0.6943092873174947,0.4031364435832727,-1.0385747644412697,-0.7100928488284431,-0.5433168502400174,0.7816568116943878,-0.38185259091184026,1.0294623131395182,-0.22650931344783198,0.8539171859295822,0.001818927581047415,0.6125530498969481
Washington and Jefferson College,Yes,1305,1100,334,42,64,1098,151,16260,4005,300,500,91.0,91,12.1,40,10162,86,-0.1994484559364885,-0.07425664990993992,-0.3226869377964278,0.9459121453121648,-0.5693932963808912,-0.486589626283788,1.3562120356262088,-2.0483080496073764,-1.7565250578392297,1.2765938761615636,0.7816568116943878,-0.4618260387652622,3.713572066704308,0.4696365180286613,0.842911877394636,High,2,1,-0.19944845593648788,-0.07425664990993885,-0.3226869377964291,0.9459121453121649,-0.5693932963808906,-0.48658962628378777,1.3562120356262086,-2.0483080496073747,-1.7565250578392304,1.2765938761615636,0.7816568116943878,-0.46182603876526157,1.1535860970634626,0.469636518028621,0.6529125516675338,1.4151256580548508,0.6125530498969481
Washington and Lee University,Yes,3315,1096,425,68,93,1584,3,13750,4619,680,1115,81.0,96,9.6,45,15736,90,0.6592714150985837,-0.07797752143874237,-0.056724244689151,1.8639323064397801,-0.16374747487930594,-2.3777403148239418,0.8692117031856893,0.9249045664655752,-0.1588132541781993,0.47962441223420943,1.2632379969775114,-1.161322711796831,3.828641396489095,1.3910484985716725,0.3306184012066365,High,2,1,0.6592714150985842,-0.0779775214387413,-0.05672424468915226,1.8639323064397804,-0.16374747487930538,-2.3777403148239413,0.869211703185689,0.9249045664655768,-0.15881325417819994,0.4796244122342094,1.2632379969775114,-1.1613227117968303,1.341553066130896,1.391048498571632,-2.83185832599375,1.4151256580548508,0.6125530498969481
Washington College,Yes,1209,942,214,31,60,822,46,15276,5318,500,300,79.0,86,11.2,37,10830,65,-0.2724478738453962,-0.23346398716476077,-0.8406946366679483,0.4228593760746721,-0.9136760230522228,-1.1393532694354787,1.171615468195069,-0.22919460362735344,-2.7257704667256846,0.33126661926272183,0.3410143789166372,-0.7065095991630403,3.6375861597263857,0.6177465429589026,0.7791563275434243,High,2,1,-0.2724478738453956,-0.23346398716475972,-0.8406946366679495,0.42285937607467217,-0.9136760230522223,-1.1393532694354784,1.1716154681950688,-0.2291946036273518,-2.725770466725685,0.3312666192627218,0.3410143789166373,-0.7065095991630398,1.0294623131395182,0.6177465429588623,0.21922855267541644,1.4151256580548508,0.6125530498969481
Washington State University,No,6540,5839,2440,31,70,14445,1344,8200,4210,800,2719,84.0,87,16.9,30,10912,56,1.2494551882987501,1.5357345734881918,1.604308494229269,0.4228593760746721,1.699164971564608,0.9337385409812281,-0.4673816430927015,1.5536080293455437,1.7320652495532478,0.7090601660532498,0.4259346495311623,0.7394742565334033,3.4339872044851463,0.6349582592619684,0.8928134556574924,Medium,1,0,1.2494551882987508,1.535734573488193,1.6043084942292676,0.42285937607467217,1.6991649715646084,0.9337385409812283,-0.4673816430927018,1.5536080293455452,1.7320652495532471,0.7090601660532498,0.42593464953116233,0.7394742565334038,0.696881263144984,0.6349582592619281,0.9923577618109509,0.001818927581047415,-1.6325116659989423
Washington University,Yes,7654,5259,1254,62,93,4879,1274,18350,5775,768,1512,91.0,98,3.9,31,45702,90,1.3819661029539965,1.4401975424629052,1.0235267385298987,1.6790569287773105,0.8963345409521934,0.8952002662772095,1.7252307691704063,1.3944488434312141,0.4732693386020777,1.2765938761615636,1.467641878959388,-3.110542546594538,3.4657359027997265,2.9027458659509935,0.687091716749412,High,2,1,1.3819661029539971,1.4401975424629065,1.0235267385298974,1.6790569287773107,0.896334540952194,0.8952002662772097,1.725230769170406,1.3944488434312157,0.4732693386020771,1.2765938761615636,1.467641878959388,-3.1105425465945378,0.7487430981377603,2.902745865950953,-0.40702200383266596,1.4151256580548508,0.6125530498969481
Wayne State College,No,1373,1373,724,6,21,2754,474,2700,2660,540,1660,60.0,68,20.3,29,4550,52,-0.1511443955633072,0.1504151667069756,0.497522156913909,-1.7978331880954055,0.39005245413549405,0.21832501485130817,-2.6503845997201463,0.055394205642346685,0.66994161620873,-0.8944658348300512,-0.9283307329438812,1.5104862816404492,3.4011973816621555,-1.9139168347262456,1.0,Low,0,0,-0.15114439556330658,0.15041516670697672,0.4975221569139077,-1.7978331880954057,0.3900524541354946,0.21832501485130842,-2.6503845997201467,0.055394205642348315,0.6699416162087294,-0.8944658348300512,-0.9283307329438812,1.5104862816404498,0.643318740239679,-1.913916834726286,1.7214721572963374,-1.4114878028927562,-1.6325116659989423
Waynesburg College,Yes,1190,978,324,12,30,1280,61,8840,3620,500,1200,57.0,58,16.2,26,6563,63,-0.28763206807091013,-0.19479982689961323,-0.35694402272284825,-0.972731667786928,-0.3956567104521618,-0.9912281496306629,-0.2874658280935898,-0.22919460362735344,-0.007652219861956637,-1.057594035693021,-1.4375163915219222,0.5734771377015533,3.295836866004329,-0.6981290896887348,0.8218487394957983,Medium,1,1,-0.2876320680709095,-0.19479982689961217,-0.35694402272284953,-0.9727316677869281,-0.3956567104521612,-0.9912281496306626,-0.28746582809359006,-0.2291946036273518,-0.007652219861957268,-1.057594035693021,-1.4375163915219222,0.5734771377015538,0.47121122188858366,-0.6981290896887751,0.5096348935403838,0.001818927581047415,0.6125530498969481
Webber College,Yes,280,143,79,5,27,327,110,5590,2900,650,1952,53.0,63,15.1,4,4839,90,-1.7511134598254092,-2.312007281705324,-2.1369023248275942,-1.991623129577312,-2.167211181921215,-0.6681269626758217,-1.3158953635086674,0.7526774068770612,1.0144459357070048,-1.2621836217050806,-1.199238322126377,0.30686892312721825,1.6094379124341003,-1.692282304541442,0.5107142857142857,Low,0,1,-1.7511134598254086,-2.3120072817053234,-2.1369023248275956,-1.9916231295773121,-2.1672111819212145,-0.6681269626758215,-1.3158953635086676,0.7526774068770629,1.0144459357070041,-1.2621836217050806,-1.199238322126377,0.30686892312721886,-2.2835393318336408,-1.6922823045414823,-1.6067931579013224,-1.4114878028927562,0.6125530498969481
Webster University,Yes,665,462,226,17,44,1739,1550,9160,4340,500,500,68.0,68,20.6,14,6951,48,-0.8577588426987697,-0.9873094056209326,-0.7752895173898914,-0.49946894118390567,-0.06550616831730077,1.0374853744153685,-0.20070658045054005,-0.22919460362735344,-1.7565250578392297,-0.4188949777661247,-0.9283307329438812,1.5760036933158947,2.70805020110221,-0.5284644765237001,0.6947368421052632,Medium,1,1,-0.8577588426987691,-0.9873094056209316,-0.7752895173898926,-0.4994689411839057,-0.06550616831730022,1.0374853744153687,-0.20070658045054035,-0.2291946036273518,-1.7565250578392304,-0.4188949777661248,-0.9283307329438812,1.5760036933158954,-0.488944521318963,-0.5284644765237404,-0.3550176129230242,0.001818927581047415,0.6125530498969481
Wellesley College,Yes,2895,1249,579,80,96,2195,156,18345,5995,500,700,94.0,98,10.6,51,21409,91,0.5380730738684757,0.05490751043285541,0.2704974872473876,2.1999983407607893,0.17097389001162658,-0.4675980676605615,1.7243817950358509,-0.22919460362735344,-1.0977621251970406,1.5336102495926123,1.467641878959388,-0.8738990280930917,3.9512437185814275,1.9204222709752168,0.431433506044905,High,2,1,0.5380730738684762,0.0549075104328565,0.2704974872473863,2.1999983407607897,0.17097389001162713,-0.4675980676605613,1.7243817950358507,-0.2291946036273518,-1.0977621251970413,1.5336102495926123,1.467641878959388,-0.8738990280930912,1.5418252579254095,1.9204222709751764,-2.1460843356963566,1.4151256580548508,0.6125530498969481
Wells College,Yes,318,240,130,40,85,416,19,14900,5550,600,500,93.0,98,8.3,42,13935,69,-1.6161258492289081,-1.7138432821428822,-1.4642685965117601,0.8591123720558881,-1.81506551206156,-1.5775499650882299,1.0990167288974395,0.44960143907769445,-1.7565250578392297,1.4470191871641125,1.467641878959388,-1.5530655010797432,3.7612001156935624,1.156463651132521,0.7547169811320755,High,2,1,-1.6161258492289075,-1.7138432821428813,-1.4642685965117614,0.8591123720558882,-1.8150655120615595,-1.5775499650882296,1.0990167288974393,0.44960143907769606,-1.7565250578392304,1.4470191871641125,1.467641878959388,-1.5530655010797425,1.231387019584252,1.1564636511324806,0.052984931388132164,1.4151256580548508,0.6125530498969481
Wentworth Institute of Technology,Yes,1480,1257,452,6,25,2961,572,9850,6050,850,920,10.0,68,15.4,8,17858,64,-0.08010658099120234,0.061369413965073845,0.009699900467654704,-1.7978331880954055,0.4577730953535444,0.3419456575150515,-0.02018967835263675,1.791524160627867,-0.550473254202004,-2.526499295344521,-0.9283307329438812,0.38030884250552255,2.1972245773362196,1.619314106259666,0.8493243243243244,Medium,1,1,-0.08010658099120174,0.061369413965074934,0.009699900467653443,-1.7978331880954057,0.45777309535354493,0.34194565751505174,-0.02018967835263704,1.7915241606278685,-0.5504732542020047,-2.526499295344521,-0.9283307329438812,0.38030884250552316,-1.3233835886260938,1.6193141062596257,0.6965319014226847,0.001818927581047415,0.6125530498969481
Wesley College,Yes,980,807,350,10,25,872,448,9890,4674,500,1350,52.0,57,14.4,15,6243,84,-0.4751755247768592,-0.3939929901343199,-0.27026478297894996,-1.2041414384332418,-0.8416717726840225,0.18166184939151506,-0.009983238659060829,-0.22919460362735344,0.23641393778204187,-1.3110239587515067,-1.481398373568703,0.1332649014169342,2.772588722239781,-0.850148169088464,0.823469387755102,Medium,1,1,-0.4751755247768586,-0.3939929901343189,-0.27026478297895123,-1.204141438433242,-0.8416717726840219,0.1816618493915153,-0.009983238659061122,-0.2291946036273518,0.23641393778204123,-1.3110239587515067,-1.481398373568703,0.13326490141693478,-0.3835201634208818,-0.8501481690885043,0.5206590195920723,0.001818927581047415,0.6125530498969481
Wesleyan University,Yes,4772,1973,712,60,86,2714,27,19130,5600,1400,1400,90.0,94,12.1,39,16262,92,0.9793288829315387,0.5105085856480545,0.48081225445421366,1.6144757210802627,0.37625011129995234,-1.4079726500278762,1.8558520901092599,3.821962799616442,0.3122051961280074,1.1927597836517578,1.0656043502924986,-0.4618260387652622,3.6888794541139363,1.4518937216808265,0.41345347862531434,High,2,1,0.9793288829315393,0.5105085856480557,0.4808122544542124,1.614475721080263,0.3762501112999529,-1.407972650027876,1.8558520901092597,3.821962799616444,0.3122051961280068,1.1927597836517578,1.0656043502924986,-0.46182603876526157,1.113250452842285,1.4518937216807861,-2.268389769678396,1.4151256580548508,0.6125530498969481
West Chester University of Penn.,No,6502,3539,1372,11,51,7484,1904,7844,4108,400,2000,76.0,79,15.3,16,6773,52,1.2445167132107018,1.0721560483327521,1.1054988707416573,-1.0845174670653985,1.2357243624571135,1.1897353146770417,-0.5714816336528199,-1.0385747644412713,1.0664517666868942,0.11563079124223473,-0.20978440474634713,0.35589122750062535,2.833213344056216,-0.6044383805472401,0.5442940633651184,Medium,1,0,1.2445167132107025,1.0721560483327535,1.105498870741656,-1.0845174670653988,1.235724362457114,1.189735314677042,-0.5714816336528202,-1.0385747644412697,1.0664517666868936,0.11563079124223467,-0.2097844047463471,0.35589122750062596,-0.28448920152158647,-0.6044383805472804,-1.378373635352063,0.001818927581047415,-1.6325116659989423
West Liberty State College,No,1164,1062,478,12,25,2138,227,4470,2890,600,1210,33.0,33,16.3,10,4249,60,-0.30883731053628005,-0.11020364421529619,0.06947392560761273,-0.972731667786928,0.1448551516693527,-0.24446043019929123,-1.7618946999433829,0.44960143907769445,0.009474619696732101,-2.063427107509237,-2.1983538567064675,0.5973594417391935,2.3978952727983707,-2.169094149685325,0.9123711340206185,Low,0,0,-0.30883731053627944,-0.11020364421529512,0.06947392560761147,-0.9727316677869281,0.14485515166935325,-0.24446043019929098,-1.761894699943383,0.44960143907769606,0.00947461969673147,-2.063427107509237,-2.1983538567064675,0.5973594417391941,-0.9955858819980911,-2.1690941496853653,1.1253948414583939,-1.4114878028927562,-1.6325116659989423
West Virginia Wesleyan College,Yes,1566,1400,483,28,55,1509,170,14200,3775,450,1100,58.0,81,16.4,42,8080,67,-0.0268946106013203,0.1699872861370386,0.08053884296811355,0.25645415555414425,-0.21558960617665893,-0.4172001723840956,0.960586212766258,-0.6142542982610626,-0.18659120676503163,-1.0041402352396067,-0.060091883356808096,0.621184811174139,3.7612001156935624,-0.10816158883636567,0.8939974457215837,High,2,1,-0.026894610601319695,0.1699872861370397,0.08053884296811228,0.2564541555541443,-0.21558960617665837,-0.4172001723840954,0.9605862127662577,-0.6142542982610609,-0.18659120676503227,-1.0041402352396067,-0.06009188335680806,0.6211848111741396,1.231387019584252,-0.10816158883640598,1.0004116104086083,1.4151256580548508,0.6125530498969481
Western Carolina University,No,3224,2519,1057,11,31,5000,706,6390,2380,110,1622,67.0,78,14.6,9,6554,55,0.6344668790813627,0.7481124357745543,0.8645963730756074,-1.0845174670653985,0.9166380559780785,0.48314881528904363,-1.032272349335928,-5.290979540568676,0.6210434284590448,-0.481566548430211,-0.28237352323745246,0.18319470580243435,2.302585092994046,-0.7022476044658781,0.7813275434243176,Low,0,0,0.6344668790813632,0.7481124357745556,0.8645963730756062,-1.0845174670653988,0.916638055978079,0.48314881528904385,-1.0322723493359283,-5.290979540568674,0.6210434284590441,-0.48156654843021107,-0.2823735232374524,0.18319470580243494,-1.1512760702749985,-0.7022476044659184,0.23399780159725136,-1.4114878028927562,-1.6325116659989423
Western Maryland College,Yes,1205,984,278,31,50,1071,98,14510,5340,500,1400,84.0,91,12.5,39,10026,60,-0.27562317183714835,-0.18850397148075113,-0.5319590406594228,0.4228593760746721,-0.598151614081356,-0.7329188116093822,1.0224317911050393,-0.22919460362735344,0.3122051961280074,0.7090601660532498,0.7816568116943878,-0.3553625238528725,3.6888794541139363,0.43763052628166316,0.816597510373444,High,2,1,-0.27562317183714774,-0.18850397148075007,-0.531959040659424,0.42285937607467217,-0.5981516140813554,-0.732918811609382,1.0224317911050391,-0.2291946036273518,0.3122051961280068,0.7090601660532498,0.7816568116943878,-0.35536252385287187,1.113250452842285,0.43763052628162286,0.473914488795679,1.4151256580548508,0.6125530498969481
Western Michigan University,No,9167,7191,2738,24,53,15739,4278,6940,4100,500,1700,80.0,84,24.7,11,5983,55,1.5320744308236702,1.7238802520029564,1.698959681409707,0.012544204192919125,1.7548564728566334,1.8198841403271333,-0.8505821161095759,-0.22919460362735344,0.7203062079769135,0.404985518976676,0.17590711389826053,2.437145473476329,2.4849066497880004,-0.9828016635338914,0.7844442020290171,Low,0,0,1.532074430823671,1.7238802520029577,1.6989596814097057,0.012544204192919118,1.7548564728566338,1.8198841403271335,-0.8505821161095762,-0.2291946036273518,0.7203062079769128,0.40498551897667595,0.17590711389826055,2.4371454734763294,-0.8534518760234878,-0.9828016635339317,0.2551982299573491,-1.4114878028927562,-1.6325116659989423
Western New England College,Yes,1650,1471,409,7,21,1803,1116,8994,5500,498,2065,74.0,97,15.4,15,8409,59,0.022136219463825064,0.21958808204339061,-0.09842666462279706,-1.626781013821947,-0.028009453844680034,0.800670817894818,-0.24545987162525776,-0.24393845698499092,1.1350640321719225,-0.023524770795469573,1.3645882269351624,0.38030884250552255,2.772588722239781,-0.0023436350092241763,0.8915151515151515,Medium,1,1,0.022136219463825667,0.21958808204339172,-0.09842666462279832,-1.6267810138219472,-0.028009453844679486,0.8006708178948182,-0.24545987162525806,-0.24393845698498928,1.1350640321719219,-0.023524770795469628,1.3645882269351624,0.38030884250552316,-0.3835201634208818,-0.0023436350092644817,0.9835263152361439,0.001818927581047415,0.6125530498969481
Western State College of Colorado,No,2702,1623,604,7,24,2315,146,5918,3755,500,2050,76.0,79,19.4,4,4599,52,0.4758889995320049,0.3176789770508722,0.3140370321445562,-1.626781013821947,0.22335427209358832,-0.5061565996033315,-1.1965774389721355,-0.22919460362735344,1.1194097737230595,0.11563079124223473,-0.20978440474634713,1.3116354267818913,1.6094379124341003,-1.874830982351939,0.6006661732050333,Low,0,0,0.47588899953200553,0.31767897705087333,0.3140370321445549,-1.6267810138219472,0.22335427209358888,-0.5061565996033313,-1.1965774389721358,-0.2291946036273518,1.1194097737230588,0.11563079124223467,-0.2097844047463471,1.311635426781892,-2.2835393318336408,-1.8748309823519793,-0.9949139666008482,-1.4114878028927562,-1.6325116659989423
Western Washington University,No,5548,3563,1549,30,71,8909,506,8124,4144,639,2385,75.0,89,22.7,10,7203,61,1.1092393633368038,1.0785209506579683,1.2143228587366575,0.36877700770497285,1.3651309166625567,0.26103831822349455,-0.4893521933067248,0.6877886929545446,1.446154649103234,0.045592781487855547,0.6005650532112241,2.0246562536423705,2.3978952727983707,-0.4258940706770067,0.6422134102379236,Medium,1,0,1.1092393633368045,1.0785209506579696,1.2143228587366561,0.3687770077049729,1.3651309166625571,0.26103831822349477,-0.4893521933067251,0.6877886929545463,1.4461546491032333,0.04559278148785549,0.6005650532112241,2.024656253642371,-0.9955858819980911,-0.425894070677047,-0.7122974423053594,0.001818927581047415,-1.6325116659989423
Westfield State College,No,3100,2150,825,3,20,3234,941,5542,3788,500,1300,75.0,79,15.7,20,4222,65,0.5994305881144069,0.5945221343152752,0.6266212198794471,-2.488799584590381,0.5387467147877453,0.680712606364767,-1.333739193520609,-0.22919460362735344,0.15797762169666751,0.045592781487855547,-0.20978440474634713,0.4531942340637835,3.044522437723423,-2.193346652053129,0.6935483870967742,Low,0,0,0.5994305881144074,0.5945221343152765,0.6266212198794459,-2.4887995845903816,0.5387467147877458,0.6807126063647673,-1.3337391935206093,-0.2291946036273518,0.15797762169666688,0.04559278148785549,-0.2097844047463471,0.4531942340637841,0.060686441260878146,-2.1933466520531693,-0.3631018333855022,-1.4114878028927562,-1.6325116659989423
Westminster College MO,Yes,662,553,184,20,43,665,37,10720,4050,600,1650,66.0,70,12.5,20,7925,62,-0.8622838786335933,-0.7935487515014535,-1.0246431797147373,-0.2637884142137961,-1.1799357327066209,-1.2508324265266677,0.1959444457720112,0.44960143907769445,0.6571749645255123,-0.5433168502400174,-0.8104772611976783,-0.3553625238528725,3.044522437723423,-0.1603488697751393,0.8353474320241692,Medium,1,1,-0.8622838786335928,-0.7935487515014525,-1.0246431797147386,-0.2637884142137962,-1.1799357327066204,-1.2508324265266675,0.1959444457720109,0.44960143907769606,0.6571749645255116,-0.5433168502400174,-0.8104772611976783,-0.35536252385287187,0.060686441260878146,-0.1603488697751796,0.6014569697444312,0.001818927581047415,0.6125530498969481
Westminster College,Yes,996,866,377,29,58,1411,72,12065,3615,430,685,62.0,78,12.5,41,8596,80,-0.4594309119739132,-0.32055127375587944,-0.18778117862096239,0.3133361961439687,-0.2882709563123119,-0.9022691057091234,0.5084675326989632,-0.7787983205995127,-1.1406685836359645,-0.7811031790800594,-0.28237352323745246,-0.3553625238528725,3.7376696182833684,0.05500012489734466,0.8694779116465864,Medium,1,1,-0.4594309119739126,-0.32055127375587844,-0.18778117862096363,0.31333619614396874,-0.28827095631231137,-0.9022691057091232,0.5084675326989628,-0.778798320599511,-1.1406685836359651,-0.7811031790800594,-0.2823735232374524,-0.35536252385287187,1.1929497028195202,0.05500012489730435,0.8336225290520114,0.001818927581047415,0.6125530498969481
Westminster College of Salt Lake City,Yes,917,720,213,21,60,979,743,8820,4050,600,2025,68.0,83,10.5,34,7170,50,-0.5399686014731678,-0.5134828753060905,-0.8463351788191744,-0.19109950858549485,-0.703208069122786,0.5178627610297704,-0.2929563256461898,0.44960143907769445,1.0930821131470418,-0.4188949777661247,0.09569733284866454,-0.9021518863751771,3.5553480614894135,-0.43900888778025504,0.7851690294438386,Medium,1,1,-0.5399686014731673,-0.5134828753060895,-0.8463351788191756,-0.19109950858549488,-0.7032080691227854,0.5178627610297706,-0.29295632564619006,0.44960143907769606,1.0930821131470412,-0.4188949777661248,0.09569733284866458,-0.9021518863751765,0.8951255085680089,-0.43900888778029534,0.2601287191864829,0.001818927581047415,0.6125530498969481
Westmont College,No,950,713,351,42,72,1276,9,14320,5304,490,1410,77.0,77,14.9,17,8837,87,-0.5054541115991723,-0.5237605422245618,-0.26708059183727545,0.9459121453121648,-0.39914424160091805,-1.9191497251245841,0.9846306621540174,-0.3034345771957162,0.32706212458833717,0.18658916323670852,-0.35347352257287784,0.25759334859915606,2.8903717578961645,0.12612656938276146,0.7505263157894737,High,2,0,-0.5054541115991718,-0.5237605422245608,-0.2670805918372767,0.9459121453121649,-0.3991442416009175,-1.919149725124584,0.9846306621540171,-0.3034345771957146,0.32706212458833656,0.18658916323670846,-0.3534735225728778,0.25759334859915667,-0.1911203270674524,0.12612656938272115,0.024478793358445206,1.4151256580548508,-1.6325116659989423
Wheaton College IL,Yes,1432,920,548,56,84,2200,56,11480,4200,530,1400,81.0,83,12.7,40,11916,85,-0.11126875844418851,-0.25787792088565736,0.21339520968876857,1.4803479884652575,0.1732254972963133,-1.0365500942946195,0.37550535122871215,-0.013985659270390745,0.3122051961280074,0.47962441223420943,0.09569733284866454,-0.3026284436876273,3.713572066704308,0.8306806420581822,0.6424581005586593,Medium,1,1,-0.11126875844418792,-0.25787792088565636,0.21339520968876732,1.4803479884652577,0.17322549729631387,-1.0365500942946193,0.37550535122871187,-0.013985659270389118,0.3122051961280068,0.4796244122342094,0.09569733284866458,-0.3026284436876267,1.1535860970634626,0.8306806420581418,-0.7106329867864442,0.001818927581047415,0.6125530498969481
Westminster College PA,Yes,1738,1373,417,21,55,1335,30,18460,5970,700,850,92.0,96,13.2,41,22704,71,0.07070951135356304,0.1504151667069756,-0.0773447433061695,-0.19109950858549485,-0.34900943881310126,-1.3559697713457746,1.7438698760769915,1.0360807079976635,-0.7100928488284425,1.3613470368188663,1.2632379969775114,-0.17218743851993448,3.7376696182833684,2.0117510161231524,0.7899884925201381,High,2,1,0.07070951135356364,0.15041516670697672,-0.07734474330617076,-0.19109950858549488,-0.3490094388131007,-1.3559697713457743,1.7438698760769913,1.036080707997665,-0.7100928488284431,1.3613470368188663,1.2632379969775114,-0.1721874385199339,1.1929497028195202,2.011751016123112,0.2929121243143851,1.4151256580548508,0.6125530498969481
Wheeling Jesuit College,Yes,903,755,213,15,49,971,305,10500,4545,600,600,66.0,71,14.1,27,7494,72,-0.5550157239465556,-0.4636475457337878,-0.8463351788191744,-0.6744109272506594,-0.7129088773909941,-0.06284045653180402,0.1424118724317926,0.44960143907769445,-1.4016057555673218,-0.5433168502400174,-0.7494672137091747,0.0578612934555406,3.332204510175204,-0.3141256324189976,0.8361018826135105,Medium,1,1,-0.5550157239465551,-0.4636475457337868,-0.8463351788191756,-0.6744109272506595,-0.7129088773909935,-0.06284045653180378,0.1424118724317923,0.44960143907769606,-1.4016057555673225,-0.5433168502400174,-0.7494672137091747,0.05786129345554118,0.5306181538634841,-0.3141256324190379,0.6065889645180796,0.001818927581047415,0.6125530498969481
Whitman College,Yes,1861,998,359,45,77,1220,46,16670,4900,750,800,80.0,83,10.5,51,13198,72,0.13435266957470868,-0.1739718598411333,-0.2419778465266684,1.0705183742130715,-0.4494154236436975,-1.1393532694354787,1.43096131592973,1.302364976162053,-0.831740799103585,0.404985518976676,0.09569733284866454,-0.9021518863751771,3.9512437185814275,1.0464841311853095,0.5362708221386352,High,2,1,0.1343526695747093,-0.17397185984113225,-0.24197784652666965,1.0705183742130717,-0.44941542364369697,-1.1393532694354784,1.4309613159297299,1.3023649761620546,-0.8317407991035857,0.40498551897667595,0.09569733284866458,-0.9021518863751765,1.5418252579254095,1.046484131185269,-1.4329500816081144,1.4151256580548508,0.6125530498969481
Whittier College,Yes,1681,1069,344,35,63,1235,30,16249,5699,500,1998,84.0,92,13.6,29,11778,52,0.039557771850669034,-0.1034795259520144,-0.2895929518687908,0.6270233788095004,-0.4356781996188606,-1.3559697713457746,1.354189599847541,-0.22919460362735344,1.0643080452524982,0.7090601660532498,0.8746535950171559,-0.06921364143108524,3.4011973816621555,0.8053115233502969,0.635930993456276,High,2,1,0.03955777185066964,-0.10347952595201333,-0.2895929518687921,0.6270233788095005,-0.43567819961886006,-1.3559697713457743,1.3541895998475408,-0.2291946036273518,1.0643080452524976,0.7090601660532498,0.8746535950171559,-0.06921364143108466,0.643318740239679,0.8053115233502566,-0.7550322887549397,1.4151256580548508,0.6125530498969481
Whitworth College,Yes,1121,926,372,43,70,1270,160,12660,4500,678,2424,80.0,80,16.9,20,8328,80,-0.3450479451380306,-0.25115817455506617,-0.20253144575719015,0.9881629366230463,-0.4044006020715584,-0.45279577970094953,0.6394261943177687,0.9136308365994197,1.4813871223033475,0.404985518976676,-0.1356944211524122,0.7394742565334033,3.044522437723423,-0.027796847380029743,0.8260481712756468,Medium,1,1,-0.34504794513803,-0.2511581745550652,-0.2025314457571914,0.9881629366230464,-0.40440060207155787,-0.4527957797009493,0.6394261943177684,0.9136308365994213,1.4813871223033468,0.40498551897667595,-0.13569442115241218,0.7394742565334038,0.060686441260878146,-0.027796847380070048,0.5382006634542115,0.001818927581047415,0.6125530498969481
Widener University,Yes,2139,1492,502,24,64,2186,2171,12350,5370,500,1350,88.0,86,12.6,19,9603,63,0.26296004294084696,0.2337693072250593,0.12141192110979515,0.012544204192919125,0.1669051989641792,1.2884950889424895,0.5717126512542592,-0.22919460362735344,0.23641393778204187,1.0278491213014884,0.3410143789166372,-0.32895477682173246,2.995732273553991,0.33364788583962707,0.6975222066386162,Medium,1,1,0.26296004294084757,0.2337693072250604,0.12141192110979389,0.012544204192919118,0.16690519896417977,1.2884950889424898,0.5717126512542589,-0.2291946036273518,0.23641393778204123,1.0278491213014884,0.3410143789166373,-0.32895477682173185,-0.019012808716357025,0.33364788583958677,-0.33607074426148165,0.001818927581047415,0.6125530498969481
Wilkes University,Yes,1631,1431,434,15,36,1803,603,11150,5130,550,1260,78.0,92,13.3,24,8543,67,0.01128404974854003,0.19196730226027767,-0.03405472999721018,-0.6744109272506594,-0.028009453844680034,0.3770778172558809,0.298527976331629,0.12366360034857365,0.09319079534349296,0.25846780349494175,0.8746535950171559,-0.14633148248231995,3.2188758248682006,0.03894435293751084,0.8773758430410791,Medium,1,1,0.011284049748540633,0.19196730226027878,-0.034054729997211444,-0.6744109272506595,-0.028009453844679486,0.37707781725588113,0.2985279763316287,0.12366360034857528,0.09319079534349234,0.2584678034949417,0.8746535950171559,-0.14633148248231936,0.34549454598816776,0.03894435293747053,0.8873465809803923,0.001818927581047415,0.6125530498969481
Willamette University,Yes,1658,1327,395,49,80,1595,159,14800,4620,400,790,91.0,94,13.3,37,10779,68,0.02666551063609317,0.11610279831082491,-0.13649015834151082,1.2273850455284776,-0.15639585241063217,-0.45646481674149725,1.0795063249243446,-1.0385747644412713,-0.8569127059428367,1.2765938761615636,1.0656043502924986,-0.14633148248231995,3.6375861597263857,0.6069399664301677,0.8003618817852834,High,2,1,0.026665510636093775,0.11610279831082601,-0.13649015834151207,1.2273850455284778,-0.15639585241063161,-0.456464816741497,1.0795063249243444,-1.0385747644412697,-0.8569127059428374,1.2765938761615636,1.0656043502924986,-0.14633148248231936,1.0294623131395182,0.6069399664301274,0.36347496864886336,1.4151256580548508,0.6125530498969481
William Jewell College,Yes,663,547,315,32,67,1279,75,10060,2970,500,2600,74.0,80,11.2,19,7885,59,-0.8607730933120695,-0.8052369110535439,-0.38883475053759775,0.47565884296982625,-0.3965273465781016,-0.8801407632332473,0.03309415651257141,-0.22919460362735344,1.6341274957919074,-0.023524770795469573,-0.1356944211524122,-0.7065095991630403,2.995732273553991,-0.17407282626408024,0.8250377073906485,Medium,1,1,-0.860773093312069,-0.8052369110535429,-0.388834750537599,0.4756588429698263,-0.39652734657810107,-0.8801407632332471,0.03309415651257112,-0.2291946036273518,1.6341274957919067,-0.023524770795469628,-0.13569442115241218,-0.7065095991630398,-0.019012808716357025,-0.17407282626412054,0.5313271909564313,0.001818927581047415,0.6125530498969481
William Woods University,Yes,469,435,227,17,39,851,120,10535,4365,550,3700,39.0,66,12.9,16,7438,52,-1.211636668144797,-1.0527470066805105,-0.7700207147094392,-0.49946894118390567,-0.871284611288003,-0.6188310905150496,0.15097738811113046,0.12366360034857365,2.4151341948166603,-1.8618927054997134,-1.0407110988557453,-0.250216479237428,2.833213344056216,-0.3351092920324067,0.9275053304904051,Medium,1,1,-1.2116366681447963,-1.0527470066805096,-0.7700207147094404,-0.4994689411839057,-0.8712846112880025,-0.6188310905150494,0.15097738811113015,0.12366360034857528,2.41513419481666,-1.8618927054997134,-1.0407110988557453,-0.2502164792374274,-0.28448920152158647,-0.335109292032447,1.2283420964325373,0.001818927581047415,0.6125530498969481
Williams College,Yes,4186,1245,526,81,96,1988,29,19629,5790,500,1200,94.0,99,9.0,64,22014,99,0.865199010283176,0.051659943906406276,0.17056176206817786,2.22626606918675,0.07185772335243856,-1.3727617016546403,1.9375903262235872,-0.22919460362735344,-0.007652219861956637,1.5336102495926123,1.572409762644023,-1.3393806834015403,4.174387269895637,1.9641204770237148,0.2974199713330148,High,2,1,0.8651990102831766,0.051659943906407366,0.1705617620681766,2.2262660691867504,0.07185772335243912,-1.37276170165464,1.937590326223587,-0.2291946036273518,-0.007652219861957268,1.5336102495926123,1.572409762644023,-1.3393806834015396,1.9063326126299334,1.9641204770236744,-3.0576838088176275,1.4151256580548508,0.6125530498969481
Wilson College,Yes,167,130,46,16,50,199,676,11428,5084,450,475,67.0,76,8.3,43,10291,67,-2.3123109268991824,-2.424464721610719,-2.9278471566488165,-0.5849046607537626,-2.955119910549431,0.45377706875136087,0.36347294163275595,-0.6142542982610626,-1.8555147903246894,-0.481566548430211,-0.4230962065588109,-1.5530655010797432,3.784189633918261,0.49939049764932464,0.7784431137724551,Medium,1,1,-2.312310926899182,-2.4244647216107187,-2.927847156648818,-0.5849046607537627,-2.9551199105494304,0.4537770687513611,0.3634729416327557,-0.6142542982610609,-1.85551479032469,-0.48156654843021107,-0.42309620655881086,-1.5530655010797425,1.2689406411191924,0.49939049764928434,0.2143770628670464,0.001818927581047415,0.6125530498969481
Wingate College,Yes,1239,1017,383,10,34,1207,157,7820,3400,550,1550,69.0,81,13.9,8,7264,91,-0.24898650530947167,-0.1545945660839962,-0.17037589532195735,-1.2041414384332418,-0.461488606614556,-0.4638657067274971,-0.5786103630272444,0.12366360034857365,0.525412318799351,-0.3553022448597683,-0.060091883356808096,0.007245147886748601,2.1972245773362196,-0.40189385161474894,0.8208232445520581,Medium,1,1,-0.24898650530947106,-0.15459456608399513,-0.1703758953219586,-1.204141438433242,-0.46148860661455543,-0.4638657067274969,-0.5786103630272448,0.12366360034857528,0.5254123187993504,-0.35530224485976836,-0.06009188335680806,0.007245147886749187,-1.3233835886260938,-0.40189385161478924,0.5026591753607847,0.001818927581047415,0.6125530498969481
Winona State University,No,3325,2047,1301,20,45,5800,872,4200,2700,300,1200,53.0,60,20.2,18,5318,58,0.6619525445131585,0.5465759096484903,1.0572019046590568,-0.2637884142137961,1.0373464317698233,0.6278025423878265,-1.8801988340946807,-2.0483080496073764,-0.007652219861956637,-1.2621836217050806,-1.3460179845367914,1.4885635747884411,2.9444389791664403,-1.366616074390153,0.6156390977443609,Low,0,0,0.6619525445131591,0.5465759096484916,1.0572019046590555,-0.2637884142137962,1.0373464317698238,0.6278025423878267,-1.880198834094681,-2.0483080496073747,-0.007652219861957268,-1.2621836217050806,-1.3460179845367914,1.4885635747884418,-0.10280094841912382,-1.3666160743901934,-0.8930637307237067,-1.4114878028927562,-1.6325116659989423
Winthrop University,No,2320,1805,769,24,61,3395,670,6400,3392,580,2150,71.0,80,12.8,26,6729,59,0.33739475885357234,0.42295312750218994,0.5574539045101359,0.012544204192919125,0.5826904389217379,0.44776209048702337,-1.0288789635676352,0.32217442668206625,1.221831296504819,-0.2253537109704769,-0.1356944211524122,-0.2763826353397781,3.295836866004329,-0.6236948310044765,0.7780172413793104,Low,0,0,0.33739475885357295,0.42295312750219105,0.5574539045101347,0.012544204192919118,0.5826904389217384,0.4477620904870236,-1.0288789635676354,0.32217442668206786,1.2218312965048184,-0.22535371097047696,-0.13569442115241218,-0.27638263533977747,0.47121122188858366,-0.6236948310045168,0.211480153610513,-1.4114878028927562,-1.6325116659989423
Wisconsin Lutheran College,Yes,152,128,75,17,41,282,22,9100,3700,500,1400,48.0,48,8.5,26,8960,50,-2.4168012216092647,-2.4428284754200718,-2.2100771178127765,-0.49946894118390567,-2.3931913503392037,-1.5075173179698154,-0.21682050591119023,-0.22919460362735344,0.3122051961280074,-1.4971529459749755,-1.8227310098814986,-1.491320427014306,3.295836866004329,0.16128556010863057,0.8421052631578947,Medium,1,1,-2.4168012216092642,-2.4428284754200713,-2.210077117812778,-0.4994689411839057,-2.3931913503392033,-1.5075173179698151,-0.21682050591119054,-0.2291946036273518,0.3122051961280068,-1.4971529459749755,-1.8227310098814986,-1.4913204270143052,0.47121122188858366,0.16128556010859027,0.6474257244242533,0.001818927581047415,0.6125530498969481
Wittenberg University,Yes,1979,1739,575,42,68,1980,144,15948,4404,400,800,82.0,95,12.8,29,10414,78,0.1913028189805296,0.38614486154542094,0.26333014044539704,0.9459121453121648,0.06777717653348485,-0.5141529033467143,1.298495799095605,-1.0385747644412713,-0.831740799103585,0.5551832097645348,1.1635803366973685,-0.2763826353397781,3.4011973816621555,0.5272296904965207,0.8787266296109146,High,2,1,0.1913028189805302,0.38614486154542205,0.26333014044539577,0.9459121453121649,0.0677771765334854,-0.514152903346714,1.2984957990956048,-1.0385747644412697,-0.8317407991035857,0.5551832097645348,1.1635803366973685,-0.27638263533977747,0.643318740239679,0.5272296904964804,0.8965350284607806,1.4151256580548508,0.6125530498969481
Wofford College,Yes,1501,935,273,51,83,1059,34,12680,4150,605,1440,91.0,92,15.3,42,7875,75,-0.0668124663173794,-0.24116534638736323,-0.5529771248416152,1.3022664532279353,-0.6112181958552241,-1.2934851488090782,0.6437572307305874,0.48087930371471616,0.37105468909019607,1.2765938761615636,0.8746535950171559,0.35589122750062535,3.7612001156935624,-0.17752060496306546,0.6229180546302465,Medium,1,1,-0.0668124663173788,-0.24116534638736217,-0.5529771248416164,1.3022664532279355,-0.6112181958552235,-1.293485148809078,0.6437572307305871,0.48087930371471777,0.37105468909019546,1.2765938761615636,0.8746535950171559,0.35589122750062596,1.231387019584252,-0.17752060496310576,-0.8435501254277106,0.001818927581047415,0.6125530498969481
Worcester Polytechnic Institute,Yes,2768,2314,682,49,86,2802,86,15884,5370,530,730,92.0,94,15.2,34,10774,82,0.4976756803184542,0.6660117546919917,0.4375753865508598,1.2273850455284776,0.40629620855151977,-0.8052989747267916,1.2865650797263204,-0.013985659270390745,-1.0144444682729057,1.3613470368188663,1.0656043502924986,0.33141144399481504,3.5553480614894135,0.6058762532704568,0.8359826589595376,High,2,1,0.4976756803184548,0.6660117546919929,0.43757538655085854,1.2273850455284778,0.4062962085515203,-0.8052989747267914,1.2865650797263202,-0.013985659270389118,-1.0144444682729064,1.3613470368188663,1.0656043502924986,0.33141144399481565,0.8951255085680089,0.6058762532704165,0.6057779701630772,1.4151256580548508,0.6125530498969481
Worcester State College,No,2197,1515,543,4,26,3089,2029,6797,3900,500,1200,60.0,60,21.0,14,4469,40,0.28752525648337707,0.24905830645250676,0.2038366649422811,-2.216819485276004,0.49682443185314706,1.237428064289725,-0.8968839680785266,-0.22919460362735344,-0.007652219861956637,-0.8944658348300512,-1.3460179845367914,1.6627857007207905,2.70805020110221,-1.9799723906934954,0.6895766954938553,Low,0,0,0.2875252564833777,0.24905830645250787,0.20383666494227984,-2.2168194852760044,0.4968244318531476,1.2374280642897253,-0.8968839680785269,-0.2291946036273518,-0.007652219861957268,-0.8944658348300512,-1.3460179845367914,1.6627857007207911,-0.488944521318963,-1.9799723906935358,-0.39011844764319553,-1.4114878028927562,-1.6325116659989423
Xavier University,Yes,1959,1805,695,24,47,2849,1107,11520,4960,600,1250,73.0,75,13.3,31,9189,83,0.18191090548428132,0.42295312750218994,0.4565754685833145,0.012544204192919125,0.4218761869499274,0.7949301623211533,0.38473670860264636,0.44960143907769445,0.0766966911087716,-0.09172176908837011,-0.4912534379026085,-0.14633148248231995,3.4657359027997265,0.22480100330433034,0.9213884635017866,Medium,1,1,0.18191090548428193,0.42295312750219105,0.4565754685833132,0.012544204192919118,0.42187618694992796,0.7949301623211535,0.3847367086026461,0.44960143907769606,0.07669669110877098,-0.09172176908837017,-0.49125343790260845,-0.14633148248231936,0.7487430981377603,0.22480100330429004,1.1867333683591725,0.001818927581047415,0.6125530498969481
Xavier University of Louisiana,Yes,2097,1915,695,34,61,2793,166,6900,4200,617,781,67.0,75,14.4,20,8323,49,0.24472110475517367,0.4812135351065469,0.4565754685833145,0.5776799288914051,0.40327646105349085,-0.4312059738755724,-0.8634700462138201,0.5550371333806158,-0.8798209511999466,-0.481566548430211,-0.4912534379026085,0.1332649014169342,3.044522437723423,-0.029380542782094097,0.9132093466857415,Low,0,1,0.24472110475517428,0.481213535106548,0.4565754685833132,0.5776799288914052,0.4032764610534914,-0.4312059738755722,-0.8634700462138204,0.5550371333806174,-0.8798209511999473,-0.48156654843021107,-0.49125343790260845,0.13326490141693478,0.060686441260878146,-0.0293805427821344,1.1310966105038294,-1.4114878028927562,0.6125530498969481
Yale University,Yes,10705,2453,1317,95,99,5217,83,19840,6510,630,2115,96.0,96,5.8,49,40386,99,1.6595786935250623,0.7224846746830337,1.0683467990385123,2.570900058930502,0.9515919364341747,-0.8248132324389376,1.9717424155825214,0.6339700079371658,1.1864951440470621,1.7095488044453089,1.2632379969775114,-2.381681492310293,3.912023005428146,2.768808757885069,0.22914525922466136,High,2,1,1.659578693525063,0.7224846746830349,1.068346799038511,2.5709000589305027,0.9515919364341753,-0.8248132324389373,1.9717424155825212,0.6339700079371675,1.1864951440470615,1.7095488044453089,1.2632379969775114,-2.3816814923102925,1.4777578075468099,2.7688087578850284,-3.5221084784548156,1.4151256580548508,0.6125530498969481
York College of Pennsylvania,Yes,2989,1855,691,28,63,2988,1726,4990,3560,500,1250,75.0,75,18.1,28,4509,99,0.5667677725691354,0.4498927155360245,0.45077324829741877,0.25645415555414425,0.4661796534195705,1.1167034464456522,-1.5466554499900282,-0.22919460362735344,0.0766966911087716,0.045592781487855547,-0.4912534379026085,1.0179463816947247,3.367295829986474,-1.947123625853555,0.6206088992974239,Low,0,1,0.5667677725691359,0.4498927155360256,0.4507732482974175,0.2564541555541443,0.46617965341957107,1.1167034464456524,-1.5466554499900285,-0.2291946036273518,0.07669669110877098,0.04559278148785549,-0.49125343790260845,1.0179463816947254,0.5879401964775927,-1.9471236258535953,-0.8592576790660932,-1.4114878028927562,0.6125530498969481
